gloss,count,files_names
HE,30,HE 1.npy;HE 10.npy;HE 11.npy;HE 12.npy;HE 13.npy;HE 14.npy;HE 15.npy;HE 16.npy;HE 17.npy;HE 18.npy;HE 19.npy;HE 2.npy;HE 20.npy;HE 21.npy;HE 22.npy;HE 23.npy;HE 24.npy;HE 25.npy;HE 26.npy;HE 27.npy;HE 28.npy;HE 29.npy;HE 3.npy;HE 30.npy;HE 4.npy;HE 5.npy;HE 6.npy;HE 7.npy;HE 8.npy;HE 9.npy
WE,31,WE 1.npy;WE 10.npy;WE 11.npy;WE 12.npy;WE 13.npy;WE 14.npy;WE 15.npy;WE 16.npy;WE 17.npy;WE 18.npy;WE 19.npy;WE 2.npy;WE 20.npy;WE 21.npy;WE 22.npy;WE 23.npy;WE 24.npy;WE 25.npy;WE 26.npy;WE 27.npy;WE 28.npy;WE 29.npy;WE 3.npy;WE 30.npy;WE 31.npy;WE 4.npy;WE 5.npy;WE 6.npy;WE 7.npy;WE 8.npy;WE 9.npy
THEY,58,THEY 1.npy;THEY 10.npy;THEY 11.npy;THEY 12.npy;THEY 13.npy;THEY 14.npy;THEY 15.npy;THEY 16.npy;THEY 17.npy;THEY 18.npy;THEY 19.npy;THEY 2.npy;THEY 20.npy;THEY 21.npy;THEY 22.npy;THEY 23.npy;THEY 24.npy;THEY 25.npy;THEY 26.npy;THEY 27.npy;THEY 28.npy;THEY 29.npy;THEY 3.npy;THEY 30.npy;THEY 31.npy;THEY 32.npy;THEY 33.npy;THEY 34.npy;THEY 35.npy;THEY 36.npy;THEY 37.npy;THEY 38.npy;THEY 39.npy;THEY 4.npy;THEY 40.npy;THEY 41.npy;THEY 42.npy;THEY 43.npy;THEY 44.npy;THEY 45.npy;THEY 46.npy;THEY 47.npy;THEY 48.npy;THEY 49.npy;THEY 5.npy;THEY 50.npy;THEY 51.npy;THEY 52.npy;THEY 53.npy;THEY 54.npy;THEY 55.npy;THEY 56.npy;THEY 57.npy;THEY 58.npy;THEY 6.npy;THEY 7.npy;THEY 8.npy;THEY 9.npy
WHAT,63,WHAT 1.npy;WHAT 10.npy;WHAT 11.npy;WHAT 12.npy;WHAT 13.npy;WHAT 14.npy;WHAT 15.npy;WHAT 16.npy;WHAT 17.npy;WHAT 18.npy;WHAT 19.npy;WHAT 2.npy;WHAT 20.npy;WHAT 21.npy;WHAT 22.npy;WHAT 23.npy;WHAT 24.npy;WHAT 25.npy;WHAT 26.npy;WHAT 27.npy;WHAT 28.npy;WHAT 29.npy;WHAT 3.npy;WHAT 30.npy;WHAT 31.npy;WHAT 32.npy;WHAT 33.npy;WHAT 34.npy;WHAT 35.npy;WHAT 36.npy;WHAT 37.npy;WHAT 38.npy;WHAT 39.npy;WHAT 4.npy;WHAT 40.npy;WHAT 41.npy;WHAT 42.npy;WHAT 43.npy;WHAT 44.npy;WHAT 45.npy;WHAT 46.npy;WHAT 47.npy;WHAT 48.npy;WHAT 49.npy;WHAT 5.npy;WHAT 50.npy;WHAT 51.npy;WHAT 52.npy;WHAT 53.npy;WHAT 54.npy;WHAT 55.npy;WHAT 56.npy;WHAT 57.npy;WHAT 58.npy;WHAT 59.npy;WHAT 6.npy;WHAT 60.npy;WHAT 61.npy;WHAT 62.npy;WHAT 63.npy;WHAT 7.npy;WHAT 8.npy;WHAT 9.npy
WHEN,31,WHEN 1.npy;WHEN 10.npy;WHEN 11.npy;WHEN 12.npy;WHEN 13.npy;WHEN 14.npy;WHEN 15.npy;WHEN 16.npy;WHEN 17.npy;WHEN 18.npy;WHEN 19.npy;WHEN 2.npy;WHEN 20.npy;WHEN 21.npy;WHEN 22.npy;WHEN 23.npy;WHEN 24.npy;WHEN 25.npy;WHEN 26.npy;WHEN 27.npy;WHEN 28.npy;WHEN 29.npy;WHEN 3.npy;WHEN 30.npy;WHEN 31.npy;WHEN 4.npy;WHEN 5.npy;WHEN 6.npy;WHEN 7.npy;WHEN 8.npy;WHEN 9.npy
WHERE,31,WHERE 1.npy;WHERE 10.npy;WHERE 11.npy;WHERE 12.npy;WHERE 13.npy;WHERE 14.npy;WHERE 15.npy;WHERE 16.npy;WHERE 17.npy;WHERE 18.npy;WHERE 19.npy;WHERE 2.npy;WHERE 20.npy;WHERE 21.npy;WHERE 22.npy;WHERE 23.npy;WHERE 24.npy;WHERE 25.npy;WHERE 26.npy;WHERE 27.npy;WHERE 28.npy;WHERE 29.npy;WHERE 3.npy;WHERE 30.npy;WHERE 31.npy;WHERE 4.npy;WHERE 5.npy;WHERE 6.npy;WHERE 7.npy;WHERE 8.npy;WHERE 9.npy
HOW,62,HOW 1.npy;HOW 10.npy;HOW 11.npy;HOW 12.npy;HOW 13.npy;HOW 14.npy;HOW 15.npy;HOW 16.npy;HOW 17.npy;HOW 18.npy;HOW 19.npy;HOW 2.npy;HOW 20.npy;HOW 21.npy;HOW 22.npy;HOW 23.npy;HOW 24.npy;HOW 25.npy;HOW 26.npy;HOW 27.npy;HOW 28.npy;HOW 29.npy;HOW 3.npy;HOW 30.npy;HOW 31.npy;HOW 32.npy;HOW 33.npy;HOW 34.npy;HOW 35.npy;HOW 36.npy;HOW 37.npy;HOW 38.npy;HOW 39.npy;HOW 4.npy;HOW 40.npy;HOW 41.npy;HOW 42.npy;HOW 43.npy;HOW 44.npy;HOW 45.npy;HOW 46.npy;HOW 47.npy;HOW 48.npy;HOW 49.npy;HOW 5.npy;HOW 50.npy;HOW 51.npy;HOW 52.npy;HOW 53.npy;HOW 54.npy;HOW 55.npy;HOW 56.npy;HOW 57.npy;HOW 58.npy;HOW 59.npy;HOW 6.npy;HOW 60.npy;HOW 61.npy;HOW 62.npy;HOW 7.npy;HOW 8.npy;HOW 9.npy
THAT,32,THAT 1.npy;THAT 10.npy;THAT 11.npy;THAT 12.npy;THAT 13.npy;THAT 14.npy;THAT 15.npy;THAT 16.npy;THAT 17.npy;THAT 18.npy;THAT 19.npy;THAT 2.npy;THAT 20.npy;THAT 21.npy;THAT 22.npy;THAT 23.npy;THAT 24.npy;THAT 25.npy;THAT 26.npy;THAT 27.npy;THAT 28.npy;THAT 29.npy;THAT 3.npy;THAT 30.npy;THAT 31.npy;THAT 32.npy;THAT 4.npy;THAT 5.npy;THAT 6.npy;THAT 7.npy;THAT 8.npy;THAT 9.npy
YES,30,YES 1.npy;YES 10.npy;YES 11.npy;YES 12.npy;YES 13.npy;YES 14.npy;YES 15.npy;YES 16.npy;YES 17.npy;YES 18.npy;YES 19.npy;YES 2.npy;YES 20.npy;YES 21.npy;YES 22.npy;YES 23.npy;YES 24.npy;YES 25.npy;YES 26.npy;YES 27.npy;YES 28.npy;YES 29.npy;YES 3.npy;YES 30.npy;YES 4.npy;YES 5.npy;YES 6.npy;YES 7.npy;YES 8.npy;YES 9.npy
NOT,30,NOT 1.npy;NOT 10.npy;NOT 11.npy;NOT 12.npy;NOT 13.npy;NOT 14.npy;NOT 15.npy;NOT 16.npy;NOT 17.npy;NOT 18.npy;NOT 19.npy;NOT 2.npy;NOT 20.npy;NOT 21.npy;NOT 22.npy;NOT 23.npy;NOT 24.npy;NOT 25.npy;NOT 26.npy;NOT 27.npy;NOT 28.npy;NOT 29.npy;NOT 3.npy;NOT 30.npy;NOT 4.npy;NOT 5.npy;NOT 6.npy;NOT 7.npy;NOT 8.npy;NOT 9.npy
CAN,61,CAN 1.npy;CAN 10.npy;CAN 11.npy;CAN 12.npy;CAN 13.npy;CAN 14.npy;CAN 15.npy;CAN 16.npy;CAN 17.npy;CAN 18.npy;CAN 19.npy;CAN 2.npy;CAN 20.npy;CAN 21.npy;CAN 22.npy;CAN 23.npy;CAN 24.npy;CAN 25.npy;CAN 26.npy;CAN 27.npy;CAN 28.npy;CAN 29.npy;CAN 3.npy;CAN 30.npy;CAN 31.npy;CAN 32.npy;CAN 33.npy;CAN 34.npy;CAN 35.npy;CAN 36.npy;CAN 37.npy;CAN 38.npy;CAN 39.npy;CAN 4.npy;CAN 40.npy;CAN 41.npy;CAN 42.npy;CAN 43.npy;CAN 44.npy;CAN 45.npy;CAN 46.npy;CAN 47.npy;CAN 48.npy;CAN 49.npy;CAN 5.npy;CAN 50.npy;CAN 51.npy;CAN 52.npy;CAN 53.npy;CAN 54.npy;CAN 55.npy;CAN 56.npy;CAN 57.npy;CAN 58.npy;CAN 59.npy;CAN 6.npy;CAN 60.npy;CAN 61.npy;CAN 7.npy;CAN 8.npy;CAN 9.npy
WILL,30,WILL 1.npy;WILL 10.npy;WILL 11.npy;WILL 12.npy;WILL 13.npy;WILL 14.npy;WILL 15.npy;WILL 16.npy;WILL 17.npy;WILL 18.npy;WILL 19.npy;WILL 2.npy;WILL 20.npy;WILL 21.npy;WILL 22.npy;WILL 23.npy;WILL 24.npy;WILL 25.npy;WILL 26.npy;WILL 27.npy;WILL 28.npy;WILL 29.npy;WILL 3.npy;WILL 30.npy;WILL 4.npy;WILL 5.npy;WILL 6.npy;WILL 7.npy;WILL 8.npy;WILL 9.npy
MUST,31,MUST 1.npy;MUST 10.npy;MUST 11.npy;MUST 12.npy;MUST 13.npy;MUST 14.npy;MUST 15.npy;MUST 16.npy;MUST 17.npy;MUST 18.npy;MUST 19.npy;MUST 2.npy;MUST 20.npy;MUST 21.npy;MUST 22.npy;MUST 23.npy;MUST 24.npy;MUST 25.npy;MUST 26.npy;MUST 27.npy;MUST 28.npy;MUST 29.npy;MUST 3.npy;MUST 30.npy;MUST 31.npy;MUST 4.npy;MUST 5.npy;MUST 6.npy;MUST 7.npy;MUST 8.npy;MUST 9.npy
SHOULD,30,SHOULD 1.npy;SHOULD 10.npy;SHOULD 11.npy;SHOULD 12.npy;SHOULD 13.npy;SHOULD 14.npy;SHOULD 15.npy;SHOULD 16.npy;SHOULD 17.npy;SHOULD 18.npy;SHOULD 19.npy;SHOULD 2.npy;SHOULD 20.npy;SHOULD 21.npy;SHOULD 22.npy;SHOULD 23.npy;SHOULD 24.npy;SHOULD 25.npy;SHOULD 26.npy;SHOULD 27.npy;SHOULD 28.npy;SHOULD 29.npy;SHOULD 3.npy;SHOULD 30.npy;SHOULD 4.npy;SHOULD 5.npy;SHOULD 6.npy;SHOULD 7.npy;SHOULD 8.npy;SHOULD 9.npy
MAYBE,32,MAYBE 1.npy;MAYBE 10.npy;MAYBE 11.npy;MAYBE 12.npy;MAYBE 13.npy;MAYBE 14.npy;MAYBE 15.npy;MAYBE 16.npy;MAYBE 17.npy;MAYBE 18.npy;MAYBE 19.npy;MAYBE 2.npy;MAYBE 20.npy;MAYBE 21.npy;MAYBE 22.npy;MAYBE 23.npy;MAYBE 24.npy;MAYBE 25.npy;MAYBE 26.npy;MAYBE 27.npy;MAYBE 28.npy;MAYBE 29.npy;MAYBE 3.npy;MAYBE 30.npy;MAYBE 31.npy;MAYBE 32.npy;MAYBE 4.npy;MAYBE 5.npy;MAYBE 6.npy;MAYBE 7.npy;MAYBE 8.npy;MAYBE 9.npy
THANK YOU,31,THANK YOU 1.npy;THANK YOU 10.npy;THANK YOU 11.npy;THANK YOU 12.npy;THANK YOU 13.npy;THANK YOU 14.npy;THANK YOU 15.npy;THANK YOU 16.npy;THANK YOU 17.npy;THANK YOU 18.npy;THANK YOU 19.npy;THANK YOU 2.npy;THANK YOU 20.npy;THANK YOU 21.npy;THANK YOU 22.npy;THANK YOU 23.npy;THANK YOU 24.npy;THANK YOU 25.npy;THANK YOU 26.npy;THANK YOU 27.npy;THANK YOU 28.npy;THANK YOU 29.npy;THANK YOU 3.npy;THANK YOU 30.npy;THANK YOU 31.npy;THANK YOU 4.npy;THANK YOU 5.npy;THANK YOU 6.npy;THANK YOU 7.npy;THANK YOU 8.npy;THANK YOU 9.npy
HELLO,32,HELLO 1.npy;HELLO 10.npy;HELLO 11.npy;HELLO 12.npy;HELLO 13.npy;HELLO 14.npy;HELLO 15.npy;HELLO 16.npy;HELLO 17.npy;HELLO 18.npy;HELLO 19.npy;HELLO 2.npy;HELLO 20.npy;HELLO 21.npy;HELLO 22.npy;HELLO 23.npy;HELLO 24.npy;HELLO 25.npy;HELLO 26.npy;HELLO 27.npy;HELLO 28.npy;HELLO 29.npy;HELLO 3.npy;HELLO 30.npy;HELLO 31.npy;HELLO 32.npy;HELLO 4.npy;HELLO 5.npy;HELLO 6.npy;HELLO 7.npy;HELLO 8.npy;HELLO 9.npy
SLOW,32,SLOW 1.npy;SLOW 10.npy;SLOW 11.npy;SLOW 12.npy;SLOW 13.npy;SLOW 14.npy;SLOW 15.npy;SLOW 16.npy;SLOW 17.npy;SLOW 18.npy;SLOW 19.npy;SLOW 2.npy;SLOW 20.npy;SLOW 21.npy;SLOW 22.npy;SLOW 23.npy;SLOW 24.npy;SLOW 25.npy;SLOW 26.npy;SLOW 27.npy;SLOW 28.npy;SLOW 29.npy;SLOW 3.npy;SLOW 30.npy;SLOW 31.npy;SLOW 32.npy;SLOW 4.npy;SLOW 5.npy;SLOW 6.npy;SLOW 7.npy;SLOW 8.npy;SLOW 9.npy
DONT KNOW,31,DONT KNOW 1.npy;DONT KNOW 10.npy;DONT KNOW 11.npy;DONT KNOW 12.npy;DONT KNOW 13.npy;DONT KNOW 14.npy;DONT KNOW 15.npy;DONT KNOW 16.npy;DONT KNOW 17.npy;DONT KNOW 18.npy;DONT KNOW 19.npy;DONT KNOW 2.npy;DONT KNOW 20.npy;DONT KNOW 21.npy;DONT KNOW 22.npy;DONT KNOW 23.npy;DONT KNOW 24.npy;DONT KNOW 25.npy;DONT KNOW 26.npy;DONT KNOW 27.npy;DONT KNOW 28.npy;DONT KNOW 29.npy;DONT KNOW 3.npy;DONT KNOW 30.npy;DONT KNOW 31.npy;DONT KNOW 4.npy;DONT KNOW 5.npy;DONT KNOW 6.npy;DONT KNOW 7.npy;DONT KNOW 8.npy;DONT KNOW 9.npy
LIKE,30,LIKE 1.npy;LIKE 10.npy;LIKE 11.npy;LIKE 12.npy;LIKE 13.npy;LIKE 14.npy;LIKE 15.npy;LIKE 16.npy;LIKE 17.npy;LIKE 18.npy;LIKE 19.npy;LIKE 2.npy;LIKE 20.npy;LIKE 21.npy;LIKE 22.npy;LIKE 23.npy;LIKE 24.npy;LIKE 25.npy;LIKE 26.npy;LIKE 27.npy;LIKE 28.npy;LIKE 29.npy;LIKE 3.npy;LIKE 30.npy;LIKE 4.npy;LIKE 5.npy;LIKE 6.npy;LIKE 7.npy;LIKE 8.npy;LIKE 9.npy
DONT LIKE,31,DONT LIKE 1.npy;DONT LIKE 10.npy;DONT LIKE 11.npy;DONT LIKE 12.npy;DONT LIKE 13.npy;DONT LIKE 14.npy;DONT LIKE 15.npy;DONT LIKE 16.npy;DONT LIKE 17.npy;DONT LIKE 18.npy;DONT LIKE 19.npy;DONT LIKE 2.npy;DONT LIKE 20.npy;DONT LIKE 21.npy;DONT LIKE 22.npy;DONT LIKE 23.npy;DONT LIKE 24.npy;DONT LIKE 25.npy;DONT LIKE 26.npy;DONT LIKE 27.npy;DONT LIKE 28.npy;DONT LIKE 29.npy;DONT LIKE 3.npy;DONT LIKE 30.npy;DONT LIKE 31.npy;DONT LIKE 4.npy;DONT LIKE 5.npy;DONT LIKE 6.npy;DONT LIKE 7.npy;DONT LIKE 8.npy;DONT LIKE 9.npy
DONT WANT,31,DONT WANT 1.npy;DONT WANT 10.npy;DONT WANT 11.npy;DONT WANT 12.npy;DONT WANT 13.npy;DONT WANT 14.npy;DONT WANT 15.npy;DONT WANT 16.npy;DONT WANT 17.npy;DONT WANT 18.npy;DONT WANT 19.npy;DONT WANT 2.npy;DONT WANT 20.npy;DONT WANT 21.npy;DONT WANT 22.npy;DONT WANT 23.npy;DONT WANT 24.npy;DONT WANT 25.npy;DONT WANT 26.npy;DONT WANT 27.npy;DONT WANT 28.npy;DONT WANT 29.npy;DONT WANT 3.npy;DONT WANT 30.npy;DONT WANT 31.npy;DONT WANT 4.npy;DONT WANT 5.npy;DONT WANT 6.npy;DONT WANT 7.npy;DONT WANT 8.npy;DONT WANT 9.npy
GO,31,GO 1.npy;GO 10.npy;GO 11.npy;GO 12.npy;GO 13.npy;GO 14.npy;GO 15.npy;GO 16.npy;GO 17.npy;GO 18.npy;GO 19.npy;GO 2.npy;GO 20.npy;GO 21.npy;GO 22.npy;GO 23.npy;GO 24.npy;GO 25.npy;GO 26.npy;GO 27.npy;GO 28.npy;GO 29.npy;GO 3.npy;GO 30.npy;GO 31.npy;GO 4.npy;GO 5.npy;GO 6.npy;GO 7.npy;GO 8.npy;GO 9.npy
COME,30,COME 1.npy;COME 10.npy;COME 11.npy;COME 12.npy;COME 13.npy;COME 14.npy;COME 15.npy;COME 16.npy;COME 17.npy;COME 18.npy;COME 19.npy;COME 2.npy;COME 20.npy;COME 21.npy;COME 22.npy;COME 23.npy;COME 24.npy;COME 25.npy;COME 26.npy;COME 27.npy;COME 28.npy;COME 29.npy;COME 3.npy;COME 30.npy;COME 4.npy;COME 5.npy;COME 6.npy;COME 7.npy;COME 8.npy;COME 9.npy
NOW,30,NOW 1.npy;NOW 10.npy;NOW 11.npy;NOW 12.npy;NOW 13.npy;NOW 14.npy;NOW 15.npy;NOW 16.npy;NOW 17.npy;NOW 18.npy;NOW 19.npy;NOW 2.npy;NOW 20.npy;NOW 21.npy;NOW 22.npy;NOW 23.npy;NOW 24.npy;NOW 25.npy;NOW 26.npy;NOW 27.npy;NOW 28.npy;NOW 29.npy;NOW 3.npy;NOW 30.npy;NOW 4.npy;NOW 5.npy;NOW 6.npy;NOW 7.npy;NOW 8.npy;NOW 9.npy
LATER,32,LATER 1.npy;LATER 10.npy;LATER 11.npy;LATER 12.npy;LATER 13.npy;LATER 14.npy;LATER 15.npy;LATER 16.npy;LATER 17.npy;LATER 18.npy;LATER 19.npy;LATER 2.npy;LATER 20.npy;LATER 21.npy;LATER 22.npy;LATER 23.npy;LATER 24.npy;LATER 25.npy;LATER 26.npy;LATER 27.npy;LATER 28.npy;LATER 29.npy;LATER 3.npy;LATER 30.npy;LATER 31.npy;LATER 32.npy;LATER 4.npy;LATER 5.npy;LATER 6.npy;LATER 7.npy;LATER 8.npy;LATER 9.npy
TODAY,30,TODAY 1.npy;TODAY 10.npy;TODAY 11.npy;TODAY 12.npy;TODAY 13.npy;TODAY 14.npy;TODAY 15.npy;TODAY 16.npy;TODAY 17.npy;TODAY 18.npy;TODAY 19.npy;TODAY 2.npy;TODAY 20.npy;TODAY 21.npy;TODAY 22.npy;TODAY 23.npy;TODAY 24.npy;TODAY 25.npy;TODAY 26.npy;TODAY 27.npy;TODAY 28.npy;TODAY 29.npy;TODAY 3.npy;TODAY 30.npy;TODAY 4.npy;TODAY 5.npy;TODAY 6.npy;TODAY 7.npy;TODAY 8.npy;TODAY 9.npy
TOMORROW,30,TOMORROW 1.npy;TOMORROW 10.npy;TOMORROW 11.npy;TOMORROW 12.npy;TOMORROW 13.npy;TOMORROW 14.npy;TOMORROW 15.npy;TOMORROW 16.npy;TOMORROW 17.npy;TOMORROW 18.npy;TOMORROW 19.npy;TOMORROW 2.npy;TOMORROW 20.npy;TOMORROW 21.npy;TOMORROW 22.npy;TOMORROW 23.npy;TOMORROW 24.npy;TOMORROW 25.npy;TOMORROW 26.npy;TOMORROW 27.npy;TOMORROW 28.npy;TOMORROW 29.npy;TOMORROW 3.npy;TOMORROW 30.npy;TOMORROW 4.npy;TOMORROW 5.npy;TOMORROW 6.npy;TOMORROW 7.npy;TOMORROW 8.npy;TOMORROW 9.npy
YESTERDAY,30,YESTERDAY 1.npy;YESTERDAY 10.npy;YESTERDAY 11.npy;YESTERDAY 12.npy;YESTERDAY 13.npy;YESTERDAY 14.npy;YESTERDAY 15.npy;YESTERDAY 16.npy;YESTERDAY 17.npy;YESTERDAY 18.npy;YESTERDAY 19.npy;YESTERDAY 2.npy;YESTERDAY 20.npy;YESTERDAY 21.npy;YESTERDAY 22.npy;YESTERDAY 23.npy;YESTERDAY 24.npy;YESTERDAY 25.npy;YESTERDAY 26.npy;YESTERDAY 27.npy;YESTERDAY 28.npy;YESTERDAY 29.npy;YESTERDAY 3.npy;YESTERDAY 30.npy;YESTERDAY 4.npy;YESTERDAY 5.npy;YESTERDAY 6.npy;YESTERDAY 7.npy;YESTERDAY 8.npy;YESTERDAY 9.npy
MONTH,30,MONTH 1.npy;MONTH 10.npy;MONTH 11.npy;MONTH 12.npy;MONTH 13.npy;MONTH 14.npy;MONTH 15.npy;MONTH 16.npy;MONTH 17.npy;MONTH 18.npy;MONTH 19.npy;MONTH 2.npy;MONTH 20.npy;MONTH 21.npy;MONTH 22.npy;MONTH 23.npy;MONTH 24.npy;MONTH 25.npy;MONTH 26.npy;MONTH 27.npy;MONTH 28.npy;MONTH 29.npy;MONTH 3.npy;MONTH 30.npy;MONTH 4.npy;MONTH 5.npy;MONTH 6.npy;MONTH 7.npy;MONTH 8.npy;MONTH 9.npy
BEFORE,30,BEFORE 1.npy;BEFORE 10.npy;BEFORE 11.npy;BEFORE 12.npy;BEFORE 13.npy;BEFORE 14.npy;BEFORE 15.npy;BEFORE 16.npy;BEFORE 17.npy;BEFORE 18.npy;BEFORE 19.npy;BEFORE 2.npy;BEFORE 20.npy;BEFORE 21.npy;BEFORE 22.npy;BEFORE 23.npy;BEFORE 24.npy;BEFORE 25.npy;BEFORE 26.npy;BEFORE 27.npy;BEFORE 28.npy;BEFORE 29.npy;BEFORE 3.npy;BEFORE 30.npy;BEFORE 4.npy;BEFORE 5.npy;BEFORE 6.npy;BEFORE 7.npy;BEFORE 8.npy;BEFORE 9.npy
START,30,START 1.npy;START 10.npy;START 11.npy;START 12.npy;START 13.npy;START 14.npy;START 15.npy;START 16.npy;START 17.npy;START 18.npy;START 19.npy;START 2.npy;START 20.npy;START 21.npy;START 22.npy;START 23.npy;START 24.npy;START 25.npy;START 26.npy;START 27.npy;START 28.npy;START 29.npy;START 3.npy;START 30.npy;START 4.npy;START 5.npy;START 6.npy;START 7.npy;START 8.npy;START 9.npy
SCHOOL,30,SCHOOL 1.npy;SCHOOL 10.npy;SCHOOL 11.npy;SCHOOL 12.npy;SCHOOL 13.npy;SCHOOL 14.npy;SCHOOL 15.npy;SCHOOL 16.npy;SCHOOL 17.npy;SCHOOL 18.npy;SCHOOL 19.npy;SCHOOL 2.npy;SCHOOL 20.npy;SCHOOL 21.npy;SCHOOL 22.npy;SCHOOL 23.npy;SCHOOL 24.npy;SCHOOL 25.npy;SCHOOL 26.npy;SCHOOL 27.npy;SCHOOL 28.npy;SCHOOL 29.npy;SCHOOL 3.npy;SCHOOL 30.npy;SCHOOL 4.npy;SCHOOL 5.npy;SCHOOL 6.npy;SCHOOL 7.npy;SCHOOL 8.npy;SCHOOL 9.npy
STUDY,30,STUDY 1.npy;STUDY 10.npy;STUDY 11.npy;STUDY 12.npy;STUDY 13.npy;STUDY 14.npy;STUDY 15.npy;STUDY 16.npy;STUDY 17.npy;STUDY 18.npy;STUDY 19.npy;STUDY 2.npy;STUDY 20.npy;STUDY 21.npy;STUDY 22.npy;STUDY 23.npy;STUDY 24.npy;STUDY 25.npy;STUDY 26.npy;STUDY 27.npy;STUDY 28.npy;STUDY 29.npy;STUDY 3.npy;STUDY 30.npy;STUDY 4.npy;STUDY 5.npy;STUDY 6.npy;STUDY 7.npy;STUDY 8.npy;STUDY 9.npy
TEACH,62,TEACH 1.npy;TEACH 10.npy;TEACH 11.npy;TEACH 12.npy;TEACH 13.npy;TEACH 14.npy;TEACH 15.npy;TEACH 16.npy;TEACH 17.npy;TEACH 18.npy;TEACH 19.npy;TEACH 2.npy;TEACH 20.npy;TEACH 21.npy;TEACH 22.npy;TEACH 23.npy;TEACH 24.npy;TEACH 25.npy;TEACH 26.npy;TEACH 27.npy;TEACH 28.npy;TEACH 29.npy;TEACH 3.npy;TEACH 30.npy;TEACH 31.npy;TEACH 32.npy;TEACH 33.npy;TEACH 34.npy;TEACH 35.npy;TEACH 36.npy;TEACH 37.npy;TEACH 38.npy;TEACH 39.npy;TEACH 4.npy;TEACH 40.npy;TEACH 41.npy;TEACH 42.npy;TEACH 43.npy;TEACH 44.npy;TEACH 45.npy;TEACH 46.npy;TEACH 47.npy;TEACH 48.npy;TEACH 49.npy;TEACH 5.npy;TEACH 50.npy;TEACH 51.npy;TEACH 52.npy;TEACH 53.npy;TEACH 54.npy;TEACH 55.npy;TEACH 56.npy;TEACH 57.npy;TEACH 58.npy;TEACH 59.npy;TEACH 6.npy;TEACH 60.npy;TEACH 61.npy;TEACH 62.npy;TEACH 7.npy;TEACH 8.npy;TEACH 9.npy
STUDENT,30,STUDENT 1.npy;STUDENT 10.npy;STUDENT 11.npy;STUDENT 12.npy;STUDENT 13.npy;STUDENT 14.npy;STUDENT 15.npy;STUDENT 16.npy;STUDENT 17.npy;STUDENT 18.npy;STUDENT 19.npy;STUDENT 2.npy;STUDENT 20.npy;STUDENT 21.npy;STUDENT 22.npy;STUDENT 23.npy;STUDENT 24.npy;STUDENT 25.npy;STUDENT 26.npy;STUDENT 27.npy;STUDENT 28.npy;STUDENT 29.npy;STUDENT 3.npy;STUDENT 30.npy;STUDENT 4.npy;STUDENT 5.npy;STUDENT 6.npy;STUDENT 7.npy;STUDENT 8.npy;STUDENT 9.npy
TEACHER,31,TEACHER 1.npy;TEACHER 10.npy;TEACHER 11.npy;TEACHER 12.npy;TEACHER 13.npy;TEACHER 14.npy;TEACHER 15.npy;TEACHER 16.npy;TEACHER 17.npy;TEACHER 18.npy;TEACHER 19.npy;TEACHER 2.npy;TEACHER 20.npy;TEACHER 21.npy;TEACHER 22.npy;TEACHER 23.npy;TEACHER 24.npy;TEACHER 25.npy;TEACHER 26.npy;TEACHER 27.npy;TEACHER 28.npy;TEACHER 29.npy;TEACHER 3.npy;TEACHER 30.npy;TEACHER 31.npy;TEACHER 4.npy;TEACHER 5.npy;TEACHER 6.npy;TEACHER 7.npy;TEACHER 8.npy;TEACHER 9.npy
EAT,63,EAT 1.npy;EAT 10.npy;EAT 11.npy;EAT 12.npy;EAT 13.npy;EAT 14.npy;EAT 15.npy;EAT 16.npy;EAT 17.npy;EAT 18.npy;EAT 19.npy;EAT 2.npy;EAT 20.npy;EAT 21.npy;EAT 22.npy;EAT 23.npy;EAT 24.npy;EAT 25.npy;EAT 26.npy;EAT 27.npy;EAT 28.npy;EAT 29.npy;EAT 3.npy;EAT 30.npy;EAT 31.npy;EAT 32.npy;EAT 33.npy;EAT 34.npy;EAT 35.npy;EAT 36.npy;EAT 37.npy;EAT 38.npy;EAT 39.npy;EAT 4.npy;EAT 40.npy;EAT 41.npy;EAT 42.npy;EAT 43.npy;EAT 44.npy;EAT 45.npy;EAT 46.npy;EAT 47.npy;EAT 48.npy;EAT 49.npy;EAT 5.npy;EAT 50.npy;EAT 51.npy;EAT 52.npy;EAT 53.npy;EAT 54.npy;EAT 55.npy;EAT 56.npy;EAT 57.npy;EAT 58.npy;EAT 59.npy;EAT 6.npy;EAT 60.npy;EAT 61.npy;EAT 62.npy;EAT 63.npy;EAT 7.npy;EAT 8.npy;EAT 9.npy
WATER,30,WATER 1.npy;WATER 10.npy;WATER 11.npy;WATER 12.npy;WATER 13.npy;WATER 14.npy;WATER 15.npy;WATER 16.npy;WATER 17.npy;WATER 18.npy;WATER 19.npy;WATER 2.npy;WATER 20.npy;WATER 21.npy;WATER 22.npy;WATER 23.npy;WATER 24.npy;WATER 25.npy;WATER 26.npy;WATER 27.npy;WATER 28.npy;WATER 29.npy;WATER 3.npy;WATER 30.npy;WATER 4.npy;WATER 5.npy;WATER 6.npy;WATER 7.npy;WATER 8.npy;WATER 9.npy
SIT,31,SIT 1.npy;SIT 10.npy;SIT 11.npy;SIT 12.npy;SIT 13.npy;SIT 14.npy;SIT 15.npy;SIT 16.npy;SIT 17.npy;SIT 18.npy;SIT 19.npy;SIT 2.npy;SIT 20.npy;SIT 21.npy;SIT 22.npy;SIT 23.npy;SIT 24.npy;SIT 25.npy;SIT 26.npy;SIT 27.npy;SIT 28.npy;SIT 29.npy;SIT 3.npy;SIT 30.npy;SIT 31.npy;SIT 4.npy;SIT 5.npy;SIT 6.npy;SIT 7.npy;SIT 8.npy;SIT 9.npy
STAND,60,STAND 1.npy;STAND 10.npy;STAND 11.npy;STAND 12.npy;STAND 13.npy;STAND 14.npy;STAND 15.npy;STAND 16.npy;STAND 17.npy;STAND 18.npy;STAND 19.npy;STAND 2.npy;STAND 20.npy;STAND 21.npy;STAND 22.npy;STAND 23.npy;STAND 24.npy;STAND 25.npy;STAND 26.npy;STAND 27.npy;STAND 28.npy;STAND 29.npy;STAND 3.npy;STAND 30.npy;STAND 31.npy;STAND 32.npy;STAND 33.npy;STAND 34.npy;STAND 35.npy;STAND 36.npy;STAND 37.npy;STAND 38.npy;STAND 39.npy;STAND 4.npy;STAND 40.npy;STAND 41.npy;STAND 42.npy;STAND 43.npy;STAND 44.npy;STAND 45.npy;STAND 46.npy;STAND 47.npy;STAND 48.npy;STAND 49.npy;STAND 5.npy;STAND 50.npy;STAND 51.npy;STAND 52.npy;STAND 53.npy;STAND 54.npy;STAND 55.npy;STAND 56.npy;STAND 57.npy;STAND 58.npy;STAND 59.npy;STAND 6.npy;STAND 60.npy;STAND 7.npy;STAND 8.npy;STAND 9.npy
WALK,62,WALK 1.npy;WALK 10.npy;WALK 11.npy;WALK 12.npy;WALK 13.npy;WALK 14.npy;WALK 15.npy;WALK 16.npy;WALK 17.npy;WALK 18.npy;WALK 19.npy;WALK 2.npy;WALK 20.npy;WALK 21.npy;WALK 22.npy;WALK 23.npy;WALK 24.npy;WALK 25.npy;WALK 26.npy;WALK 27.npy;WALK 28.npy;WALK 29.npy;WALK 3.npy;WALK 30.npy;WALK 31.npy;WALK 32.npy;WALK 33.npy;WALK 34.npy;WALK 35.npy;WALK 36.npy;WALK 37.npy;WALK 38.npy;WALK 39.npy;WALK 4.npy;WALK 40.npy;WALK 41.npy;WALK 42.npy;WALK 43.npy;WALK 44.npy;WALK 45.npy;WALK 46.npy;WALK 47.npy;WALK 48.npy;WALK 49.npy;WALK 5.npy;WALK 50.npy;WALK 51.npy;WALK 52.npy;WALK 53.npy;WALK 54.npy;WALK 55.npy;WALK 56.npy;WALK 57.npy;WALK 58.npy;WALK 59.npy;WALK 6.npy;WALK 60.npy;WALK 61.npy;WALK 62.npy;WALK 7.npy;WALK 8.npy;WALK 9.npy
RUN,61,RUN 1.npy;RUN 10.npy;RUN 11.npy;RUN 12.npy;RUN 13.npy;RUN 14.npy;RUN 15.npy;RUN 16.npy;RUN 17.npy;RUN 18.npy;RUN 19.npy;RUN 2.npy;RUN 20.npy;RUN 21.npy;RUN 22.npy;RUN 23.npy;RUN 24.npy;RUN 25.npy;RUN 26.npy;RUN 27.npy;RUN 28.npy;RUN 29.npy;RUN 3.npy;RUN 30.npy;RUN 31.npy;RUN 32.npy;RUN 33.npy;RUN 34.npy;RUN 35.npy;RUN 36.npy;RUN 37.npy;RUN 38.npy;RUN 39.npy;RUN 4.npy;RUN 40.npy;RUN 41.npy;RUN 42.npy;RUN 43.npy;RUN 44.npy;RUN 45.npy;RUN 46.npy;RUN 47.npy;RUN 48.npy;RUN 49.npy;RUN 5.npy;RUN 50.npy;RUN 51.npy;RUN 52.npy;RUN 53.npy;RUN 54.npy;RUN 55.npy;RUN 56.npy;RUN 57.npy;RUN 58.npy;RUN 59.npy;RUN 6.npy;RUN 60.npy;RUN 61.npy;RUN 7.npy;RUN 8.npy;RUN 9.npy
HAVE,30,HAVE 1.npy;HAVE 10.npy;HAVE 11.npy;HAVE 12.npy;HAVE 13.npy;HAVE 14.npy;HAVE 15.npy;HAVE 16.npy;HAVE 17.npy;HAVE 18.npy;HAVE 19.npy;HAVE 2.npy;HAVE 20.npy;HAVE 21.npy;HAVE 22.npy;HAVE 23.npy;HAVE 24.npy;HAVE 25.npy;HAVE 26.npy;HAVE 27.npy;HAVE 28.npy;HAVE 29.npy;HAVE 3.npy;HAVE 30.npy;HAVE 4.npy;HAVE 5.npy;HAVE 6.npy;HAVE 7.npy;HAVE 8.npy;HAVE 9.npy
NONE,31,NONE 1.npy;NONE 10.npy;NONE 11.npy;NONE 12.npy;NONE 13.npy;NONE 14.npy;NONE 15.npy;NONE 16.npy;NONE 17.npy;NONE 18.npy;NONE 19.npy;NONE 2.npy;NONE 20.npy;NONE 21.npy;NONE 22.npy;NONE 23.npy;NONE 24.npy;NONE 25.npy;NONE 26.npy;NONE 27.npy;NONE 28.npy;NONE 29.npy;NONE 3.npy;NONE 30.npy;NONE 31.npy;NONE 4.npy;NONE 5.npy;NONE 6.npy;NONE 7.npy;NONE 8.npy;NONE 9.npy
TAKE,30,TAKE 1.npy;TAKE 10.npy;TAKE 11.npy;TAKE 12.npy;TAKE 13.npy;TAKE 14.npy;TAKE 15.npy;TAKE 16.npy;TAKE 17.npy;TAKE 18.npy;TAKE 19.npy;TAKE 2.npy;TAKE 20.npy;TAKE 21.npy;TAKE 22.npy;TAKE 23.npy;TAKE 24.npy;TAKE 25.npy;TAKE 26.npy;TAKE 27.npy;TAKE 28.npy;TAKE 29.npy;TAKE 3.npy;TAKE 30.npy;TAKE 4.npy;TAKE 5.npy;TAKE 6.npy;TAKE 7.npy;TAKE 8.npy;TAKE 9.npy
GIVE,30,GIVE 1.npy;GIVE 10.npy;GIVE 11.npy;GIVE 12.npy;GIVE 13.npy;GIVE 14.npy;GIVE 15.npy;GIVE 16.npy;GIVE 17.npy;GIVE 18.npy;GIVE 19.npy;GIVE 2.npy;GIVE 20.npy;GIVE 21.npy;GIVE 22.npy;GIVE 23.npy;GIVE 24.npy;GIVE 25.npy;GIVE 26.npy;GIVE 27.npy;GIVE 28.npy;GIVE 29.npy;GIVE 3.npy;GIVE 30.npy;GIVE 4.npy;GIVE 5.npy;GIVE 6.npy;GIVE 7.npy;GIVE 8.npy;GIVE 9.npy
SEE,31,SEE 1.npy;SEE 10.npy;SEE 11.npy;SEE 12.npy;SEE 13.npy;SEE 14.npy;SEE 15.npy;SEE 16.npy;SEE 17.npy;SEE 18.npy;SEE 19.npy;SEE 2.npy;SEE 20.npy;SEE 21.npy;SEE 22.npy;SEE 23.npy;SEE 24.npy;SEE 25.npy;SEE 26.npy;SEE 27.npy;SEE 28.npy;SEE 29.npy;SEE 3.npy;SEE 30.npy;SEE 31.npy;SEE 4.npy;SEE 5.npy;SEE 6.npy;SEE 7.npy;SEE 8.npy;SEE 9.npy
LISTEN,30,LISTEN 1.npy;LISTEN 10.npy;LISTEN 11.npy;LISTEN 12.npy;LISTEN 13.npy;LISTEN 14.npy;LISTEN 15.npy;LISTEN 16.npy;LISTEN 17.npy;LISTEN 18.npy;LISTEN 19.npy;LISTEN 2.npy;LISTEN 20.npy;LISTEN 21.npy;LISTEN 22.npy;LISTEN 23.npy;LISTEN 24.npy;LISTEN 25.npy;LISTEN 26.npy;LISTEN 27.npy;LISTEN 28.npy;LISTEN 29.npy;LISTEN 3.npy;LISTEN 30.npy;LISTEN 4.npy;LISTEN 5.npy;LISTEN 6.npy;LISTEN 7.npy;LISTEN 8.npy;LISTEN 9.npy
HEAR,60,HEAR 1.npy;HEAR 10.npy;HEAR 11.npy;HEAR 12.npy;HEAR 13.npy;HEAR 14.npy;HEAR 15.npy;HEAR 16.npy;HEAR 17.npy;HEAR 18.npy;HEAR 19.npy;HEAR 2.npy;HEAR 20.npy;HEAR 21.npy;HEAR 22.npy;HEAR 23.npy;HEAR 24.npy;HEAR 25.npy;HEAR 26.npy;HEAR 27.npy;HEAR 28.npy;HEAR 29.npy;HEAR 3.npy;HEAR 30.npy;HEAR 31.npy;HEAR 32.npy;HEAR 33.npy;HEAR 34.npy;HEAR 35.npy;HEAR 36.npy;HEAR 37.npy;HEAR 38.npy;HEAR 39.npy;HEAR 4.npy;HEAR 40.npy;HEAR 41.npy;HEAR 42.npy;HEAR 43.npy;HEAR 44.npy;HEAR 45.npy;HEAR 46.npy;HEAR 47.npy;HEAR 48.npy;HEAR 49.npy;HEAR 5.npy;HEAR 50.npy;HEAR 51.npy;HEAR 52.npy;HEAR 53.npy;HEAR 54.npy;HEAR 55.npy;HEAR 56.npy;HEAR 57.npy;HEAR 58.npy;HEAR 59.npy;HEAR 6.npy;HEAR 60.npy;HEAR 7.npy;HEAR 8.npy;HEAR 9.npy
SAD,30,SAD 1.npy;SAD 10.npy;SAD 11.npy;SAD 12.npy;SAD 13.npy;SAD 14.npy;SAD 15.npy;SAD 16.npy;SAD 17.npy;SAD 18.npy;SAD 19.npy;SAD 2.npy;SAD 20.npy;SAD 21.npy;SAD 22.npy;SAD 23.npy;SAD 24.npy;SAD 25.npy;SAD 26.npy;SAD 27.npy;SAD 28.npy;SAD 29.npy;SAD 3.npy;SAD 30.npy;SAD 4.npy;SAD 5.npy;SAD 6.npy;SAD 7.npy;SAD 8.npy;SAD 9.npy
EXCITED,30,EXCITED 1.npy;EXCITED 10.npy;EXCITED 11.npy;EXCITED 12.npy;EXCITED 13.npy;EXCITED 14.npy;EXCITED 15.npy;EXCITED 16.npy;EXCITED 17.npy;EXCITED 18.npy;EXCITED 19.npy;EXCITED 2.npy;EXCITED 20.npy;EXCITED 21.npy;EXCITED 22.npy;EXCITED 23.npy;EXCITED 24.npy;EXCITED 25.npy;EXCITED 26.npy;EXCITED 27.npy;EXCITED 28.npy;EXCITED 29.npy;EXCITED 3.npy;EXCITED 30.npy;EXCITED 4.npy;EXCITED 5.npy;EXCITED 6.npy;EXCITED 7.npy;EXCITED 8.npy;EXCITED 9.npy
BRAVE,32,BRAVE 1.npy;BRAVE 10.npy;BRAVE 11.npy;BRAVE 12.npy;BRAVE 13.npy;BRAVE 14.npy;BRAVE 15.npy;BRAVE 16.npy;BRAVE 17.npy;BRAVE 18.npy;BRAVE 19.npy;BRAVE 2.npy;BRAVE 20.npy;BRAVE 21.npy;BRAVE 22.npy;BRAVE 23.npy;BRAVE 24.npy;BRAVE 25.npy;BRAVE 26.npy;BRAVE 27.npy;BRAVE 28.npy;BRAVE 29.npy;BRAVE 3.npy;BRAVE 30.npy;BRAVE 31.npy;BRAVE 32.npy;BRAVE 4.npy;BRAVE 5.npy;BRAVE 6.npy;BRAVE 7.npy;BRAVE 8.npy;BRAVE 9.npy
SCARED,32,SCARED 1.npy;SCARED 10.npy;SCARED 11.npy;SCARED 12.npy;SCARED 13.npy;SCARED 14.npy;SCARED 15.npy;SCARED 16.npy;SCARED 17.npy;SCARED 18.npy;SCARED 19.npy;SCARED 2.npy;SCARED 20.npy;SCARED 21.npy;SCARED 22.npy;SCARED 23.npy;SCARED 24.npy;SCARED 25.npy;SCARED 26.npy;SCARED 27.npy;SCARED 28.npy;SCARED 29.npy;SCARED 3.npy;SCARED 30.npy;SCARED 31.npy;SCARED 32.npy;SCARED 4.npy;SCARED 5.npy;SCARED 6.npy;SCARED 7.npy;SCARED 8.npy;SCARED 9.npy
BORED,61,BORED 1.npy;BORED 10.npy;BORED 11.npy;BORED 12.npy;BORED 13.npy;BORED 14.npy;BORED 15.npy;BORED 16.npy;BORED 17.npy;BORED 18.npy;BORED 19.npy;BORED 2.npy;BORED 20.npy;BORED 21.npy;BORED 22.npy;BORED 23.npy;BORED 24.npy;BORED 25.npy;BORED 26.npy;BORED 27.npy;BORED 28.npy;BORED 29.npy;BORED 3.npy;BORED 30.npy;BORED 31.npy;BORED 32.npy;BORED 33.npy;BORED 34.npy;BORED 35.npy;BORED 36.npy;BORED 37.npy;BORED 38.npy;BORED 39.npy;BORED 4.npy;BORED 40.npy;BORED 41.npy;BORED 42.npy;BORED 43.npy;BORED 44.npy;BORED 45.npy;BORED 46.npy;BORED 47.npy;BORED 48.npy;BORED 49.npy;BORED 5.npy;BORED 50.npy;BORED 51.npy;BORED 52.npy;BORED 53.npy;BORED 54.npy;BORED 55.npy;BORED 56.npy;BORED 57.npy;BORED 58.npy;BORED 59.npy;BORED 6.npy;BORED 60.npy;BORED 61.npy;BORED 7.npy;BORED 8.npy;BORED 9.npy
THIRSTY,29,THIRSTY 1.npy;THIRSTY 10.npy;THIRSTY 11.npy;THIRSTY 12.npy;THIRSTY 13.npy;THIRSTY 14.npy;THIRSTY 15.npy;THIRSTY 16.npy;THIRSTY 17.npy;THIRSTY 18.npy;THIRSTY 19.npy;THIRSTY 2.npy;THIRSTY 20.npy;THIRSTY 21.npy;THIRSTY 22.npy;THIRSTY 23.npy;THIRSTY 24.npy;THIRSTY 25.npy;THIRSTY 26.npy;THIRSTY 27.npy;THIRSTY 28.npy;THIRSTY 29.npy;THIRSTY 3.npy;THIRSTY 4.npy;THIRSTY 5.npy;THIRSTY 6.npy;THIRSTY 7.npy;THIRSTY 8.npy;THIRSTY 9.npy
HOT,31,HOT 1.npy;HOT 10.npy;HOT 11.npy;HOT 12.npy;HOT 13.npy;HOT 14.npy;HOT 15.npy;HOT 16.npy;HOT 17.npy;HOT 18.npy;HOT 19.npy;HOT 2.npy;HOT 20.npy;HOT 21.npy;HOT 22.npy;HOT 23.npy;HOT 24.npy;HOT 25.npy;HOT 26.npy;HOT 27.npy;HOT 28.npy;HOT 29.npy;HOT 3.npy;HOT 30.npy;HOT 31.npy;HOT 4.npy;HOT 5.npy;HOT 6.npy;HOT 7.npy;HOT 8.npy;HOT 9.npy
COLD,31,COLD 1.npy;COLD 10.npy;COLD 11.npy;COLD 12.npy;COLD 13.npy;COLD 14.npy;COLD 15.npy;COLD 16.npy;COLD 17.npy;COLD 18.npy;COLD 19.npy;COLD 2.npy;COLD 20.npy;COLD 21.npy;COLD 22.npy;COLD 23.npy;COLD 24.npy;COLD 25.npy;COLD 26.npy;COLD 27.npy;COLD 28.npy;COLD 29.npy;COLD 3.npy;COLD 30.npy;COLD 31.npy;COLD 4.npy;COLD 5.npy;COLD 6.npy;COLD 7.npy;COLD 8.npy;COLD 9.npy
FUNNY,30,FUNNY 1.npy;FUNNY 10.npy;FUNNY 11.npy;FUNNY 12.npy;FUNNY 13.npy;FUNNY 14.npy;FUNNY 15.npy;FUNNY 16.npy;FUNNY 17.npy;FUNNY 18.npy;FUNNY 19.npy;FUNNY 2.npy;FUNNY 20.npy;FUNNY 21.npy;FUNNY 22.npy;FUNNY 23.npy;FUNNY 24.npy;FUNNY 25.npy;FUNNY 26.npy;FUNNY 27.npy;FUNNY 28.npy;FUNNY 29.npy;FUNNY 3.npy;FUNNY 30.npy;FUNNY 4.npy;FUNNY 5.npy;FUNNY 6.npy;FUNNY 7.npy;FUNNY 8.npy;FUNNY 9.npy
SERIOUS,30,SERIOUS 1.npy;SERIOUS 10.npy;SERIOUS 11.npy;SERIOUS 12.npy;SERIOUS 13.npy;SERIOUS 14.npy;SERIOUS 15.npy;SERIOUS 16.npy;SERIOUS 17.npy;SERIOUS 18.npy;SERIOUS 19.npy;SERIOUS 2.npy;SERIOUS 20.npy;SERIOUS 21.npy;SERIOUS 22.npy;SERIOUS 23.npy;SERIOUS 24.npy;SERIOUS 25.npy;SERIOUS 26.npy;SERIOUS 27.npy;SERIOUS 28.npy;SERIOUS 29.npy;SERIOUS 3.npy;SERIOUS 30.npy;SERIOUS 4.npy;SERIOUS 5.npy;SERIOUS 6.npy;SERIOUS 7.npy;SERIOUS 8.npy;SERIOUS 9.npy
SMART,31,SMART 1.npy;SMART 10.npy;SMART 11.npy;SMART 12.npy;SMART 13.npy;SMART 14.npy;SMART 15.npy;SMART 16.npy;SMART 17.npy;SMART 18.npy;SMART 19.npy;SMART 2.npy;SMART 20.npy;SMART 21.npy;SMART 22.npy;SMART 23.npy;SMART 24.npy;SMART 25.npy;SMART 26.npy;SMART 27.npy;SMART 28.npy;SMART 29.npy;SMART 3.npy;SMART 30.npy;SMART 31.npy;SMART 4.npy;SMART 5.npy;SMART 6.npy;SMART 7.npy;SMART 8.npy;SMART 9.npy
STUPID,61,STUPID 1.npy;STUPID 10.npy;STUPID 11.npy;STUPID 12.npy;STUPID 13.npy;STUPID 14.npy;STUPID 15.npy;STUPID 16.npy;STUPID 17.npy;STUPID 18.npy;STUPID 19.npy;STUPID 2.npy;STUPID 20.npy;STUPID 21.npy;STUPID 22.npy;STUPID 23.npy;STUPID 24.npy;STUPID 25.npy;STUPID 26.npy;STUPID 27.npy;STUPID 28.npy;STUPID 29.npy;STUPID 3.npy;STUPID 30.npy;STUPID 31.npy;STUPID 32.npy;STUPID 33.npy;STUPID 34.npy;STUPID 35.npy;STUPID 36.npy;STUPID 37.npy;STUPID 38.npy;STUPID 39.npy;STUPID 4.npy;STUPID 40.npy;STUPID 41.npy;STUPID 42.npy;STUPID 43.npy;STUPID 44.npy;STUPID 45.npy;STUPID 46.npy;STUPID 47.npy;STUPID 48.npy;STUPID 49.npy;STUPID 5.npy;STUPID 50.npy;STUPID 51.npy;STUPID 52.npy;STUPID 53.npy;STUPID 54.npy;STUPID 55.npy;STUPID 56.npy;STUPID 57.npy;STUPID 58.npy;STUPID 59.npy;STUPID 6.npy;STUPID 60.npy;STUPID 61.npy;STUPID 7.npy;STUPID 8.npy;STUPID 9.npy
CRAZY,29,CRAZY 1.npy;CRAZY 10.npy;CRAZY 11.npy;CRAZY 12.npy;CRAZY 13.npy;CRAZY 14.npy;CRAZY 15.npy;CRAZY 16.npy;CRAZY 17.npy;CRAZY 18.npy;CRAZY 19.npy;CRAZY 2.npy;CRAZY 20.npy;CRAZY 21.npy;CRAZY 22.npy;CRAZY 23.npy;CRAZY 24.npy;CRAZY 25.npy;CRAZY 26.npy;CRAZY 27.npy;CRAZY 28.npy;CRAZY 29.npy;CRAZY 3.npy;CRAZY 4.npy;CRAZY 5.npy;CRAZY 6.npy;CRAZY 7.npy;CRAZY 8.npy;CRAZY 9.npy
QUIET,31,QUIET 1.npy;QUIET 10.npy;QUIET 11.npy;QUIET 12.npy;QUIET 13.npy;QUIET 14.npy;QUIET 15.npy;QUIET 16.npy;QUIET 17.npy;QUIET 18.npy;QUIET 19.npy;QUIET 2.npy;QUIET 20.npy;QUIET 21.npy;QUIET 22.npy;QUIET 23.npy;QUIET 24.npy;QUIET 25.npy;QUIET 26.npy;QUIET 27.npy;QUIET 28.npy;QUIET 29.npy;QUIET 3.npy;QUIET 30.npy;QUIET 31.npy;QUIET 4.npy;QUIET 5.npy;QUIET 6.npy;QUIET 7.npy;QUIET 8.npy;QUIET 9.npy
LOUD,31,LOUD 1.npy;LOUD 10.npy;LOUD 11.npy;LOUD 12.npy;LOUD 13.npy;LOUD 14.npy;LOUD 15.npy;LOUD 16.npy;LOUD 17.npy;LOUD 18.npy;LOUD 19.npy;LOUD 2.npy;LOUD 20.npy;LOUD 21.npy;LOUD 22.npy;LOUD 23.npy;LOUD 24.npy;LOUD 25.npy;LOUD 26.npy;LOUD 27.npy;LOUD 28.npy;LOUD 29.npy;LOUD 3.npy;LOUD 30.npy;LOUD 31.npy;LOUD 4.npy;LOUD 5.npy;LOUD 6.npy;LOUD 7.npy;LOUD 8.npy;LOUD 9.npy
BIG,31,BIG 1.npy;BIG 10.npy;BIG 11.npy;BIG 12.npy;BIG 13.npy;BIG 14.npy;BIG 15.npy;BIG 16.npy;BIG 17.npy;BIG 18.npy;BIG 19.npy;BIG 2.npy;BIG 20.npy;BIG 21.npy;BIG 22.npy;BIG 23.npy;BIG 24.npy;BIG 25.npy;BIG 26.npy;BIG 27.npy;BIG 28.npy;BIG 29.npy;BIG 3.npy;BIG 30.npy;BIG 31.npy;BIG 4.npy;BIG 5.npy;BIG 6.npy;BIG 7.npy;BIG 8.npy;BIG 9.npy
SMALL,31,SMALL 1.npy;SMALL 10.npy;SMALL 11.npy;SMALL 12.npy;SMALL 13.npy;SMALL 14.npy;SMALL 15.npy;SMALL 16.npy;SMALL 17.npy;SMALL 18.npy;SMALL 19.npy;SMALL 2.npy;SMALL 20.npy;SMALL 21.npy;SMALL 22.npy;SMALL 23.npy;SMALL 24.npy;SMALL 25.npy;SMALL 26.npy;SMALL 27.npy;SMALL 28.npy;SMALL 29.npy;SMALL 3.npy;SMALL 30.npy;SMALL 31.npy;SMALL 4.npy;SMALL 5.npy;SMALL 6.npy;SMALL 7.npy;SMALL 8.npy;SMALL 9.npy
TALL,60,TALL 1.npy;TALL 10.npy;TALL 11.npy;TALL 12.npy;TALL 13.npy;TALL 14.npy;TALL 15.npy;TALL 16.npy;TALL 17.npy;TALL 18.npy;TALL 19.npy;TALL 2.npy;TALL 20.npy;TALL 21.npy;TALL 22.npy;TALL 23.npy;TALL 24.npy;TALL 25.npy;TALL 26.npy;TALL 27.npy;TALL 28.npy;TALL 29.npy;TALL 3.npy;TALL 30.npy;TALL 31.npy;TALL 32.npy;TALL 33.npy;TALL 34.npy;TALL 35.npy;TALL 36.npy;TALL 37.npy;TALL 38.npy;TALL 39.npy;TALL 4.npy;TALL 40.npy;TALL 41.npy;TALL 42.npy;TALL 43.npy;TALL 44.npy;TALL 45.npy;TALL 46.npy;TALL 47.npy;TALL 48.npy;TALL 49.npy;TALL 5.npy;TALL 50.npy;TALL 51.npy;TALL 52.npy;TALL 53.npy;TALL 54.npy;TALL 55.npy;TALL 56.npy;TALL 57.npy;TALL 58.npy;TALL 59.npy;TALL 6.npy;TALL 60.npy;TALL 7.npy;TALL 8.npy;TALL 9.npy
LONG,30,LONG 1.npy;LONG 10.npy;LONG 11.npy;LONG 12.npy;LONG 13.npy;LONG 14.npy;LONG 15.npy;LONG 16.npy;LONG 17.npy;LONG 18.npy;LONG 19.npy;LONG 2.npy;LONG 20.npy;LONG 21.npy;LONG 22.npy;LONG 23.npy;LONG 24.npy;LONG 25.npy;LONG 26.npy;LONG 27.npy;LONG 28.npy;LONG 29.npy;LONG 3.npy;LONG 30.npy;LONG 4.npy;LONG 5.npy;LONG 6.npy;LONG 7.npy;LONG 8.npy;LONG 9.npy
HEAVY,31,HEAVY 1.npy;HEAVY 10.npy;HEAVY 11.npy;HEAVY 12.npy;HEAVY 13.npy;HEAVY 14.npy;HEAVY 15.npy;HEAVY 16.npy;HEAVY 17.npy;HEAVY 18.npy;HEAVY 19.npy;HEAVY 2.npy;HEAVY 20.npy;HEAVY 21.npy;HEAVY 22.npy;HEAVY 23.npy;HEAVY 24.npy;HEAVY 25.npy;HEAVY 26.npy;HEAVY 27.npy;HEAVY 28.npy;HEAVY 29.npy;HEAVY 3.npy;HEAVY 30.npy;HEAVY 31.npy;HEAVY 4.npy;HEAVY 5.npy;HEAVY 6.npy;HEAVY 7.npy;HEAVY 8.npy;HEAVY 9.npy
LIGHT,31,LIGHT 1.npy;LIGHT 10.npy;LIGHT 11.npy;LIGHT 12.npy;LIGHT 13.npy;LIGHT 14.npy;LIGHT 15.npy;LIGHT 16.npy;LIGHT 17.npy;LIGHT 18.npy;LIGHT 19.npy;LIGHT 2.npy;LIGHT 20.npy;LIGHT 21.npy;LIGHT 22.npy;LIGHT 23.npy;LIGHT 24.npy;LIGHT 25.npy;LIGHT 26.npy;LIGHT 27.npy;LIGHT 28.npy;LIGHT 29.npy;LIGHT 3.npy;LIGHT 30.npy;LIGHT 31.npy;LIGHT 4.npy;LIGHT 5.npy;LIGHT 6.npy;LIGHT 7.npy;LIGHT 8.npy;LIGHT 9.npy
HARD,31,HARD 1.npy;HARD 10.npy;HARD 11.npy;HARD 12.npy;HARD 13.npy;HARD 14.npy;HARD 15.npy;HARD 16.npy;HARD 17.npy;HARD 18.npy;HARD 19.npy;HARD 2.npy;HARD 20.npy;HARD 21.npy;HARD 22.npy;HARD 23.npy;HARD 24.npy;HARD 25.npy;HARD 26.npy;HARD 27.npy;HARD 28.npy;HARD 29.npy;HARD 3.npy;HARD 30.npy;HARD 31.npy;HARD 4.npy;HARD 5.npy;HARD 6.npy;HARD 7.npy;HARD 8.npy;HARD 9.npy
EASY,31,EASY 1.npy;EASY 10.npy;EASY 11.npy;EASY 12.npy;EASY 13.npy;EASY 14.npy;EASY 15.npy;EASY 16.npy;EASY 17.npy;EASY 18.npy;EASY 19.npy;EASY 2.npy;EASY 20.npy;EASY 21.npy;EASY 22.npy;EASY 23.npy;EASY 24.npy;EASY 25.npy;EASY 26.npy;EASY 27.npy;EASY 28.npy;EASY 29.npy;EASY 3.npy;EASY 30.npy;EASY 31.npy;EASY 4.npy;EASY 5.npy;EASY 6.npy;EASY 7.npy;EASY 8.npy;EASY 9.npy
CLEAN,31,CLEAN 1.npy;CLEAN 10.npy;CLEAN 11.npy;CLEAN 12.npy;CLEAN 13.npy;CLEAN 14.npy;CLEAN 15.npy;CLEAN 16.npy;CLEAN 17.npy;CLEAN 18.npy;CLEAN 19.npy;CLEAN 2.npy;CLEAN 20.npy;CLEAN 21.npy;CLEAN 22.npy;CLEAN 23.npy;CLEAN 24.npy;CLEAN 25.npy;CLEAN 26.npy;CLEAN 27.npy;CLEAN 28.npy;CLEAN 29.npy;CLEAN 3.npy;CLEAN 30.npy;CLEAN 31.npy;CLEAN 4.npy;CLEAN 5.npy;CLEAN 6.npy;CLEAN 7.npy;CLEAN 8.npy;CLEAN 9.npy
DIRTY,30,DIRTY 1.npy;DIRTY 10.npy;DIRTY 11.npy;DIRTY 12.npy;DIRTY 13.npy;DIRTY 14.npy;DIRTY 15.npy;DIRTY 16.npy;DIRTY 17.npy;DIRTY 18.npy;DIRTY 19.npy;DIRTY 2.npy;DIRTY 20.npy;DIRTY 21.npy;DIRTY 22.npy;DIRTY 23.npy;DIRTY 24.npy;DIRTY 25.npy;DIRTY 26.npy;DIRTY 27.npy;DIRTY 28.npy;DIRTY 29.npy;DIRTY 3.npy;DIRTY 30.npy;DIRTY 4.npy;DIRTY 5.npy;DIRTY 6.npy;DIRTY 7.npy;DIRTY 8.npy;DIRTY 9.npy
OLD,30,OLD 1.npy;OLD 10.npy;OLD 11.npy;OLD 12.npy;OLD 13.npy;OLD 14.npy;OLD 15.npy;OLD 16.npy;OLD 17.npy;OLD 18.npy;OLD 19.npy;OLD 2.npy;OLD 20.npy;OLD 21.npy;OLD 22.npy;OLD 23.npy;OLD 24.npy;OLD 25.npy;OLD 26.npy;OLD 27.npy;OLD 28.npy;OLD 29.npy;OLD 3.npy;OLD 30.npy;OLD 4.npy;OLD 5.npy;OLD 6.npy;OLD 7.npy;OLD 8.npy;OLD 9.npy
UGLY,30,UGLY 1.npy;UGLY 10.npy;UGLY 11.npy;UGLY 12.npy;UGLY 13.npy;UGLY 14.npy;UGLY 15.npy;UGLY 16.npy;UGLY 17.npy;UGLY 18.npy;UGLY 19.npy;UGLY 2.npy;UGLY 20.npy;UGLY 21.npy;UGLY 22.npy;UGLY 23.npy;UGLY 24.npy;UGLY 25.npy;UGLY 26.npy;UGLY 27.npy;UGLY 28.npy;UGLY 29.npy;UGLY 3.npy;UGLY 30.npy;UGLY 4.npy;UGLY 5.npy;UGLY 6.npy;UGLY 7.npy;UGLY 8.npy;UGLY 9.npy
STRONG,30,STRONG 1.npy;STRONG 10.npy;STRONG 11.npy;STRONG 12.npy;STRONG 13.npy;STRONG 14.npy;STRONG 15.npy;STRONG 16.npy;STRONG 17.npy;STRONG 18.npy;STRONG 19.npy;STRONG 2.npy;STRONG 20.npy;STRONG 21.npy;STRONG 22.npy;STRONG 23.npy;STRONG 24.npy;STRONG 25.npy;STRONG 26.npy;STRONG 27.npy;STRONG 28.npy;STRONG 29.npy;STRONG 3.npy;STRONG 30.npy;STRONG 4.npy;STRONG 5.npy;STRONG 6.npy;STRONG 7.npy;STRONG 8.npy;STRONG 9.npy
WEAK,31,WEAK 1.npy;WEAK 10.npy;WEAK 11.npy;WEAK 12.npy;WEAK 13.npy;WEAK 14.npy;WEAK 15.npy;WEAK 16.npy;WEAK 17.npy;WEAK 18.npy;WEAK 19.npy;WEAK 2.npy;WEAK 20.npy;WEAK 21.npy;WEAK 22.npy;WEAK 23.npy;WEAK 24.npy;WEAK 25.npy;WEAK 26.npy;WEAK 27.npy;WEAK 28.npy;WEAK 29.npy;WEAK 3.npy;WEAK 30.npy;WEAK 31.npy;WEAK 4.npy;WEAK 5.npy;WEAK 6.npy;WEAK 7.npy;WEAK 8.npy;WEAK 9.npy
EXPENSIVE,30,EXPENSIVE 1.npy;EXPENSIVE 10.npy;EXPENSIVE 11.npy;EXPENSIVE 12.npy;EXPENSIVE 13.npy;EXPENSIVE 14.npy;EXPENSIVE 15.npy;EXPENSIVE 16.npy;EXPENSIVE 17.npy;EXPENSIVE 18.npy;EXPENSIVE 19.npy;EXPENSIVE 2.npy;EXPENSIVE 20.npy;EXPENSIVE 21.npy;EXPENSIVE 22.npy;EXPENSIVE 23.npy;EXPENSIVE 24.npy;EXPENSIVE 25.npy;EXPENSIVE 26.npy;EXPENSIVE 27.npy;EXPENSIVE 28.npy;EXPENSIVE 29.npy;EXPENSIVE 3.npy;EXPENSIVE 30.npy;EXPENSIVE 4.npy;EXPENSIVE 5.npy;EXPENSIVE 6.npy;EXPENSIVE 7.npy;EXPENSIVE 8.npy;EXPENSIVE 9.npy
CHEAP,31,CHEAP 1.npy;CHEAP 10.npy;CHEAP 11.npy;CHEAP 12.npy;CHEAP 13.npy;CHEAP 14.npy;CHEAP 15.npy;CHEAP 16.npy;CHEAP 17.npy;CHEAP 18.npy;CHEAP 19.npy;CHEAP 2.npy;CHEAP 20.npy;CHEAP 21.npy;CHEAP 22.npy;CHEAP 23.npy;CHEAP 24.npy;CHEAP 25.npy;CHEAP 26.npy;CHEAP 27.npy;CHEAP 28.npy;CHEAP 29.npy;CHEAP 3.npy;CHEAP 30.npy;CHEAP 31.npy;CHEAP 4.npy;CHEAP 5.npy;CHEAP 6.npy;CHEAP 7.npy;CHEAP 8.npy;CHEAP 9.npy
RICH,31,RICH 1.npy;RICH 10.npy;RICH 11.npy;RICH 12.npy;RICH 13.npy;RICH 14.npy;RICH 15.npy;RICH 16.npy;RICH 17.npy;RICH 18.npy;RICH 19.npy;RICH 2.npy;RICH 20.npy;RICH 21.npy;RICH 22.npy;RICH 23.npy;RICH 24.npy;RICH 25.npy;RICH 26.npy;RICH 27.npy;RICH 28.npy;RICH 29.npy;RICH 3.npy;RICH 30.npy;RICH 31.npy;RICH 4.npy;RICH 5.npy;RICH 6.npy;RICH 7.npy;RICH 8.npy;RICH 9.npy
POOR,29,POOR 1.npy;POOR 10.npy;POOR 11.npy;POOR 12.npy;POOR 13.npy;POOR 14.npy;POOR 15.npy;POOR 16.npy;POOR 17.npy;POOR 18.npy;POOR 19.npy;POOR 2.npy;POOR 20.npy;POOR 21.npy;POOR 22.npy;POOR 23.npy;POOR 24.npy;POOR 25.npy;POOR 26.npy;POOR 27.npy;POOR 28.npy;POOR 29.npy;POOR 3.npy;POOR 4.npy;POOR 5.npy;POOR 6.npy;POOR 7.npy;POOR 8.npy;POOR 9.npy
FULL,29,FULL 1.npy;FULL 10.npy;FULL 11.npy;FULL 12.npy;FULL 13.npy;FULL 14.npy;FULL 15.npy;FULL 16.npy;FULL 17.npy;FULL 18.npy;FULL 19.npy;FULL 2.npy;FULL 20.npy;FULL 21.npy;FULL 22.npy;FULL 23.npy;FULL 24.npy;FULL 25.npy;FULL 26.npy;FULL 27.npy;FULL 28.npy;FULL 29.npy;FULL 3.npy;FULL 4.npy;FULL 5.npy;FULL 6.npy;FULL 7.npy;FULL 8.npy;FULL 9.npy
EMPTY,60,EMPTY 1.npy;EMPTY 10.npy;EMPTY 11.npy;EMPTY 12.npy;EMPTY 13.npy;EMPTY 14.npy;EMPTY 15.npy;EMPTY 16.npy;EMPTY 17.npy;EMPTY 18.npy;EMPTY 19.npy;EMPTY 2.npy;EMPTY 20.npy;EMPTY 21.npy;EMPTY 22.npy;EMPTY 23.npy;EMPTY 24.npy;EMPTY 25.npy;EMPTY 26.npy;EMPTY 27.npy;EMPTY 28.npy;EMPTY 29.npy;EMPTY 3.npy;EMPTY 30.npy;EMPTY 31.npy;EMPTY 32.npy;EMPTY 33.npy;EMPTY 34.npy;EMPTY 35.npy;EMPTY 36.npy;EMPTY 37.npy;EMPTY 38.npy;EMPTY 39.npy;EMPTY 4.npy;EMPTY 40.npy;EMPTY 41.npy;EMPTY 42.npy;EMPTY 43.npy;EMPTY 44.npy;EMPTY 45.npy;EMPTY 46.npy;EMPTY 47.npy;EMPTY 48.npy;EMPTY 49.npy;EMPTY 5.npy;EMPTY 50.npy;EMPTY 51.npy;EMPTY 52.npy;EMPTY 53.npy;EMPTY 54.npy;EMPTY 55.npy;EMPTY 56.npy;EMPTY 57.npy;EMPTY 58.npy;EMPTY 59.npy;EMPTY 6.npy;EMPTY 60.npy;EMPTY 7.npy;EMPTY 8.npy;EMPTY 9.npy
IMPORTANT,32,IMPORTANT 1.npy;IMPORTANT 10.npy;IMPORTANT 11.npy;IMPORTANT 12.npy;IMPORTANT 13.npy;IMPORTANT 14.npy;IMPORTANT 15.npy;IMPORTANT 16.npy;IMPORTANT 17.npy;IMPORTANT 18.npy;IMPORTANT 19.npy;IMPORTANT 2.npy;IMPORTANT 20.npy;IMPORTANT 21.npy;IMPORTANT 22.npy;IMPORTANT 23.npy;IMPORTANT 24.npy;IMPORTANT 25.npy;IMPORTANT 26.npy;IMPORTANT 27.npy;IMPORTANT 28.npy;IMPORTANT 29.npy;IMPORTANT 3.npy;IMPORTANT 30.npy;IMPORTANT 31.npy;IMPORTANT 32.npy;IMPORTANT 4.npy;IMPORTANT 5.npy;IMPORTANT 6.npy;IMPORTANT 7.npy;IMPORTANT 8.npy;IMPORTANT 9.npy
FAVORITE,32,FAVORITE 1.npy;FAVORITE 10.npy;FAVORITE 11.npy;FAVORITE 12.npy;FAVORITE 13.npy;FAVORITE 14.npy;FAVORITE 15.npy;FAVORITE 16.npy;FAVORITE 17.npy;FAVORITE 18.npy;FAVORITE 19.npy;FAVORITE 2.npy;FAVORITE 20.npy;FAVORITE 21.npy;FAVORITE 22.npy;FAVORITE 23.npy;FAVORITE 24.npy;FAVORITE 25.npy;FAVORITE 26.npy;FAVORITE 27.npy;FAVORITE 28.npy;FAVORITE 29.npy;FAVORITE 3.npy;FAVORITE 30.npy;FAVORITE 31.npy;FAVORITE 32.npy;FAVORITE 4.npy;FAVORITE 5.npy;FAVORITE 6.npy;FAVORITE 7.npy;FAVORITE 8.npy;FAVORITE 9.npy
BETTER,31,BETTER 1.npy;BETTER 10.npy;BETTER 11.npy;BETTER 12.npy;BETTER 13.npy;BETTER 14.npy;BETTER 15.npy;BETTER 16.npy;BETTER 17.npy;BETTER 18.npy;BETTER 19.npy;BETTER 2.npy;BETTER 20.npy;BETTER 21.npy;BETTER 22.npy;BETTER 23.npy;BETTER 24.npy;BETTER 25.npy;BETTER 26.npy;BETTER 27.npy;BETTER 28.npy;BETTER 29.npy;BETTER 3.npy;BETTER 30.npy;BETTER 31.npy;BETTER 4.npy;BETTER 5.npy;BETTER 6.npy;BETTER 7.npy;BETTER 8.npy;BETTER 9.npy
BEST,30,BEST 1.npy;BEST 10.npy;BEST 11.npy;BEST 12.npy;BEST 13.npy;BEST 14.npy;BEST 15.npy;BEST 16.npy;BEST 17.npy;BEST 18.npy;BEST 19.npy;BEST 2.npy;BEST 20.npy;BEST 21.npy;BEST 22.npy;BEST 23.npy;BEST 24.npy;BEST 25.npy;BEST 26.npy;BEST 27.npy;BEST 28.npy;BEST 29.npy;BEST 3.npy;BEST 30.npy;BEST 4.npy;BEST 5.npy;BEST 6.npy;BEST 7.npy;BEST 8.npy;BEST 9.npy
SISTER,31,SISTER 1.npy;SISTER 10.npy;SISTER 11.npy;SISTER 12.npy;SISTER 13.npy;SISTER 14.npy;SISTER 15.npy;SISTER 16.npy;SISTER 17.npy;SISTER 18.npy;SISTER 19.npy;SISTER 2.npy;SISTER 20.npy;SISTER 21.npy;SISTER 22.npy;SISTER 23.npy;SISTER 24.npy;SISTER 25.npy;SISTER 26.npy;SISTER 27.npy;SISTER 28.npy;SISTER 29.npy;SISTER 3.npy;SISTER 30.npy;SISTER 31.npy;SISTER 4.npy;SISTER 5.npy;SISTER 6.npy;SISTER 7.npy;SISTER 8.npy;SISTER 9.npy
GRANDMOTHER,29,GRANDMOTHER 1.npy;GRANDMOTHER 10.npy;GRANDMOTHER 11.npy;GRANDMOTHER 12.npy;GRANDMOTHER 13.npy;GRANDMOTHER 14.npy;GRANDMOTHER 15.npy;GRANDMOTHER 16.npy;GRANDMOTHER 17.npy;GRANDMOTHER 18.npy;GRANDMOTHER 19.npy;GRANDMOTHER 2.npy;GRANDMOTHER 20.npy;GRANDMOTHER 21.npy;GRANDMOTHER 22.npy;GRANDMOTHER 23.npy;GRANDMOTHER 24.npy;GRANDMOTHER 25.npy;GRANDMOTHER 26.npy;GRANDMOTHER 27.npy;GRANDMOTHER 28.npy;GRANDMOTHER 29.npy;GRANDMOTHER 3.npy;GRANDMOTHER 4.npy;GRANDMOTHER 5.npy;GRANDMOTHER 6.npy;GRANDMOTHER 7.npy;GRANDMOTHER 8.npy;GRANDMOTHER 9.npy
GRANDFATHER,30,GRANDFATHER 1.npy;GRANDFATHER 10.npy;GRANDFATHER 11.npy;GRANDFATHER 12.npy;GRANDFATHER 13.npy;GRANDFATHER 14.npy;GRANDFATHER 15.npy;GRANDFATHER 16.npy;GRANDFATHER 17.npy;GRANDFATHER 18.npy;GRANDFATHER 19.npy;GRANDFATHER 2.npy;GRANDFATHER 20.npy;GRANDFATHER 21.npy;GRANDFATHER 22.npy;GRANDFATHER 23.npy;GRANDFATHER 24.npy;GRANDFATHER 25.npy;GRANDFATHER 26.npy;GRANDFATHER 27.npy;GRANDFATHER 28.npy;GRANDFATHER 29.npy;GRANDFATHER 3.npy;GRANDFATHER 30.npy;GRANDFATHER 4.npy;GRANDFATHER 5.npy;GRANDFATHER 6.npy;GRANDFATHER 7.npy;GRANDFATHER 8.npy;GRANDFATHER 9.npy
UNCLE,31,UNCLE 1.npy;UNCLE 10.npy;UNCLE 11.npy;UNCLE 12.npy;UNCLE 13.npy;UNCLE 14.npy;UNCLE 15.npy;UNCLE 16.npy;UNCLE 17.npy;UNCLE 18.npy;UNCLE 19.npy;UNCLE 2.npy;UNCLE 20.npy;UNCLE 21.npy;UNCLE 22.npy;UNCLE 23.npy;UNCLE 24.npy;UNCLE 25.npy;UNCLE 26.npy;UNCLE 27.npy;UNCLE 28.npy;UNCLE 29.npy;UNCLE 3.npy;UNCLE 30.npy;UNCLE 31.npy;UNCLE 4.npy;UNCLE 5.npy;UNCLE 6.npy;UNCLE 7.npy;UNCLE 8.npy;UNCLE 9.npy
COUSIN,31,COUSIN 1.npy;COUSIN 10.npy;COUSIN 11.npy;COUSIN 12.npy;COUSIN 13.npy;COUSIN 14.npy;COUSIN 15.npy;COUSIN 16.npy;COUSIN 17.npy;COUSIN 18.npy;COUSIN 19.npy;COUSIN 2.npy;COUSIN 20.npy;COUSIN 21.npy;COUSIN 22.npy;COUSIN 23.npy;COUSIN 24.npy;COUSIN 25.npy;COUSIN 26.npy;COUSIN 27.npy;COUSIN 28.npy;COUSIN 29.npy;COUSIN 3.npy;COUSIN 30.npy;COUSIN 31.npy;COUSIN 4.npy;COUSIN 5.npy;COUSIN 6.npy;COUSIN 7.npy;COUSIN 8.npy;COUSIN 9.npy
SON,31,SON 1.npy;SON 10.npy;SON 11.npy;SON 12.npy;SON 13.npy;SON 14.npy;SON 15.npy;SON 16.npy;SON 17.npy;SON 18.npy;SON 19.npy;SON 2.npy;SON 20.npy;SON 21.npy;SON 22.npy;SON 23.npy;SON 24.npy;SON 25.npy;SON 26.npy;SON 27.npy;SON 28.npy;SON 29.npy;SON 3.npy;SON 30.npy;SON 31.npy;SON 4.npy;SON 5.npy;SON 6.npy;SON 7.npy;SON 8.npy;SON 9.npy
DAUGHTER,30,DAUGHTER 1.npy;DAUGHTER 10.npy;DAUGHTER 11.npy;DAUGHTER 12.npy;DAUGHTER 13.npy;DAUGHTER 14.npy;DAUGHTER 15.npy;DAUGHTER 16.npy;DAUGHTER 17.npy;DAUGHTER 18.npy;DAUGHTER 19.npy;DAUGHTER 2.npy;DAUGHTER 20.npy;DAUGHTER 21.npy;DAUGHTER 22.npy;DAUGHTER 23.npy;DAUGHTER 24.npy;DAUGHTER 25.npy;DAUGHTER 26.npy;DAUGHTER 27.npy;DAUGHTER 28.npy;DAUGHTER 29.npy;DAUGHTER 3.npy;DAUGHTER 30.npy;DAUGHTER 4.npy;DAUGHTER 5.npy;DAUGHTER 6.npy;DAUGHTER 7.npy;DAUGHTER 8.npy;DAUGHTER 9.npy
CHILD,31,CHILD 1.npy;CHILD 10.npy;CHILD 11.npy;CHILD 12.npy;CHILD 13.npy;CHILD 14.npy;CHILD 15.npy;CHILD 16.npy;CHILD 17.npy;CHILD 18.npy;CHILD 19.npy;CHILD 2.npy;CHILD 20.npy;CHILD 21.npy;CHILD 22.npy;CHILD 23.npy;CHILD 24.npy;CHILD 25.npy;CHILD 26.npy;CHILD 27.npy;CHILD 28.npy;CHILD 29.npy;CHILD 3.npy;CHILD 30.npy;CHILD 31.npy;CHILD 4.npy;CHILD 5.npy;CHILD 6.npy;CHILD 7.npy;CHILD 8.npy;CHILD 9.npy
PEOPLE,31,PEOPLE 1.npy;PEOPLE 10.npy;PEOPLE 11.npy;PEOPLE 12.npy;PEOPLE 13.npy;PEOPLE 14.npy;PEOPLE 15.npy;PEOPLE 16.npy;PEOPLE 17.npy;PEOPLE 18.npy;PEOPLE 19.npy;PEOPLE 2.npy;PEOPLE 20.npy;PEOPLE 21.npy;PEOPLE 22.npy;PEOPLE 23.npy;PEOPLE 24.npy;PEOPLE 25.npy;PEOPLE 26.npy;PEOPLE 27.npy;PEOPLE 28.npy;PEOPLE 29.npy;PEOPLE 3.npy;PEOPLE 30.npy;PEOPLE 31.npy;PEOPLE 4.npy;PEOPLE 5.npy;PEOPLE 6.npy;PEOPLE 7.npy;PEOPLE 8.npy;PEOPLE 9.npy
NICE,31,NICE 1.npy;NICE 10.npy;NICE 11.npy;NICE 12.npy;NICE 13.npy;NICE 14.npy;NICE 15.npy;NICE 16.npy;NICE 17.npy;NICE 18.npy;NICE 19.npy;NICE 2.npy;NICE 20.npy;NICE 21.npy;NICE 22.npy;NICE 23.npy;NICE 24.npy;NICE 25.npy;NICE 26.npy;NICE 27.npy;NICE 28.npy;NICE 29.npy;NICE 3.npy;NICE 30.npy;NICE 31.npy;NICE 4.npy;NICE 5.npy;NICE 6.npy;NICE 7.npy;NICE 8.npy;NICE 9.npy
LIVE,60,LIVE 1.npy;LIVE 10.npy;LIVE 11.npy;LIVE 12.npy;LIVE 13.npy;LIVE 14.npy;LIVE 15.npy;LIVE 16.npy;LIVE 17.npy;LIVE 18.npy;LIVE 19.npy;LIVE 2.npy;LIVE 20.npy;LIVE 21.npy;LIVE 22.npy;LIVE 23.npy;LIVE 24.npy;LIVE 25.npy;LIVE 26.npy;LIVE 27.npy;LIVE 28.npy;LIVE 29.npy;LIVE 3.npy;LIVE 30.npy;LIVE 31.npy;LIVE 32.npy;LIVE 33.npy;LIVE 34.npy;LIVE 35.npy;LIVE 36.npy;LIVE 37.npy;LIVE 38.npy;LIVE 39.npy;LIVE 4.npy;LIVE 40.npy;LIVE 41.npy;LIVE 42.npy;LIVE 43.npy;LIVE 44.npy;LIVE 45.npy;LIVE 46.npy;LIVE 47.npy;LIVE 48.npy;LIVE 49.npy;LIVE 5.npy;LIVE 50.npy;LIVE 51.npy;LIVE 52.npy;LIVE 53.npy;LIVE 54.npy;LIVE 55.npy;LIVE 56.npy;LIVE 57.npy;LIVE 58.npy;LIVE 59.npy;LIVE 6.npy;LIVE 60.npy;LIVE 7.npy;LIVE 8.npy;LIVE 9.npy
HOUSE,30,HOUSE 1.npy;HOUSE 10.npy;HOUSE 11.npy;HOUSE 12.npy;HOUSE 13.npy;HOUSE 14.npy;HOUSE 15.npy;HOUSE 16.npy;HOUSE 17.npy;HOUSE 18.npy;HOUSE 19.npy;HOUSE 2.npy;HOUSE 20.npy;HOUSE 21.npy;HOUSE 22.npy;HOUSE 23.npy;HOUSE 24.npy;HOUSE 25.npy;HOUSE 26.npy;HOUSE 27.npy;HOUSE 28.npy;HOUSE 29.npy;HOUSE 3.npy;HOUSE 30.npy;HOUSE 4.npy;HOUSE 5.npy;HOUSE 6.npy;HOUSE 7.npy;HOUSE 8.npy;HOUSE 9.npy
OFFICE,30,OFFICE 1.npy;OFFICE 10.npy;OFFICE 11.npy;OFFICE 12.npy;OFFICE 13.npy;OFFICE 14.npy;OFFICE 15.npy;OFFICE 16.npy;OFFICE 17.npy;OFFICE 18.npy;OFFICE 19.npy;OFFICE 2.npy;OFFICE 20.npy;OFFICE 21.npy;OFFICE 22.npy;OFFICE 23.npy;OFFICE 24.npy;OFFICE 25.npy;OFFICE 26.npy;OFFICE 27.npy;OFFICE 28.npy;OFFICE 29.npy;OFFICE 3.npy;OFFICE 30.npy;OFFICE 4.npy;OFFICE 5.npy;OFFICE 6.npy;OFFICE 7.npy;OFFICE 8.npy;OFFICE 9.npy
MARRY,30,MARRY 1.npy;MARRY 10.npy;MARRY 11.npy;MARRY 12.npy;MARRY 13.npy;MARRY 14.npy;MARRY 15.npy;MARRY 16.npy;MARRY 17.npy;MARRY 18.npy;MARRY 19.npy;MARRY 2.npy;MARRY 20.npy;MARRY 21.npy;MARRY 22.npy;MARRY 23.npy;MARRY 24.npy;MARRY 25.npy;MARRY 26.npy;MARRY 27.npy;MARRY 28.npy;MARRY 29.npy;MARRY 3.npy;MARRY 30.npy;MARRY 4.npy;MARRY 5.npy;MARRY 6.npy;MARRY 7.npy;MARRY 8.npy;MARRY 9.npy
DIVORCE,31,DIVORCE 1.npy;DIVORCE 10.npy;DIVORCE 11.npy;DIVORCE 12.npy;DIVORCE 13.npy;DIVORCE 14.npy;DIVORCE 15.npy;DIVORCE 16.npy;DIVORCE 17.npy;DIVORCE 18.npy;DIVORCE 19.npy;DIVORCE 2.npy;DIVORCE 20.npy;DIVORCE 21.npy;DIVORCE 22.npy;DIVORCE 23.npy;DIVORCE 24.npy;DIVORCE 25.npy;DIVORCE 26.npy;DIVORCE 27.npy;DIVORCE 28.npy;DIVORCE 29.npy;DIVORCE 3.npy;DIVORCE 30.npy;DIVORCE 31.npy;DIVORCE 4.npy;DIVORCE 5.npy;DIVORCE 6.npy;DIVORCE 7.npy;DIVORCE 8.npy;DIVORCE 9.npy
SINGLE,30,SINGLE 1.npy;SINGLE 10.npy;SINGLE 11.npy;SINGLE 12.npy;SINGLE 13.npy;SINGLE 14.npy;SINGLE 15.npy;SINGLE 16.npy;SINGLE 17.npy;SINGLE 18.npy;SINGLE 19.npy;SINGLE 2.npy;SINGLE 20.npy;SINGLE 21.npy;SINGLE 22.npy;SINGLE 23.npy;SINGLE 24.npy;SINGLE 25.npy;SINGLE 26.npy;SINGLE 27.npy;SINGLE 28.npy;SINGLE 29.npy;SINGLE 3.npy;SINGLE 30.npy;SINGLE 4.npy;SINGLE 5.npy;SINGLE 6.npy;SINGLE 7.npy;SINGLE 8.npy;SINGLE 9.npy
GROW UP,30,GROW UP 1.npy;GROW UP 10.npy;GROW UP 11.npy;GROW UP 12.npy;GROW UP 13.npy;GROW UP 14.npy;GROW UP 15.npy;GROW UP 16.npy;GROW UP 17.npy;GROW UP 18.npy;GROW UP 19.npy;GROW UP 2.npy;GROW UP 20.npy;GROW UP 21.npy;GROW UP 22.npy;GROW UP 23.npy;GROW UP 24.npy;GROW UP 25.npy;GROW UP 26.npy;GROW UP 27.npy;GROW UP 28.npy;GROW UP 29.npy;GROW UP 3.npy;GROW UP 30.npy;GROW UP 4.npy;GROW UP 5.npy;GROW UP 6.npy;GROW UP 7.npy;GROW UP 8.npy;GROW UP 9.npy
DIE,31,DIE 1.npy;DIE 10.npy;DIE 11.npy;DIE 12.npy;DIE 13.npy;DIE 14.npy;DIE 15.npy;DIE 16.npy;DIE 17.npy;DIE 18.npy;DIE 19.npy;DIE 2.npy;DIE 20.npy;DIE 21.npy;DIE 22.npy;DIE 23.npy;DIE 24.npy;DIE 25.npy;DIE 26.npy;DIE 27.npy;DIE 28.npy;DIE 29.npy;DIE 3.npy;DIE 30.npy;DIE 31.npy;DIE 4.npy;DIE 5.npy;DIE 6.npy;DIE 7.npy;DIE 8.npy;DIE 9.npy
KID,30,KID 1.npy;KID 10.npy;KID 11.npy;KID 12.npy;KID 13.npy;KID 14.npy;KID 15.npy;KID 16.npy;KID 17.npy;KID 18.npy;KID 19.npy;KID 2.npy;KID 20.npy;KID 21.npy;KID 22.npy;KID 23.npy;KID 24.npy;KID 25.npy;KID 26.npy;KID 27.npy;KID 28.npy;KID 29.npy;KID 3.npy;KID 30.npy;KID 4.npy;KID 5.npy;KID 6.npy;KID 7.npy;KID 8.npy;KID 9.npy
PERSON,32,PERSON 1.npy;PERSON 10.npy;PERSON 11.npy;PERSON 12.npy;PERSON 13.npy;PERSON 14.npy;PERSON 15.npy;PERSON 16.npy;PERSON 17.npy;PERSON 18.npy;PERSON 19.npy;PERSON 2.npy;PERSON 20.npy;PERSON 21.npy;PERSON 22.npy;PERSON 23.npy;PERSON 24.npy;PERSON 25.npy;PERSON 26.npy;PERSON 27.npy;PERSON 28.npy;PERSON 29.npy;PERSON 3.npy;PERSON 30.npy;PERSON 31.npy;PERSON 32.npy;PERSON 4.npy;PERSON 5.npy;PERSON 6.npy;PERSON 7.npy;PERSON 8.npy;PERSON 9.npy
GROUP,31,GROUP 1.npy;GROUP 10.npy;GROUP 11.npy;GROUP 12.npy;GROUP 13.npy;GROUP 14.npy;GROUP 15.npy;GROUP 16.npy;GROUP 17.npy;GROUP 18.npy;GROUP 19.npy;GROUP 2.npy;GROUP 20.npy;GROUP 21.npy;GROUP 22.npy;GROUP 23.npy;GROUP 24.npy;GROUP 25.npy;GROUP 26.npy;GROUP 27.npy;GROUP 28.npy;GROUP 29.npy;GROUP 3.npy;GROUP 30.npy;GROUP 31.npy;GROUP 4.npy;GROUP 5.npy;GROUP 6.npy;GROUP 7.npy;GROUP 8.npy;GROUP 9.npy
TEAM,32,TEAM 1.npy;TEAM 10.npy;TEAM 11.npy;TEAM 12.npy;TEAM 13.npy;TEAM 14.npy;TEAM 15.npy;TEAM 16.npy;TEAM 17.npy;TEAM 18.npy;TEAM 19.npy;TEAM 2.npy;TEAM 20.npy;TEAM 21.npy;TEAM 22.npy;TEAM 23.npy;TEAM 24.npy;TEAM 25.npy;TEAM 26.npy;TEAM 27.npy;TEAM 28.npy;TEAM 29.npy;TEAM 3.npy;TEAM 30.npy;TEAM 31.npy;TEAM 32.npy;TEAM 4.npy;TEAM 5.npy;TEAM 6.npy;TEAM 7.npy;TEAM 8.npy;TEAM 9.npy
BOSS,31,BOSS 1.npy;BOSS 10.npy;BOSS 11.npy;BOSS 12.npy;BOSS 13.npy;BOSS 14.npy;BOSS 15.npy;BOSS 16.npy;BOSS 17.npy;BOSS 18.npy;BOSS 19.npy;BOSS 2.npy;BOSS 20.npy;BOSS 21.npy;BOSS 22.npy;BOSS 23.npy;BOSS 24.npy;BOSS 25.npy;BOSS 26.npy;BOSS 27.npy;BOSS 28.npy;BOSS 29.npy;BOSS 3.npy;BOSS 30.npy;BOSS 31.npy;BOSS 4.npy;BOSS 5.npy;BOSS 6.npy;BOSS 7.npy;BOSS 8.npy;BOSS 9.npy
DOCTOR,61,DOCTOR 1.npy;DOCTOR 10.npy;DOCTOR 11.npy;DOCTOR 12.npy;DOCTOR 13.npy;DOCTOR 14.npy;DOCTOR 15.npy;DOCTOR 16.npy;DOCTOR 17.npy;DOCTOR 18.npy;DOCTOR 19.npy;DOCTOR 2.npy;DOCTOR 20.npy;DOCTOR 21.npy;DOCTOR 22.npy;DOCTOR 23.npy;DOCTOR 24.npy;DOCTOR 25.npy;DOCTOR 26.npy;DOCTOR 27.npy;DOCTOR 28.npy;DOCTOR 29.npy;DOCTOR 3.npy;DOCTOR 30.npy;DOCTOR 31.npy;DOCTOR 32.npy;DOCTOR 33.npy;DOCTOR 34.npy;DOCTOR 35.npy;DOCTOR 36.npy;DOCTOR 37.npy;DOCTOR 38.npy;DOCTOR 39.npy;DOCTOR 4.npy;DOCTOR 40.npy;DOCTOR 41.npy;DOCTOR 42.npy;DOCTOR 43.npy;DOCTOR 44.npy;DOCTOR 45.npy;DOCTOR 46.npy;DOCTOR 47.npy;DOCTOR 48.npy;DOCTOR 49.npy;DOCTOR 5.npy;DOCTOR 50.npy;DOCTOR 51.npy;DOCTOR 52.npy;DOCTOR 53.npy;DOCTOR 54.npy;DOCTOR 55.npy;DOCTOR 56.npy;DOCTOR 57.npy;DOCTOR 58.npy;DOCTOR 59.npy;DOCTOR 6.npy;DOCTOR 60.npy;DOCTOR 61.npy;DOCTOR 7.npy;DOCTOR 8.npy;DOCTOR 9.npy
NURSE,30,NURSE 1.npy;NURSE 10.npy;NURSE 11.npy;NURSE 12.npy;NURSE 13.npy;NURSE 14.npy;NURSE 15.npy;NURSE 16.npy;NURSE 17.npy;NURSE 18.npy;NURSE 19.npy;NURSE 2.npy;NURSE 20.npy;NURSE 21.npy;NURSE 22.npy;NURSE 23.npy;NURSE 24.npy;NURSE 25.npy;NURSE 26.npy;NURSE 27.npy;NURSE 28.npy;NURSE 29.npy;NURSE 3.npy;NURSE 30.npy;NURSE 4.npy;NURSE 5.npy;NURSE 6.npy;NURSE 7.npy;NURSE 8.npy;NURSE 9.npy
PRESIDENT,29,PRESIDENT 1.npy;PRESIDENT 10.npy;PRESIDENT 11.npy;PRESIDENT 12.npy;PRESIDENT 13.npy;PRESIDENT 14.npy;PRESIDENT 15.npy;PRESIDENT 16.npy;PRESIDENT 17.npy;PRESIDENT 18.npy;PRESIDENT 19.npy;PRESIDENT 2.npy;PRESIDENT 20.npy;PRESIDENT 21.npy;PRESIDENT 22.npy;PRESIDENT 23.npy;PRESIDENT 24.npy;PRESIDENT 25.npy;PRESIDENT 26.npy;PRESIDENT 27.npy;PRESIDENT 28.npy;PRESIDENT 29.npy;PRESIDENT 3.npy;PRESIDENT 4.npy;PRESIDENT 5.npy;PRESIDENT 6.npy;PRESIDENT 7.npy;PRESIDENT 8.npy;PRESIDENT 9.npy
SHOP,63,SHOP 1.npy;SHOP 10.npy;SHOP 11.npy;SHOP 12.npy;SHOP 13.npy;SHOP 14.npy;SHOP 15.npy;SHOP 16.npy;SHOP 17.npy;SHOP 18.npy;SHOP 19.npy;SHOP 2.npy;SHOP 20.npy;SHOP 21.npy;SHOP 22.npy;SHOP 23.npy;SHOP 24.npy;SHOP 25.npy;SHOP 26.npy;SHOP 27.npy;SHOP 28.npy;SHOP 29.npy;SHOP 3.npy;SHOP 30.npy;SHOP 31.npy;SHOP 32.npy;SHOP 33.npy;SHOP 34.npy;SHOP 35.npy;SHOP 36.npy;SHOP 37.npy;SHOP 38.npy;SHOP 39.npy;SHOP 4.npy;SHOP 40.npy;SHOP 41.npy;SHOP 42.npy;SHOP 43.npy;SHOP 44.npy;SHOP 45.npy;SHOP 46.npy;SHOP 47.npy;SHOP 48.npy;SHOP 49.npy;SHOP 5.npy;SHOP 50.npy;SHOP 51.npy;SHOP 52.npy;SHOP 53.npy;SHOP 54.npy;SHOP 55.npy;SHOP 56.npy;SHOP 57.npy;SHOP 58.npy;SHOP 59.npy;SHOP 6.npy;SHOP 60.npy;SHOP 61.npy;SHOP 62.npy;SHOP 63.npy;SHOP 7.npy;SHOP 8.npy;SHOP 9.npy
RESTAURANT,31,RESTAURANT 1.npy;RESTAURANT 10.npy;RESTAURANT 11.npy;RESTAURANT 12.npy;RESTAURANT 13.npy;RESTAURANT 14.npy;RESTAURANT 15.npy;RESTAURANT 16.npy;RESTAURANT 17.npy;RESTAURANT 18.npy;RESTAURANT 19.npy;RESTAURANT 2.npy;RESTAURANT 20.npy;RESTAURANT 21.npy;RESTAURANT 22.npy;RESTAURANT 23.npy;RESTAURANT 24.npy;RESTAURANT 25.npy;RESTAURANT 26.npy;RESTAURANT 27.npy;RESTAURANT 28.npy;RESTAURANT 29.npy;RESTAURANT 3.npy;RESTAURANT 30.npy;RESTAURANT 31.npy;RESTAURANT 4.npy;RESTAURANT 5.npy;RESTAURANT 6.npy;RESTAURANT 7.npy;RESTAURANT 8.npy;RESTAURANT 9.npy
HOSPITAL,63,HOSPITAL 1.npy;HOSPITAL 10.npy;HOSPITAL 11.npy;HOSPITAL 12.npy;HOSPITAL 13.npy;HOSPITAL 14.npy;HOSPITAL 15.npy;HOSPITAL 16.npy;HOSPITAL 17.npy;HOSPITAL 18.npy;HOSPITAL 19.npy;HOSPITAL 2.npy;HOSPITAL 20.npy;HOSPITAL 21.npy;HOSPITAL 22.npy;HOSPITAL 23.npy;HOSPITAL 24.npy;HOSPITAL 25.npy;HOSPITAL 26.npy;HOSPITAL 27.npy;HOSPITAL 28.npy;HOSPITAL 29.npy;HOSPITAL 3.npy;HOSPITAL 30.npy;HOSPITAL 31.npy;HOSPITAL 32.npy;HOSPITAL 33.npy;HOSPITAL 34.npy;HOSPITAL 35.npy;HOSPITAL 36.npy;HOSPITAL 37.npy;HOSPITAL 38.npy;HOSPITAL 39.npy;HOSPITAL 4.npy;HOSPITAL 40.npy;HOSPITAL 41.npy;HOSPITAL 42.npy;HOSPITAL 43.npy;HOSPITAL 44.npy;HOSPITAL 45.npy;HOSPITAL 46.npy;HOSPITAL 47.npy;HOSPITAL 48.npy;HOSPITAL 49.npy;HOSPITAL 5.npy;HOSPITAL 50.npy;HOSPITAL 51.npy;HOSPITAL 52.npy;HOSPITAL 53.npy;HOSPITAL 54.npy;HOSPITAL 55.npy;HOSPITAL 56.npy;HOSPITAL 57.npy;HOSPITAL 58.npy;HOSPITAL 59.npy;HOSPITAL 6.npy;HOSPITAL 60.npy;HOSPITAL 61.npy;HOSPITAL 62.npy;HOSPITAL 63.npy;HOSPITAL 7.npy;HOSPITAL 8.npy;HOSPITAL 9.npy
CHURCH,30,CHURCH 1.npy;CHURCH 10.npy;CHURCH 11.npy;CHURCH 12.npy;CHURCH 13.npy;CHURCH 14.npy;CHURCH 15.npy;CHURCH 16.npy;CHURCH 17.npy;CHURCH 18.npy;CHURCH 19.npy;CHURCH 2.npy;CHURCH 20.npy;CHURCH 21.npy;CHURCH 22.npy;CHURCH 23.npy;CHURCH 24.npy;CHURCH 25.npy;CHURCH 26.npy;CHURCH 27.npy;CHURCH 28.npy;CHURCH 29.npy;CHURCH 3.npy;CHURCH 30.npy;CHURCH 4.npy;CHURCH 5.npy;CHURCH 6.npy;CHURCH 7.npy;CHURCH 8.npy;CHURCH 9.npy
LIBRARY,31,LIBRARY 1.npy;LIBRARY 10.npy;LIBRARY 11.npy;LIBRARY 12.npy;LIBRARY 13.npy;LIBRARY 14.npy;LIBRARY 15.npy;LIBRARY 16.npy;LIBRARY 17.npy;LIBRARY 18.npy;LIBRARY 19.npy;LIBRARY 2.npy;LIBRARY 20.npy;LIBRARY 21.npy;LIBRARY 22.npy;LIBRARY 23.npy;LIBRARY 24.npy;LIBRARY 25.npy;LIBRARY 26.npy;LIBRARY 27.npy;LIBRARY 28.npy;LIBRARY 29.npy;LIBRARY 3.npy;LIBRARY 30.npy;LIBRARY 31.npy;LIBRARY 4.npy;LIBRARY 5.npy;LIBRARY 6.npy;LIBRARY 7.npy;LIBRARY 8.npy;LIBRARY 9.npy
PARK,30,PARK 1.npy;PARK 10.npy;PARK 11.npy;PARK 12.npy;PARK 13.npy;PARK 14.npy;PARK 15.npy;PARK 16.npy;PARK 17.npy;PARK 18.npy;PARK 19.npy;PARK 2.npy;PARK 20.npy;PARK 21.npy;PARK 22.npy;PARK 23.npy;PARK 24.npy;PARK 25.npy;PARK 26.npy;PARK 27.npy;PARK 28.npy;PARK 29.npy;PARK 3.npy;PARK 30.npy;PARK 4.npy;PARK 5.npy;PARK 6.npy;PARK 7.npy;PARK 8.npy;PARK 9.npy
COUNTRY,31,COUNTRY 1.npy;COUNTRY 10.npy;COUNTRY 11.npy;COUNTRY 12.npy;COUNTRY 13.npy;COUNTRY 14.npy;COUNTRY 15.npy;COUNTRY 16.npy;COUNTRY 17.npy;COUNTRY 18.npy;COUNTRY 19.npy;COUNTRY 2.npy;COUNTRY 20.npy;COUNTRY 21.npy;COUNTRY 22.npy;COUNTRY 23.npy;COUNTRY 24.npy;COUNTRY 25.npy;COUNTRY 26.npy;COUNTRY 27.npy;COUNTRY 28.npy;COUNTRY 29.npy;COUNTRY 3.npy;COUNTRY 30.npy;COUNTRY 31.npy;COUNTRY 4.npy;COUNTRY 5.npy;COUNTRY 6.npy;COUNTRY 7.npy;COUNTRY 8.npy;COUNTRY 9.npy
STATE,31,STATE 1.npy;STATE 10.npy;STATE 11.npy;STATE 12.npy;STATE 13.npy;STATE 14.npy;STATE 15.npy;STATE 16.npy;STATE 17.npy;STATE 18.npy;STATE 19.npy;STATE 2.npy;STATE 20.npy;STATE 21.npy;STATE 22.npy;STATE 23.npy;STATE 24.npy;STATE 25.npy;STATE 26.npy;STATE 27.npy;STATE 28.npy;STATE 29.npy;STATE 3.npy;STATE 30.npy;STATE 31.npy;STATE 4.npy;STATE 5.npy;STATE 6.npy;STATE 7.npy;STATE 8.npy;STATE 9.npy
WORLD,31,WORLD 1.npy;WORLD 10.npy;WORLD 11.npy;WORLD 12.npy;WORLD 13.npy;WORLD 14.npy;WORLD 15.npy;WORLD 16.npy;WORLD 17.npy;WORLD 18.npy;WORLD 19.npy;WORLD 2.npy;WORLD 20.npy;WORLD 21.npy;WORLD 22.npy;WORLD 23.npy;WORLD 24.npy;WORLD 25.npy;WORLD 26.npy;WORLD 27.npy;WORLD 28.npy;WORLD 29.npy;WORLD 3.npy;WORLD 30.npy;WORLD 31.npy;WORLD 4.npy;WORLD 5.npy;WORLD 6.npy;WORLD 7.npy;WORLD 8.npy;WORLD 9.npy
BATHROOM,31,BATHROOM 1.npy;BATHROOM 10.npy;BATHROOM 11.npy;BATHROOM 12.npy;BATHROOM 13.npy;BATHROOM 14.npy;BATHROOM 15.npy;BATHROOM 16.npy;BATHROOM 17.npy;BATHROOM 18.npy;BATHROOM 19.npy;BATHROOM 2.npy;BATHROOM 20.npy;BATHROOM 21.npy;BATHROOM 22.npy;BATHROOM 23.npy;BATHROOM 24.npy;BATHROOM 25.npy;BATHROOM 26.npy;BATHROOM 27.npy;BATHROOM 28.npy;BATHROOM 29.npy;BATHROOM 3.npy;BATHROOM 30.npy;BATHROOM 31.npy;BATHROOM 4.npy;BATHROOM 5.npy;BATHROOM 6.npy;BATHROOM 7.npy;BATHROOM 8.npy;BATHROOM 9.npy
KITCHEN,31,KITCHEN 1.npy;KITCHEN 10.npy;KITCHEN 11.npy;KITCHEN 12.npy;KITCHEN 13.npy;KITCHEN 14.npy;KITCHEN 15.npy;KITCHEN 16.npy;KITCHEN 17.npy;KITCHEN 18.npy;KITCHEN 19.npy;KITCHEN 2.npy;KITCHEN 20.npy;KITCHEN 21.npy;KITCHEN 22.npy;KITCHEN 23.npy;KITCHEN 24.npy;KITCHEN 25.npy;KITCHEN 26.npy;KITCHEN 27.npy;KITCHEN 28.npy;KITCHEN 29.npy;KITCHEN 3.npy;KITCHEN 30.npy;KITCHEN 31.npy;KITCHEN 4.npy;KITCHEN 5.npy;KITCHEN 6.npy;KITCHEN 7.npy;KITCHEN 8.npy;KITCHEN 9.npy
BEDROOM,30,BEDROOM 1.npy;BEDROOM 10.npy;BEDROOM 11.npy;BEDROOM 12.npy;BEDROOM 13.npy;BEDROOM 14.npy;BEDROOM 15.npy;BEDROOM 16.npy;BEDROOM 17.npy;BEDROOM 18.npy;BEDROOM 19.npy;BEDROOM 2.npy;BEDROOM 20.npy;BEDROOM 21.npy;BEDROOM 22.npy;BEDROOM 23.npy;BEDROOM 24.npy;BEDROOM 25.npy;BEDROOM 26.npy;BEDROOM 27.npy;BEDROOM 28.npy;BEDROOM 29.npy;BEDROOM 3.npy;BEDROOM 30.npy;BEDROOM 4.npy;BEDROOM 5.npy;BEDROOM 6.npy;BEDROOM 7.npy;BEDROOM 8.npy;BEDROOM 9.npy
FLOOR,31,FLOOR 1.npy;FLOOR 10.npy;FLOOR 11.npy;FLOOR 12.npy;FLOOR 13.npy;FLOOR 14.npy;FLOOR 15.npy;FLOOR 16.npy;FLOOR 17.npy;FLOOR 18.npy;FLOOR 19.npy;FLOOR 2.npy;FLOOR 20.npy;FLOOR 21.npy;FLOOR 22.npy;FLOOR 23.npy;FLOOR 24.npy;FLOOR 25.npy;FLOOR 26.npy;FLOOR 27.npy;FLOOR 28.npy;FLOOR 29.npy;FLOOR 3.npy;FLOOR 30.npy;FLOOR 31.npy;FLOOR 4.npy;FLOOR 5.npy;FLOOR 6.npy;FLOOR 7.npy;FLOOR 8.npy;FLOOR 9.npy
DOOR,31,DOOR 1.npy;DOOR 10.npy;DOOR 11.npy;DOOR 12.npy;DOOR 13.npy;DOOR 14.npy;DOOR 15.npy;DOOR 16.npy;DOOR 17.npy;DOOR 18.npy;DOOR 19.npy;DOOR 2.npy;DOOR 20.npy;DOOR 21.npy;DOOR 22.npy;DOOR 23.npy;DOOR 24.npy;DOOR 25.npy;DOOR 26.npy;DOOR 27.npy;DOOR 28.npy;DOOR 29.npy;DOOR 3.npy;DOOR 30.npy;DOOR 31.npy;DOOR 4.npy;DOOR 5.npy;DOOR 6.npy;DOOR 7.npy;DOOR 8.npy;DOOR 9.npy
WINDOW,31,WINDOW 1.npy;WINDOW 10.npy;WINDOW 11.npy;WINDOW 12.npy;WINDOW 13.npy;WINDOW 14.npy;WINDOW 15.npy;WINDOW 16.npy;WINDOW 17.npy;WINDOW 18.npy;WINDOW 19.npy;WINDOW 2.npy;WINDOW 20.npy;WINDOW 21.npy;WINDOW 22.npy;WINDOW 23.npy;WINDOW 24.npy;WINDOW 25.npy;WINDOW 26.npy;WINDOW 27.npy;WINDOW 28.npy;WINDOW 29.npy;WINDOW 3.npy;WINDOW 30.npy;WINDOW 31.npy;WINDOW 4.npy;WINDOW 5.npy;WINDOW 6.npy;WINDOW 7.npy;WINDOW 8.npy;WINDOW 9.npy
BUS,31,BUS 1.npy;BUS 10.npy;BUS 11.npy;BUS 12.npy;BUS 13.npy;BUS 14.npy;BUS 15.npy;BUS 16.npy;BUS 17.npy;BUS 18.npy;BUS 19.npy;BUS 2.npy;BUS 20.npy;BUS 21.npy;BUS 22.npy;BUS 23.npy;BUS 24.npy;BUS 25.npy;BUS 26.npy;BUS 27.npy;BUS 28.npy;BUS 29.npy;BUS 3.npy;BUS 30.npy;BUS 31.npy;BUS 4.npy;BUS 5.npy;BUS 6.npy;BUS 7.npy;BUS 8.npy;BUS 9.npy
TRAIN,32,TRAIN 1.npy;TRAIN 10.npy;TRAIN 11.npy;TRAIN 12.npy;TRAIN 13.npy;TRAIN 14.npy;TRAIN 15.npy;TRAIN 16.npy;TRAIN 17.npy;TRAIN 18.npy;TRAIN 19.npy;TRAIN 2.npy;TRAIN 20.npy;TRAIN 21.npy;TRAIN 22.npy;TRAIN 23.npy;TRAIN 24.npy;TRAIN 25.npy;TRAIN 26.npy;TRAIN 27.npy;TRAIN 28.npy;TRAIN 29.npy;TRAIN 3.npy;TRAIN 30.npy;TRAIN 31.npy;TRAIN 32.npy;TRAIN 4.npy;TRAIN 5.npy;TRAIN 6.npy;TRAIN 7.npy;TRAIN 8.npy;TRAIN 9.npy
BICYCLE,30,BICYCLE 1.npy;BICYCLE 10.npy;BICYCLE 11.npy;BICYCLE 12.npy;BICYCLE 13.npy;BICYCLE 14.npy;BICYCLE 15.npy;BICYCLE 16.npy;BICYCLE 17.npy;BICYCLE 18.npy;BICYCLE 19.npy;BICYCLE 2.npy;BICYCLE 20.npy;BICYCLE 21.npy;BICYCLE 22.npy;BICYCLE 23.npy;BICYCLE 24.npy;BICYCLE 25.npy;BICYCLE 26.npy;BICYCLE 27.npy;BICYCLE 28.npy;BICYCLE 29.npy;BICYCLE 3.npy;BICYCLE 30.npy;BICYCLE 4.npy;BICYCLE 5.npy;BICYCLE 6.npy;BICYCLE 7.npy;BICYCLE 8.npy;BICYCLE 9.npy
DRIVE,30,DRIVE 1.npy;DRIVE 10.npy;DRIVE 11.npy;DRIVE 12.npy;DRIVE 13.npy;DRIVE 14.npy;DRIVE 15.npy;DRIVE 16.npy;DRIVE 17.npy;DRIVE 18.npy;DRIVE 19.npy;DRIVE 2.npy;DRIVE 20.npy;DRIVE 21.npy;DRIVE 22.npy;DRIVE 23.npy;DRIVE 24.npy;DRIVE 25.npy;DRIVE 26.npy;DRIVE 27.npy;DRIVE 28.npy;DRIVE 29.npy;DRIVE 3.npy;DRIVE 30.npy;DRIVE 4.npy;DRIVE 5.npy;DRIVE 6.npy;DRIVE 7.npy;DRIVE 8.npy;DRIVE 9.npy
VISIT,30,VISIT 1.npy;VISIT 10.npy;VISIT 11.npy;VISIT 12.npy;VISIT 13.npy;VISIT 14.npy;VISIT 15.npy;VISIT 16.npy;VISIT 17.npy;VISIT 18.npy;VISIT 19.npy;VISIT 2.npy;VISIT 20.npy;VISIT 21.npy;VISIT 22.npy;VISIT 23.npy;VISIT 24.npy;VISIT 25.npy;VISIT 26.npy;VISIT 27.npy;VISIT 28.npy;VISIT 29.npy;VISIT 3.npy;VISIT 30.npy;VISIT 4.npy;VISIT 5.npy;VISIT 6.npy;VISIT 7.npy;VISIT 8.npy;VISIT 9.npy
STAY,30,STAY 1.npy;STAY 10.npy;STAY 11.npy;STAY 12.npy;STAY 13.npy;STAY 14.npy;STAY 15.npy;STAY 16.npy;STAY 17.npy;STAY 18.npy;STAY 19.npy;STAY 2.npy;STAY 20.npy;STAY 21.npy;STAY 22.npy;STAY 23.npy;STAY 24.npy;STAY 25.npy;STAY 26.npy;STAY 27.npy;STAY 28.npy;STAY 29.npy;STAY 3.npy;STAY 30.npy;STAY 4.npy;STAY 5.npy;STAY 6.npy;STAY 7.npy;STAY 8.npy;STAY 9.npy
LEAVE,30,LEAVE 1.npy;LEAVE 10.npy;LEAVE 11.npy;LEAVE 12.npy;LEAVE 13.npy;LEAVE 14.npy;LEAVE 15.npy;LEAVE 16.npy;LEAVE 17.npy;LEAVE 18.npy;LEAVE 19.npy;LEAVE 2.npy;LEAVE 20.npy;LEAVE 21.npy;LEAVE 22.npy;LEAVE 23.npy;LEAVE 24.npy;LEAVE 25.npy;LEAVE 26.npy;LEAVE 27.npy;LEAVE 28.npy;LEAVE 29.npy;LEAVE 3.npy;LEAVE 30.npy;LEAVE 4.npy;LEAVE 5.npy;LEAVE 6.npy;LEAVE 7.npy;LEAVE 8.npy;LEAVE 9.npy
PAPER,31,PAPER 1.npy;PAPER 10.npy;PAPER 11.npy;PAPER 12.npy;PAPER 13.npy;PAPER 14.npy;PAPER 15.npy;PAPER 16.npy;PAPER 17.npy;PAPER 18.npy;PAPER 19.npy;PAPER 2.npy;PAPER 20.npy;PAPER 21.npy;PAPER 22.npy;PAPER 23.npy;PAPER 24.npy;PAPER 25.npy;PAPER 26.npy;PAPER 27.npy;PAPER 28.npy;PAPER 29.npy;PAPER 3.npy;PAPER 30.npy;PAPER 31.npy;PAPER 4.npy;PAPER 5.npy;PAPER 6.npy;PAPER 7.npy;PAPER 8.npy;PAPER 9.npy
PEN,31,PEN 1.npy;PEN 10.npy;PEN 11.npy;PEN 12.npy;PEN 13.npy;PEN 14.npy;PEN 15.npy;PEN 16.npy;PEN 17.npy;PEN 18.npy;PEN 19.npy;PEN 2.npy;PEN 20.npy;PEN 21.npy;PEN 22.npy;PEN 23.npy;PEN 24.npy;PEN 25.npy;PEN 26.npy;PEN 27.npy;PEN 28.npy;PEN 29.npy;PEN 3.npy;PEN 30.npy;PEN 31.npy;PEN 4.npy;PEN 5.npy;PEN 6.npy;PEN 7.npy;PEN 8.npy;PEN 9.npy
PENCIL,31,PENCIL 1.npy;PENCIL 10.npy;PENCIL 11.npy;PENCIL 12.npy;PENCIL 13.npy;PENCIL 14.npy;PENCIL 15.npy;PENCIL 16.npy;PENCIL 17.npy;PENCIL 18.npy;PENCIL 19.npy;PENCIL 2.npy;PENCIL 20.npy;PENCIL 21.npy;PENCIL 22.npy;PENCIL 23.npy;PENCIL 24.npy;PENCIL 25.npy;PENCIL 26.npy;PENCIL 27.npy;PENCIL 28.npy;PENCIL 29.npy;PENCIL 3.npy;PENCIL 30.npy;PENCIL 31.npy;PENCIL 4.npy;PENCIL 5.npy;PENCIL 6.npy;PENCIL 7.npy;PENCIL 8.npy;PENCIL 9.npy
COMPUTER,30,COMPUTER 1.npy;COMPUTER 10.npy;COMPUTER 11.npy;COMPUTER 12.npy;COMPUTER 13.npy;COMPUTER 14.npy;COMPUTER 15.npy;COMPUTER 16.npy;COMPUTER 17.npy;COMPUTER 18.npy;COMPUTER 19.npy;COMPUTER 2.npy;COMPUTER 20.npy;COMPUTER 21.npy;COMPUTER 22.npy;COMPUTER 23.npy;COMPUTER 24.npy;COMPUTER 25.npy;COMPUTER 26.npy;COMPUTER 27.npy;COMPUTER 28.npy;COMPUTER 29.npy;COMPUTER 3.npy;COMPUTER 30.npy;COMPUTER 4.npy;COMPUTER 5.npy;COMPUTER 6.npy;COMPUTER 7.npy;COMPUTER 8.npy;COMPUTER 9.npy
EMAIL,30,EMAIL 1.npy;EMAIL 10.npy;EMAIL 11.npy;EMAIL 12.npy;EMAIL 13.npy;EMAIL 14.npy;EMAIL 15.npy;EMAIL 16.npy;EMAIL 17.npy;EMAIL 18.npy;EMAIL 19.npy;EMAIL 2.npy;EMAIL 20.npy;EMAIL 21.npy;EMAIL 22.npy;EMAIL 23.npy;EMAIL 24.npy;EMAIL 25.npy;EMAIL 26.npy;EMAIL 27.npy;EMAIL 28.npy;EMAIL 29.npy;EMAIL 3.npy;EMAIL 30.npy;EMAIL 4.npy;EMAIL 5.npy;EMAIL 6.npy;EMAIL 7.npy;EMAIL 8.npy;EMAIL 9.npy
WRITE,31,WRITE 1.npy;WRITE 10.npy;WRITE 11.npy;WRITE 12.npy;WRITE 13.npy;WRITE 14.npy;WRITE 15.npy;WRITE 16.npy;WRITE 17.npy;WRITE 18.npy;WRITE 19.npy;WRITE 2.npy;WRITE 20.npy;WRITE 21.npy;WRITE 22.npy;WRITE 23.npy;WRITE 24.npy;WRITE 25.npy;WRITE 26.npy;WRITE 27.npy;WRITE 28.npy;WRITE 29.npy;WRITE 3.npy;WRITE 30.npy;WRITE 31.npy;WRITE 4.npy;WRITE 5.npy;WRITE 6.npy;WRITE 7.npy;WRITE 8.npy;WRITE 9.npy
READ,31,READ 1.npy;READ 10.npy;READ 11.npy;READ 12.npy;READ 13.npy;READ 14.npy;READ 15.npy;READ 16.npy;READ 17.npy;READ 18.npy;READ 19.npy;READ 2.npy;READ 20.npy;READ 21.npy;READ 22.npy;READ 23.npy;READ 24.npy;READ 25.npy;READ 26.npy;READ 27.npy;READ 28.npy;READ 29.npy;READ 3.npy;READ 30.npy;READ 31.npy;READ 4.npy;READ 5.npy;READ 6.npy;READ 7.npy;READ 8.npy;READ 9.npy
TEST,30,TEST 1.npy;TEST 10.npy;TEST 11.npy;TEST 12.npy;TEST 13.npy;TEST 14.npy;TEST 15.npy;TEST 16.npy;TEST 17.npy;TEST 18.npy;TEST 19.npy;TEST 2.npy;TEST 20.npy;TEST 21.npy;TEST 22.npy;TEST 23.npy;TEST 24.npy;TEST 25.npy;TEST 26.npy;TEST 27.npy;TEST 28.npy;TEST 29.npy;TEST 3.npy;TEST 30.npy;TEST 4.npy;TEST 5.npy;TEST 6.npy;TEST 7.npy;TEST 8.npy;TEST 9.npy
CLASS,30,CLASS 1.npy;CLASS 10.npy;CLASS 11.npy;CLASS 12.npy;CLASS 13.npy;CLASS 14.npy;CLASS 15.npy;CLASS 16.npy;CLASS 17.npy;CLASS 18.npy;CLASS 19.npy;CLASS 2.npy;CLASS 20.npy;CLASS 21.npy;CLASS 22.npy;CLASS 23.npy;CLASS 24.npy;CLASS 25.npy;CLASS 26.npy;CLASS 27.npy;CLASS 28.npy;CLASS 29.npy;CLASS 3.npy;CLASS 30.npy;CLASS 4.npy;CLASS 5.npy;CLASS 6.npy;CLASS 7.npy;CLASS 8.npy;CLASS 9.npy
MEETING,29,MEETING 1.npy;MEETING 10.npy;MEETING 11.npy;MEETING 12.npy;MEETING 13.npy;MEETING 14.npy;MEETING 15.npy;MEETING 16.npy;MEETING 17.npy;MEETING 18.npy;MEETING 19.npy;MEETING 2.npy;MEETING 20.npy;MEETING 21.npy;MEETING 22.npy;MEETING 23.npy;MEETING 24.npy;MEETING 25.npy;MEETING 26.npy;MEETING 27.npy;MEETING 28.npy;MEETING 29.npy;MEETING 3.npy;MEETING 4.npy;MEETING 5.npy;MEETING 6.npy;MEETING 7.npy;MEETING 8.npy;MEETING 9.npy
CHAIR,30,CHAIR 1.npy;CHAIR 10.npy;CHAIR 11.npy;CHAIR 12.npy;CHAIR 13.npy;CHAIR 14.npy;CHAIR 15.npy;CHAIR 16.npy;CHAIR 17.npy;CHAIR 18.npy;CHAIR 19.npy;CHAIR 2.npy;CHAIR 20.npy;CHAIR 21.npy;CHAIR 22.npy;CHAIR 23.npy;CHAIR 24.npy;CHAIR 25.npy;CHAIR 26.npy;CHAIR 27.npy;CHAIR 28.npy;CHAIR 29.npy;CHAIR 3.npy;CHAIR 30.npy;CHAIR 4.npy;CHAIR 5.npy;CHAIR 6.npy;CHAIR 7.npy;CHAIR 8.npy;CHAIR 9.npy
TABLE,30,TABLE 1.npy;TABLE 10.npy;TABLE 11.npy;TABLE 12.npy;TABLE 13.npy;TABLE 14.npy;TABLE 15.npy;TABLE 16.npy;TABLE 17.npy;TABLE 18.npy;TABLE 19.npy;TABLE 2.npy;TABLE 20.npy;TABLE 21.npy;TABLE 22.npy;TABLE 23.npy;TABLE 24.npy;TABLE 25.npy;TABLE 26.npy;TABLE 27.npy;TABLE 28.npy;TABLE 29.npy;TABLE 3.npy;TABLE 30.npy;TABLE 4.npy;TABLE 5.npy;TABLE 6.npy;TABLE 7.npy;TABLE 8.npy;TABLE 9.npy
COFFEE,30,COFFEE 1.npy;COFFEE 10.npy;COFFEE 11.npy;COFFEE 12.npy;COFFEE 13.npy;COFFEE 14.npy;COFFEE 15.npy;COFFEE 16.npy;COFFEE 17.npy;COFFEE 18.npy;COFFEE 19.npy;COFFEE 2.npy;COFFEE 20.npy;COFFEE 21.npy;COFFEE 22.npy;COFFEE 23.npy;COFFEE 24.npy;COFFEE 25.npy;COFFEE 26.npy;COFFEE 27.npy;COFFEE 28.npy;COFFEE 29.npy;COFFEE 3.npy;COFFEE 30.npy;COFFEE 4.npy;COFFEE 5.npy;COFFEE 6.npy;COFFEE 7.npy;COFFEE 8.npy;COFFEE 9.npy
TEA,30,TEA 1.npy;TEA 10.npy;TEA 11.npy;TEA 12.npy;TEA 13.npy;TEA 14.npy;TEA 15.npy;TEA 16.npy;TEA 17.npy;TEA 18.npy;TEA 19.npy;TEA 2.npy;TEA 20.npy;TEA 21.npy;TEA 22.npy;TEA 23.npy;TEA 24.npy;TEA 25.npy;TEA 26.npy;TEA 27.npy;TEA 28.npy;TEA 29.npy;TEA 3.npy;TEA 30.npy;TEA 4.npy;TEA 5.npy;TEA 6.npy;TEA 7.npy;TEA 8.npy;TEA 9.npy
TIME,31,TIME 1.npy;TIME 10.npy;TIME 11.npy;TIME 12.npy;TIME 13.npy;TIME 14.npy;TIME 15.npy;TIME 16.npy;TIME 17.npy;TIME 18.npy;TIME 19.npy;TIME 2.npy;TIME 20.npy;TIME 21.npy;TIME 22.npy;TIME 23.npy;TIME 24.npy;TIME 25.npy;TIME 26.npy;TIME 27.npy;TIME 28.npy;TIME 29.npy;TIME 3.npy;TIME 30.npy;TIME 31.npy;TIME 4.npy;TIME 5.npy;TIME 6.npy;TIME 7.npy;TIME 8.npy;TIME 9.npy
NIGHT,62,NIGHT 1.npy;NIGHT 10.npy;NIGHT 11.npy;NIGHT 12.npy;NIGHT 13.npy;NIGHT 14.npy;NIGHT 15.npy;NIGHT 16.npy;NIGHT 17.npy;NIGHT 18.npy;NIGHT 19.npy;NIGHT 2.npy;NIGHT 20.npy;NIGHT 21.npy;NIGHT 22.npy;NIGHT 23.npy;NIGHT 24.npy;NIGHT 25.npy;NIGHT 26.npy;NIGHT 27.npy;NIGHT 28.npy;NIGHT 29.npy;NIGHT 3.npy;NIGHT 30.npy;NIGHT 31.npy;NIGHT 32.npy;NIGHT 33.npy;NIGHT 34.npy;NIGHT 35.npy;NIGHT 36.npy;NIGHT 37.npy;NIGHT 38.npy;NIGHT 39.npy;NIGHT 4.npy;NIGHT 40.npy;NIGHT 41.npy;NIGHT 42.npy;NIGHT 43.npy;NIGHT 44.npy;NIGHT 45.npy;NIGHT 46.npy;NIGHT 47.npy;NIGHT 48.npy;NIGHT 49.npy;NIGHT 5.npy;NIGHT 50.npy;NIGHT 51.npy;NIGHT 52.npy;NIGHT 53.npy;NIGHT 54.npy;NIGHT 55.npy;NIGHT 56.npy;NIGHT 57.npy;NIGHT 58.npy;NIGHT 59.npy;NIGHT 6.npy;NIGHT 60.npy;NIGHT 61.npy;NIGHT 62.npy;NIGHT 7.npy;NIGHT 8.npy;NIGHT 9.npy
DRINK,61,DRINK 1.npy;DRINK 10.npy;DRINK 11.npy;DRINK 12.npy;DRINK 13.npy;DRINK 14.npy;DRINK 15.npy;DRINK 16.npy;DRINK 17.npy;DRINK 18.npy;DRINK 19.npy;DRINK 2.npy;DRINK 20.npy;DRINK 21.npy;DRINK 22.npy;DRINK 23.npy;DRINK 24.npy;DRINK 25.npy;DRINK 26.npy;DRINK 27.npy;DRINK 28.npy;DRINK 29.npy;DRINK 3.npy;DRINK 30.npy;DRINK 31.npy;DRINK 32.npy;DRINK 33.npy;DRINK 34.npy;DRINK 35.npy;DRINK 36.npy;DRINK 37.npy;DRINK 38.npy;DRINK 39.npy;DRINK 4.npy;DRINK 40.npy;DRINK 41.npy;DRINK 42.npy;DRINK 43.npy;DRINK 44.npy;DRINK 45.npy;DRINK 46.npy;DRINK 47.npy;DRINK 48.npy;DRINK 49.npy;DRINK 5.npy;DRINK 50.npy;DRINK 51.npy;DRINK 52.npy;DRINK 53.npy;DRINK 54.npy;DRINK 55.npy;DRINK 56.npy;DRINK 57.npy;DRINK 58.npy;DRINK 59.npy;DRINK 6.npy;DRINK 60.npy;DRINK 61.npy;DRINK 7.npy;DRINK 8.npy;DRINK 9.npy
UNDERSTAND,32,UNDERSTAND 1.npy;UNDERSTAND 10.npy;UNDERSTAND 11.npy;UNDERSTAND 12.npy;UNDERSTAND 13.npy;UNDERSTAND 14.npy;UNDERSTAND 15.npy;UNDERSTAND 16.npy;UNDERSTAND 17.npy;UNDERSTAND 18.npy;UNDERSTAND 19.npy;UNDERSTAND 2.npy;UNDERSTAND 20.npy;UNDERSTAND 21.npy;UNDERSTAND 22.npy;UNDERSTAND 23.npy;UNDERSTAND 24.npy;UNDERSTAND 25.npy;UNDERSTAND 26.npy;UNDERSTAND 27.npy;UNDERSTAND 28.npy;UNDERSTAND 29.npy;UNDERSTAND 3.npy;UNDERSTAND 30.npy;UNDERSTAND 31.npy;UNDERSTAND 32.npy;UNDERSTAND 4.npy;UNDERSTAND 5.npy;UNDERSTAND 6.npy;UNDERSTAND 7.npy;UNDERSTAND 8.npy;UNDERSTAND 9.npy
EAT,63,EAT 1_EAT.npy;EAT 10_EAT.npy;EAT 11_EAT.npy;EAT 12_EAT.npy;EAT 13_EAT.npy;EAT 14_EAT.npy;EAT 15_EAT.npy;EAT 16_EAT.npy;EAT 17_EAT.npy;EAT 18_EAT.npy;EAT 19_EAT.npy;EAT 2_EAT.npy;EAT 20_EAT.npy;EAT 21_EAT.npy;EAT 22_EAT.npy;EAT 23_EAT.npy;EAT 24_EAT.npy;EAT 25_EAT.npy;EAT 26_EAT.npy;EAT 27_EAT.npy;EAT 28_EAT.npy;EAT 29_EAT.npy;EAT 3_EAT.npy;EAT 30_EAT.npy;EAT 31_EAT.npy;EAT 32_EAT.npy;EAT 33_EAT.npy;EAT 34_EAT.npy;EAT 35_EAT.npy;EAT 36_EAT.npy;EAT 37_EAT.npy;EAT 38_EAT.npy;EAT 39_EAT.npy;EAT 4_EAT.npy;EAT 40_EAT.npy;EAT 41_EAT.npy;EAT 42_EAT.npy;EAT 43_EAT.npy;EAT 44_EAT.npy;EAT 45_EAT.npy;EAT 46_EAT.npy;EAT 47_EAT.npy;EAT 48_EAT.npy;EAT 49_EAT.npy;EAT 5_EAT.npy;EAT 50_EAT.npy;EAT 51_EAT.npy;EAT 52_EAT.npy;EAT 53_EAT.npy;EAT 54_EAT.npy;EAT 55_EAT.npy;EAT 56_EAT.npy;EAT 57_EAT.npy;EAT 58_EAT.npy;EAT 59_EAT.npy;EAT 6_EAT.npy;EAT 60_EAT.npy;EAT 61_EAT.npy;EAT 62_EAT.npy;EAT 63_EAT.npy;EAT 7_EAT.npy;EAT 8_EAT.npy;EAT 9_EAT.npy
CHAT,31,CHAT 1.npy;CHAT 10.npy;CHAT 11.npy;CHAT 12.npy;CHAT 13.npy;CHAT 14.npy;CHAT 15.npy;CHAT 16.npy;CHAT 17.npy;CHAT 18.npy;CHAT 19.npy;CHAT 2.npy;CHAT 20.npy;CHAT 21.npy;CHAT 22.npy;CHAT 23.npy;CHAT 24.npy;CHAT 25.npy;CHAT 26.npy;CHAT 27.npy;CHAT 28.npy;CHAT 29.npy;CHAT 3.npy;CHAT 30.npy;CHAT 31.npy;CHAT 4.npy;CHAT 5.npy;CHAT 6.npy;CHAT 7.npy;CHAT 8.npy;CHAT 9.npy
WEEK,31,WEEK 1.npy;WEEK 10.npy;WEEK 11.npy;WEEK 12.npy;WEEK 13.npy;WEEK 14.npy;WEEK 15.npy;WEEK 16.npy;WEEK 17.npy;WEEK 18.npy;WEEK 19.npy;WEEK 2.npy;WEEK 20.npy;WEEK 21.npy;WEEK 22.npy;WEEK 23.npy;WEEK 24.npy;WEEK 25.npy;WEEK 26.npy;WEEK 27.npy;WEEK 28.npy;WEEK 29.npy;WEEK 3.npy;WEEK 30.npy;WEEK 31.npy;WEEK 4.npy;WEEK 5.npy;WEEK 6.npy;WEEK 7.npy;WEEK 8.npy;WEEK 9.npy
MORNING,32,MORNING 1.npy;MORNING 10.npy;MORNING 11.npy;MORNING 12.npy;MORNING 13.npy;MORNING 14.npy;MORNING 15.npy;MORNING 16.npy;MORNING 17.npy;MORNING 18.npy;MORNING 19.npy;MORNING 2.npy;MORNING 20.npy;MORNING 21.npy;MORNING 22.npy;MORNING 23.npy;MORNING 24.npy;MORNING 25.npy;MORNING 26.npy;MORNING 27.npy;MORNING 28.npy;MORNING 29.npy;MORNING 3.npy;MORNING 30.npy;MORNING 31.npy;MORNING 32.npy;MORNING 4.npy;MORNING 5.npy;MORNING 6.npy;MORNING 7.npy;MORNING 8.npy;MORNING 9.npy
PLEASE,31,PLEASE 1.npy;PLEASE 10.npy;PLEASE 11.npy;PLEASE 12.npy;PLEASE 13.npy;PLEASE 14.npy;PLEASE 15.npy;PLEASE 16.npy;PLEASE 17.npy;PLEASE 18.npy;PLEASE 19.npy;PLEASE 2.npy;PLEASE 20.npy;PLEASE 21.npy;PLEASE 22.npy;PLEASE 23.npy;PLEASE 24.npy;PLEASE 25.npy;PLEASE 26.npy;PLEASE 27.npy;PLEASE 28.npy;PLEASE 29.npy;PLEASE 3.npy;PLEASE 30.npy;PLEASE 31.npy;PLEASE 4.npy;PLEASE 5.npy;PLEASE 6.npy;PLEASE 7.npy;PLEASE 8.npy;PLEASE 9.npy
PARENTS,31,PARENTS 1.npy;PARENTS 10.npy;PARENTS 11.npy;PARENTS 12.npy;PARENTS 13.npy;PARENTS 14.npy;PARENTS 15.npy;PARENTS 16.npy;PARENTS 17.npy;PARENTS 18.npy;PARENTS 19.npy;PARENTS 2.npy;PARENTS 20.npy;PARENTS 21.npy;PARENTS 22.npy;PARENTS 23.npy;PARENTS 24.npy;PARENTS 25.npy;PARENTS 26.npy;PARENTS 27.npy;PARENTS 28.npy;PARENTS 29.npy;PARENTS 3.npy;PARENTS 30.npy;PARENTS 31.npy;PARENTS 4.npy;PARENTS 5.npy;PARENTS 6.npy;PARENTS 7.npy;PARENTS 8.npy;PARENTS 9.npy
SORRY,30,SORRY 1.npy;SORRY 10.npy;SORRY 11.npy;SORRY 12.npy;SORRY 13.npy;SORRY 14.npy;SORRY 15.npy;SORRY 16.npy;SORRY 17.npy;SORRY 18.npy;SORRY 19.npy;SORRY 2.npy;SORRY 20.npy;SORRY 21.npy;SORRY 22.npy;SORRY 23.npy;SORRY 24.npy;SORRY 25.npy;SORRY 26.npy;SORRY 27.npy;SORRY 28.npy;SORRY 29.npy;SORRY 3.npy;SORRY 30.npy;SORRY 4.npy;SORRY 5.npy;SORRY 6.npy;SORRY 7.npy;SORRY 8.npy;SORRY 9.npy
FRIDAY,30,FRIDAY 1.npy;FRIDAY 10.npy;FRIDAY 11.npy;FRIDAY 12.npy;FRIDAY 13.npy;FRIDAY 14.npy;FRIDAY 15.npy;FRIDAY 16.npy;FRIDAY 17.npy;FRIDAY 18.npy;FRIDAY 19.npy;FRIDAY 2.npy;FRIDAY 20.npy;FRIDAY 21.npy;FRIDAY 22.npy;FRIDAY 23.npy;FRIDAY 24.npy;FRIDAY 25.npy;FRIDAY 26.npy;FRIDAY 27.npy;FRIDAY 28.npy;FRIDAY 29.npy;FRIDAY 3.npy;FRIDAY 30.npy;FRIDAY 4.npy;FRIDAY 5.npy;FRIDAY 6.npy;FRIDAY 7.npy;FRIDAY 8.npy;FRIDAY 9.npy
GOOD,31,GOOD 1.npy;GOOD 10.npy;GOOD 11.npy;GOOD 12.npy;GOOD 13.npy;GOOD 14.npy;GOOD 15.npy;GOOD 16.npy;GOOD 17.npy;GOOD 18.npy;GOOD 19.npy;GOOD 2.npy;GOOD 20.npy;GOOD 21.npy;GOOD 22.npy;GOOD 23.npy;GOOD 24.npy;GOOD 25.npy;GOOD 26.npy;GOOD 27.npy;GOOD 28.npy;GOOD 29.npy;GOOD 3.npy;GOOD 30.npy;GOOD 31.npy;GOOD 4.npy;GOOD 5.npy;GOOD 6.npy;GOOD 7.npy;GOOD 8.npy;GOOD 9.npy
NO,30,NO 1.npy;NO 10.npy;NO 11.npy;NO 12.npy;NO 13.npy;NO 14.npy;NO 15.npy;NO 16.npy;NO 17.npy;NO 18.npy;NO 19.npy;NO 2.npy;NO 20.npy;NO 21.npy;NO 22.npy;NO 23.npy;NO 24.npy;NO 25.npy;NO 26.npy;NO 27.npy;NO 28.npy;NO 29.npy;NO 3.npy;NO 30.npy;NO 4.npy;NO 5.npy;NO 6.npy;NO 7.npy;NO 8.npy;NO 9.npy
MILK,61,MILK 1.npy;MILK 10.npy;MILK 11.npy;MILK 12.npy;MILK 13.npy;MILK 14.npy;MILK 15.npy;MILK 16.npy;MILK 17.npy;MILK 18.npy;MILK 19.npy;MILK 2.npy;MILK 20.npy;MILK 21.npy;MILK 22.npy;MILK 23.npy;MILK 24.npy;MILK 25.npy;MILK 26.npy;MILK 27.npy;MILK 28.npy;MILK 29.npy;MILK 3.npy;MILK 30.npy;MILK 31.npy;MILK 32.npy;MILK 33.npy;MILK 34.npy;MILK 35.npy;MILK 36.npy;MILK 37.npy;MILK 38.npy;MILK 39.npy;MILK 4.npy;MILK 40.npy;MILK 41.npy;MILK 42.npy;MILK 43.npy;MILK 44.npy;MILK 45.npy;MILK 46.npy;MILK 47.npy;MILK 48.npy;MILK 49.npy;MILK 5.npy;MILK 50.npy;MILK 51.npy;MILK 52.npy;MILK 53.npy;MILK 54.npy;MILK 55.npy;MILK 56.npy;MILK 57.npy;MILK 58.npy;MILK 59.npy;MILK 6.npy;MILK 60.npy;MILK 61.npy;MILK 7.npy;MILK 8.npy;MILK 9.npy
MONEY,62,MONEY 1.npy;MONEY 10.npy;MONEY 11.npy;MONEY 12.npy;MONEY 13.npy;MONEY 14.npy;MONEY 15.npy;MONEY 16.npy;MONEY 17.npy;MONEY 18.npy;MONEY 19.npy;MONEY 2.npy;MONEY 20.npy;MONEY 21.npy;MONEY 22.npy;MONEY 23.npy;MONEY 24.npy;MONEY 25.npy;MONEY 26.npy;MONEY 27.npy;MONEY 28.npy;MONEY 29.npy;MONEY 3.npy;MONEY 30.npy;MONEY 31.npy;MONEY 32.npy;MONEY 33.npy;MONEY 34.npy;MONEY 35.npy;MONEY 36.npy;MONEY 37.npy;MONEY 38.npy;MONEY 39.npy;MONEY 4.npy;MONEY 40.npy;MONEY 41.npy;MONEY 42.npy;MONEY 43.npy;MONEY 44.npy;MONEY 45.npy;MONEY 46.npy;MONEY 47.npy;MONEY 48.npy;MONEY 49.npy;MONEY 5.npy;MONEY 50.npy;MONEY 51.npy;MONEY 52.npy;MONEY 53.npy;MONEY 54.npy;MONEY 55.npy;MONEY 56.npy;MONEY 57.npy;MONEY 58.npy;MONEY 59.npy;MONEY 6.npy;MONEY 60.npy;MONEY 61.npy;MONEY 62.npy;MONEY 7.npy;MONEY 8.npy;MONEY 9.npy
BOY,32,BOY 1.npy;BOY 10.npy;BOY 11.npy;BOY 12.npy;BOY 13.npy;BOY 14.npy;BOY 15.npy;BOY 16.npy;BOY 17.npy;BOY 18.npy;BOY 19.npy;BOY 2.npy;BOY 20.npy;BOY 21.npy;BOY 22.npy;BOY 23.npy;BOY 24.npy;BOY 25.npy;BOY 26.npy;BOY 27.npy;BOY 28.npy;BOY 29.npy;BOY 3.npy;BOY 30.npy;BOY 31.npy;BOY 32.npy;BOY 4.npy;BOY 5.npy;BOY 6.npy;BOY 7.npy;BOY 8.npy;BOY 9.npy
WHAT FOR,89,WHAT FOR 1.npy;WHAT FOR 10.npy;WHAT FOR 11.npy;WHAT FOR 12.npy;WHAT FOR 13.npy;WHAT FOR 14.npy;WHAT FOR 15.npy;WHAT FOR 16.npy;WHAT FOR 17.npy;WHAT FOR 18.npy;WHAT FOR 19.npy;WHAT FOR 2.npy;WHAT FOR 20.npy;WHAT FOR 21.npy;WHAT FOR 22.npy;WHAT FOR 23.npy;WHAT FOR 24.npy;WHAT FOR 25.npy;WHAT FOR 26.npy;WHAT FOR 27.npy;WHAT FOR 28.npy;WHAT FOR 29.npy;WHAT FOR 3.npy;WHAT FOR 30.npy;WHAT FOR 31.npy;WHAT FOR 32.npy;WHAT FOR 33.npy;WHAT FOR 34.npy;WHAT FOR 35.npy;WHAT FOR 36.npy;WHAT FOR 37.npy;WHAT FOR 38.npy;WHAT FOR 39.npy;WHAT FOR 4.npy;WHAT FOR 40.npy;WHAT FOR 41.npy;WHAT FOR 42.npy;WHAT FOR 43.npy;WHAT FOR 44.npy;WHAT FOR 45.npy;WHAT FOR 46.npy;WHAT FOR 47.npy;WHAT FOR 48.npy;WHAT FOR 49.npy;WHAT FOR 5.npy;WHAT FOR 50.npy;WHAT FOR 51.npy;WHAT FOR 52.npy;WHAT FOR 53.npy;WHAT FOR 54.npy;WHAT FOR 55.npy;WHAT FOR 56.npy;WHAT FOR 57.npy;WHAT FOR 58.npy;WHAT FOR 59.npy;WHAT FOR 6.npy;WHAT FOR 60.npy;WHAT FOR 61.npy;WHAT FOR 62.npy;WHAT FOR 63.npy;WHAT FOR 64.npy;WHAT FOR 65.npy;WHAT FOR 66.npy;WHAT FOR 67.npy;WHAT FOR 68.npy;WHAT FOR 69.npy;WHAT FOR 7.npy;WHAT FOR 70.npy;WHAT FOR 71.npy;WHAT FOR 72.npy;WHAT FOR 73.npy;WHAT FOR 74.npy;WHAT FOR 75.npy;WHAT FOR 76.npy;WHAT FOR 77.npy;WHAT FOR 78.npy;WHAT FOR 79.npy;WHAT FOR 8.npy;WHAT FOR 80.npy;WHAT FOR 81.npy;WHAT FOR 82.npy;WHAT FOR 83.npy;WHAT FOR 84.npy;WHAT FOR 85.npy;WHAT FOR 86.npy;WHAT FOR 87.npy;WHAT FOR 88.npy;WHAT FOR 89.npy;WHAT FOR 9.npy
WISH,32,WISH 1.npy;WISH 10.npy;WISH 11.npy;WISH 12.npy;WISH 13.npy;WISH 14.npy;WISH 15.npy;WISH 16.npy;WISH 17.npy;WISH 18.npy;WISH 19.npy;WISH 2.npy;WISH 20.npy;WISH 21.npy;WISH 22.npy;WISH 23.npy;WISH 24.npy;WISH 25.npy;WISH 26.npy;WISH 27.npy;WISH 28.npy;WISH 29.npy;WISH 3.npy;WISH 30.npy;WISH 31.npy;WISH 32.npy;WISH 4.npy;WISH 5.npy;WISH 6.npy;WISH 7.npy;WISH 8.npy;WISH 9.npy
GET,31,GET 1.npy;GET 10.npy;GET 11.npy;GET 12.npy;GET 13.npy;GET 14.npy;GET 15.npy;GET 16.npy;GET 17.npy;GET 18.npy;GET 19.npy;GET 2.npy;GET 20.npy;GET 21.npy;GET 22.npy;GET 23.npy;GET 24.npy;GET 25.npy;GET 26.npy;GET 27.npy;GET 28.npy;GET 29.npy;GET 3.npy;GET 30.npy;GET 31.npy;GET 4.npy;GET 5.npy;GET 6.npy;GET 7.npy;GET 8.npy;GET 9.npy
BOOK,31,BOOK 1.npy;BOOK 10.npy;BOOK 11.npy;BOOK 12.npy;BOOK 13.npy;BOOK 14.npy;BOOK 15.npy;BOOK 16.npy;BOOK 17.npy;BOOK 18.npy;BOOK 19.npy;BOOK 2.npy;BOOK 20.npy;BOOK 21.npy;BOOK 22.npy;BOOK 23.npy;BOOK 24.npy;BOOK 25.npy;BOOK 26.npy;BOOK 27.npy;BOOK 28.npy;BOOK 29.npy;BOOK 3.npy;BOOK 30.npy;BOOK 31.npy;BOOK 4.npy;BOOK 5.npy;BOOK 6.npy;BOOK 7.npy;BOOK 8.npy;BOOK 9.npy
FAMILY,30,FAMILY 1.npy;FAMILY 10.npy;FAMILY 11.npy;FAMILY 12.npy;FAMILY 13.npy;FAMILY 14.npy;FAMILY 15.npy;FAMILY 16.npy;FAMILY 17.npy;FAMILY 18.npy;FAMILY 19.npy;FAMILY 2.npy;FAMILY 20.npy;FAMILY 21.npy;FAMILY 22.npy;FAMILY 23.npy;FAMILY 24.npy;FAMILY 25.npy;FAMILY 26.npy;FAMILY 27.npy;FAMILY 28.npy;FAMILY 29.npy;FAMILY 3.npy;FAMILY 30.npy;FAMILY 4.npy;FAMILY 5.npy;FAMILY 6.npy;FAMILY 7.npy;FAMILY 8.npy;FAMILY 9.npy
SAME,62,SAME 1.npy;SAME 10.npy;SAME 11.npy;SAME 12.npy;SAME 13.npy;SAME 14.npy;SAME 15.npy;SAME 16.npy;SAME 17.npy;SAME 18.npy;SAME 19.npy;SAME 2.npy;SAME 20.npy;SAME 21.npy;SAME 22.npy;SAME 23.npy;SAME 24.npy;SAME 25.npy;SAME 26.npy;SAME 27.npy;SAME 28.npy;SAME 29.npy;SAME 3.npy;SAME 30.npy;SAME 31.npy;SAME 32.npy;SAME 33.npy;SAME 34.npy;SAME 35.npy;SAME 36.npy;SAME 37.npy;SAME 38.npy;SAME 39.npy;SAME 4.npy;SAME 40.npy;SAME 41.npy;SAME 42.npy;SAME 43.npy;SAME 44.npy;SAME 45.npy;SAME 46.npy;SAME 47.npy;SAME 48.npy;SAME 49.npy;SAME 5.npy;SAME 50.npy;SAME 51.npy;SAME 52.npy;SAME 53.npy;SAME 54.npy;SAME 55.npy;SAME 56.npy;SAME 57.npy;SAME 58.npy;SAME 59.npy;SAME 6.npy;SAME 60.npy;SAME 61.npy;SAME 62.npy;SAME 7.npy;SAME 8.npy;SAME 9.npy
SLEEP,30,SLEEP 1.npy;SLEEP 10.npy;SLEEP 11.npy;SLEEP 12.npy;SLEEP 13.npy;SLEEP 14.npy;SLEEP 15.npy;SLEEP 16.npy;SLEEP 17.npy;SLEEP 18.npy;SLEEP 19.npy;SLEEP 2.npy;SLEEP 20.npy;SLEEP 21.npy;SLEEP 22.npy;SLEEP 23.npy;SLEEP 24.npy;SLEEP 25.npy;SLEEP 26.npy;SLEEP 27.npy;SLEEP 28.npy;SLEEP 29.npy;SLEEP 3.npy;SLEEP 30.npy;SLEEP 4.npy;SLEEP 5.npy;SLEEP 6.npy;SLEEP 7.npy;SLEEP 8.npy;SLEEP 9.npy
NUMBERS,30,NUMBERS 1.npy;NUMBERS 10.npy;NUMBERS 11.npy;NUMBERS 12.npy;NUMBERS 13.npy;NUMBERS 14.npy;NUMBERS 15.npy;NUMBERS 16.npy;NUMBERS 17.npy;NUMBERS 18.npy;NUMBERS 19.npy;NUMBERS 2.npy;NUMBERS 20.npy;NUMBERS 21.npy;NUMBERS 22.npy;NUMBERS 23.npy;NUMBERS 24.npy;NUMBERS 25.npy;NUMBERS 26.npy;NUMBERS 27.npy;NUMBERS 28.npy;NUMBERS 29.npy;NUMBERS 3.npy;NUMBERS 30.npy;NUMBERS 4.npy;NUMBERS 5.npy;NUMBERS 6.npy;NUMBERS 7.npy;NUMBERS 8.npy;NUMBERS 9.npy
NEW,31,NEW 1.npy;NEW 10.npy;NEW 11.npy;NEW 12.npy;NEW 13.npy;NEW 14.npy;NEW 15.npy;NEW 16.npy;NEW 17.npy;NEW 18.npy;NEW 19.npy;NEW 2.npy;NEW 20.npy;NEW 21.npy;NEW 22.npy;NEW 23.npy;NEW 24.npy;NEW 25.npy;NEW 26.npy;NEW 27.npy;NEW 28.npy;NEW 29.npy;NEW 3.npy;NEW 30.npy;NEW 31.npy;NEW 4.npy;NEW 5.npy;NEW 6.npy;NEW 7.npy;NEW 8.npy;NEW 9.npy
EXPERIENCE,32,EXPERIENCE 1.npy;EXPERIENCE 10.npy;EXPERIENCE 11.npy;EXPERIENCE 12.npy;EXPERIENCE 13.npy;EXPERIENCE 14.npy;EXPERIENCE 15.npy;EXPERIENCE 16.npy;EXPERIENCE 17.npy;EXPERIENCE 18.npy;EXPERIENCE 19.npy;EXPERIENCE 2.npy;EXPERIENCE 20.npy;EXPERIENCE 21.npy;EXPERIENCE 22.npy;EXPERIENCE 23.npy;EXPERIENCE 24.npy;EXPERIENCE 25.npy;EXPERIENCE 26.npy;EXPERIENCE 27.npy;EXPERIENCE 28.npy;EXPERIENCE 29.npy;EXPERIENCE 3.npy;EXPERIENCE 30.npy;EXPERIENCE 31.npy;EXPERIENCE 32.npy;EXPERIENCE 4.npy;EXPERIENCE 5.npy;EXPERIENCE 6.npy;EXPERIENCE 7.npy;EXPERIENCE 8.npy;EXPERIENCE 9.npy
CANADA,30,CANADA 1.npy;CANADA 10.npy;CANADA 11.npy;CANADA 12.npy;CANADA 13.npy;CANADA 14.npy;CANADA 15.npy;CANADA 16.npy;CANADA 17.npy;CANADA 18.npy;CANADA 19.npy;CANADA 2.npy;CANADA 20.npy;CANADA 21.npy;CANADA 22.npy;CANADA 23.npy;CANADA 24.npy;CANADA 25.npy;CANADA 26.npy;CANADA 27.npy;CANADA 28.npy;CANADA 29.npy;CANADA 3.npy;CANADA 30.npy;CANADA 4.npy;CANADA 5.npy;CANADA 6.npy;CANADA 7.npy;CANADA 8.npy;CANADA 9.npy
PLAY,32,PLAY 1.npy;PLAY 10.npy;PLAY 11.npy;PLAY 12.npy;PLAY 13.npy;PLAY 14.npy;PLAY 15.npy;PLAY 16.npy;PLAY 17.npy;PLAY 18.npy;PLAY 19.npy;PLAY 2.npy;PLAY 20.npy;PLAY 21.npy;PLAY 22.npy;PLAY 23.npy;PLAY 24.npy;PLAY 25.npy;PLAY 26.npy;PLAY 27.npy;PLAY 28.npy;PLAY 29.npy;PLAY 3.npy;PLAY 30.npy;PLAY 31.npy;PLAY 32.npy;PLAY 4.npy;PLAY 5.npy;PLAY 6.npy;PLAY 7.npy;PLAY 8.npy;PLAY 9.npy
SHOW,30,SHOW 1.npy;SHOW 10.npy;SHOW 11.npy;SHOW 12.npy;SHOW 13.npy;SHOW 14.npy;SHOW 15.npy;SHOW 16.npy;SHOW 17.npy;SHOW 18.npy;SHOW 19.npy;SHOW 2.npy;SHOW 20.npy;SHOW 21.npy;SHOW 22.npy;SHOW 23.npy;SHOW 24.npy;SHOW 25.npy;SHOW 26.npy;SHOW 27.npy;SHOW 28.npy;SHOW 29.npy;SHOW 3.npy;SHOW 30.npy;SHOW 4.npy;SHOW 5.npy;SHOW 6.npy;SHOW 7.npy;SHOW 8.npy;SHOW 9.npy
LAST,31,LAST 1.npy;LAST 10.npy;LAST 11.npy;LAST 12.npy;LAST 13.npy;LAST 14.npy;LAST 15.npy;LAST 16.npy;LAST 17.npy;LAST 18.npy;LAST 19.npy;LAST 2.npy;LAST 20.npy;LAST 21.npy;LAST 22.npy;LAST 23.npy;LAST 24.npy;LAST 25.npy;LAST 26.npy;LAST 27.npy;LAST 28.npy;LAST 29.npy;LAST 3.npy;LAST 30.npy;LAST 31.npy;LAST 4.npy;LAST 5.npy;LAST 6.npy;LAST 7.npy;LAST 8.npy;LAST 9.npy
FATHER,29,FATHER 1.npy;FATHER 10.npy;FATHER 11.npy;FATHER 12.npy;FATHER 13.npy;FATHER 14.npy;FATHER 15.npy;FATHER 16.npy;FATHER 17.npy;FATHER 18.npy;FATHER 19.npy;FATHER 2.npy;FATHER 20.npy;FATHER 21.npy;FATHER 22.npy;FATHER 23.npy;FATHER 24.npy;FATHER 25.npy;FATHER 26.npy;FATHER 27.npy;FATHER 28.npy;FATHER 29.npy;FATHER 3.npy;FATHER 4.npy;FATHER 5.npy;FATHER 6.npy;FATHER 7.npy;FATHER 8.npy;FATHER 9.npy
WAIT,30,WAIT 1.npy;WAIT 10.npy;WAIT 11.npy;WAIT 12.npy;WAIT 13.npy;WAIT 14.npy;WAIT 15.npy;WAIT 16.npy;WAIT 17.npy;WAIT 18.npy;WAIT 19.npy;WAIT 2.npy;WAIT 20.npy;WAIT 21.npy;WAIT 22.npy;WAIT 23.npy;WAIT 24.npy;WAIT 25.npy;WAIT 26.npy;WAIT 27.npy;WAIT 28.npy;WAIT 29.npy;WAIT 3.npy;WAIT 30.npy;WAIT 4.npy;WAIT 5.npy;WAIT 6.npy;WAIT 7.npy;WAIT 8.npy;WAIT 9.npy
BREAD,31,BREAD 1.npy;BREAD 10.npy;BREAD 11.npy;BREAD 12.npy;BREAD 13.npy;BREAD 14.npy;BREAD 15.npy;BREAD 16.npy;BREAD 17.npy;BREAD 18.npy;BREAD 19.npy;BREAD 2.npy;BREAD 20.npy;BREAD 21.npy;BREAD 22.npy;BREAD 23.npy;BREAD 24.npy;BREAD 25.npy;BREAD 26.npy;BREAD 27.npy;BREAD 28.npy;BREAD 29.npy;BREAD 3.npy;BREAD 30.npy;BREAD 31.npy;BREAD 4.npy;BREAD 5.npy;BREAD 6.npy;BREAD 7.npy;BREAD 8.npy;BREAD 9.npy
BREAK,30,BREAK 1.npy;BREAK 10.npy;BREAK 11.npy;BREAK 12.npy;BREAK 13.npy;BREAK 14.npy;BREAK 15.npy;BREAK 16.npy;BREAK 17.npy;BREAK 18.npy;BREAK 19.npy;BREAK 2.npy;BREAK 20.npy;BREAK 21.npy;BREAK 22.npy;BREAK 23.npy;BREAK 24.npy;BREAK 25.npy;BREAK 26.npy;BREAK 27.npy;BREAK 28.npy;BREAK 29.npy;BREAK 3.npy;BREAK 30.npy;BREAK 4.npy;BREAK 5.npy;BREAK 6.npy;BREAK 7.npy;BREAK 8.npy;BREAK 9.npy
BAD,30,BAD 1.npy;BAD 10.npy;BAD 11.npy;BAD 12.npy;BAD 13.npy;BAD 14.npy;BAD 15.npy;BAD 16.npy;BAD 17.npy;BAD 18.npy;BAD 19.npy;BAD 2.npy;BAD 20.npy;BAD 21.npy;BAD 22.npy;BAD 23.npy;BAD 24.npy;BAD 25.npy;BAD 26.npy;BAD 27.npy;BAD 28.npy;BAD 29.npy;BAD 3.npy;BAD 30.npy;BAD 4.npy;BAD 5.npy;BAD 6.npy;BAD 7.npy;BAD 8.npy;BAD 9.npy
LEARN,31,LEARN 1.npy;LEARN 10.npy;LEARN 11.npy;LEARN 12.npy;LEARN 13.npy;LEARN 14.npy;LEARN 15.npy;LEARN 16.npy;LEARN 17.npy;LEARN 18.npy;LEARN 19.npy;LEARN 2.npy;LEARN 20.npy;LEARN 21.npy;LEARN 22.npy;LEARN 23.npy;LEARN 24.npy;LEARN 25.npy;LEARN 26.npy;LEARN 27.npy;LEARN 28.npy;LEARN 29.npy;LEARN 3.npy;LEARN 30.npy;LEARN 31.npy;LEARN 4.npy;LEARN 5.npy;LEARN 6.npy;LEARN 7.npy;LEARN 8.npy;LEARN 9.npy
WHICH,32,WHICH 1.npy;WHICH 10.npy;WHICH 11.npy;WHICH 12.npy;WHICH 13.npy;WHICH 14.npy;WHICH 15.npy;WHICH 16.npy;WHICH 17.npy;WHICH 18.npy;WHICH 19.npy;WHICH 2.npy;WHICH 20.npy;WHICH 21.npy;WHICH 22.npy;WHICH 23.npy;WHICH 24.npy;WHICH 25.npy;WHICH 26.npy;WHICH 27.npy;WHICH 28.npy;WHICH 29.npy;WHICH 3.npy;WHICH 30.npy;WHICH 31.npy;WHICH 32.npy;WHICH 4.npy;WHICH 5.npy;WHICH 6.npy;WHICH 7.npy;WHICH 8.npy;WHICH 9.npy
WORRY,29,WORRY 1.npy;WORRY 10.npy;WORRY 11.npy;WORRY 12.npy;WORRY 13.npy;WORRY 14.npy;WORRY 15.npy;WORRY 16.npy;WORRY 17.npy;WORRY 18.npy;WORRY 19.npy;WORRY 2.npy;WORRY 20.npy;WORRY 21.npy;WORRY 22.npy;WORRY 23.npy;WORRY 24.npy;WORRY 25.npy;WORRY 26.npy;WORRY 27.npy;WORRY 28.npy;WORRY 29.npy;WORRY 3.npy;WORRY 4.npy;WORRY 5.npy;WORRY 6.npy;WORRY 7.npy;WORRY 8.npy;WORRY 9.npy
CANCEL,60,CANCEL 1.npy;CANCEL 10.npy;CANCEL 11.npy;CANCEL 12.npy;CANCEL 13.npy;CANCEL 14.npy;CANCEL 15.npy;CANCEL 16.npy;CANCEL 17.npy;CANCEL 18.npy;CANCEL 19.npy;CANCEL 2.npy;CANCEL 20.npy;CANCEL 21.npy;CANCEL 22.npy;CANCEL 23.npy;CANCEL 24.npy;CANCEL 25.npy;CANCEL 26.npy;CANCEL 27.npy;CANCEL 28.npy;CANCEL 29.npy;CANCEL 3.npy;CANCEL 30.npy;CANCEL 31.npy;CANCEL 32.npy;CANCEL 33.npy;CANCEL 34.npy;CANCEL 35.npy;CANCEL 36.npy;CANCEL 37.npy;CANCEL 38.npy;CANCEL 39.npy;CANCEL 4.npy;CANCEL 40.npy;CANCEL 41.npy;CANCEL 42.npy;CANCEL 43.npy;CANCEL 44.npy;CANCEL 45.npy;CANCEL 46.npy;CANCEL 47.npy;CANCEL 48.npy;CANCEL 49.npy;CANCEL 5.npy;CANCEL 50.npy;CANCEL 51.npy;CANCEL 52.npy;CANCEL 53.npy;CANCEL 54.npy;CANCEL 55.npy;CANCEL 56.npy;CANCEL 57.npy;CANCEL 58.npy;CANCEL 59.npy;CANCEL 6.npy;CANCEL 60.npy;CANCEL 7.npy;CANCEL 8.npy;CANCEL 9.npy
DECIDE,61,DECIDE 1.npy;DECIDE 10.npy;DECIDE 11.npy;DECIDE 12.npy;DECIDE 13.npy;DECIDE 14.npy;DECIDE 15.npy;DECIDE 16.npy;DECIDE 17.npy;DECIDE 18.npy;DECIDE 19.npy;DECIDE 2.npy;DECIDE 20.npy;DECIDE 21.npy;DECIDE 22.npy;DECIDE 23.npy;DECIDE 24.npy;DECIDE 25.npy;DECIDE 26.npy;DECIDE 27.npy;DECIDE 28.npy;DECIDE 29.npy;DECIDE 3.npy;DECIDE 30.npy;DECIDE 31.npy;DECIDE 32.npy;DECIDE 33.npy;DECIDE 34.npy;DECIDE 35.npy;DECIDE 36.npy;DECIDE 37.npy;DECIDE 38.npy;DECIDE 39.npy;DECIDE 4.npy;DECIDE 40.npy;DECIDE 41.npy;DECIDE 42.npy;DECIDE 43.npy;DECIDE 44.npy;DECIDE 45.npy;DECIDE 46.npy;DECIDE 47.npy;DECIDE 48.npy;DECIDE 49.npy;DECIDE 5.npy;DECIDE 50.npy;DECIDE 51.npy;DECIDE 52.npy;DECIDE 53.npy;DECIDE 54.npy;DECIDE 55.npy;DECIDE 56.npy;DECIDE 57.npy;DECIDE 58.npy;DECIDE 59.npy;DECIDE 6.npy;DECIDE 60.npy;DECIDE 61.npy;DECIDE 7.npy;DECIDE 8.npy;DECIDE 9.npy
WARN,31,WARN 1.npy;WARN 10.npy;WARN 11.npy;WARN 12.npy;WARN 13.npy;WARN 14.npy;WARN 15.npy;WARN 16.npy;WARN 17.npy;WARN 18.npy;WARN 19.npy;WARN 2.npy;WARN 20.npy;WARN 21.npy;WARN 22.npy;WARN 23.npy;WARN 24.npy;WARN 25.npy;WARN 26.npy;WARN 27.npy;WARN 28.npy;WARN 29.npy;WARN 3.npy;WARN 30.npy;WARN 31.npy;WARN 4.npy;WARN 5.npy;WARN 6.npy;WARN 7.npy;WARN 8.npy;WARN 9.npy
KEY,31,KEY 1.npy;KEY 10.npy;KEY 11.npy;KEY 12.npy;KEY 13.npy;KEY 14.npy;KEY 15.npy;KEY 16.npy;KEY 17.npy;KEY 18.npy;KEY 19.npy;KEY 2.npy;KEY 20.npy;KEY 21.npy;KEY 22.npy;KEY 23.npy;KEY 24.npy;KEY 25.npy;KEY 26.npy;KEY 27.npy;KEY 28.npy;KEY 29.npy;KEY 3.npy;KEY 30.npy;KEY 31.npy;KEY 4.npy;KEY 5.npy;KEY 6.npy;KEY 7.npy;KEY 8.npy;KEY 9.npy
LOOK FOR,30,LOOK FOR 1.npy;LOOK FOR 10.npy;LOOK FOR 11.npy;LOOK FOR 12.npy;LOOK FOR 13.npy;LOOK FOR 14.npy;LOOK FOR 15.npy;LOOK FOR 16.npy;LOOK FOR 17.npy;LOOK FOR 18.npy;LOOK FOR 19.npy;LOOK FOR 2.npy;LOOK FOR 20.npy;LOOK FOR 21.npy;LOOK FOR 22.npy;LOOK FOR 23.npy;LOOK FOR 24.npy;LOOK FOR 25.npy;LOOK FOR 26.npy;LOOK FOR 27.npy;LOOK FOR 28.npy;LOOK FOR 29.npy;LOOK FOR 3.npy;LOOK FOR 30.npy;LOOK FOR 4.npy;LOOK FOR 5.npy;LOOK FOR 6.npy;LOOK FOR 7.npy;LOOK FOR 8.npy;LOOK FOR 9.npy
FEEL,31,FEEL 1.npy;FEEL 10.npy;FEEL 11.npy;FEEL 12.npy;FEEL 13.npy;FEEL 14.npy;FEEL 15.npy;FEEL 16.npy;FEEL 17.npy;FEEL 18.npy;FEEL 19.npy;FEEL 2.npy;FEEL 20.npy;FEEL 21.npy;FEEL 22.npy;FEEL 23.npy;FEEL 24.npy;FEEL 25.npy;FEEL 26.npy;FEEL 27.npy;FEEL 28.npy;FEEL 29.npy;FEEL 3.npy;FEEL 30.npy;FEEL 31.npy;FEEL 4.npy;FEEL 5.npy;FEEL 6.npy;FEEL 7.npy;FEEL 8.npy;FEEL 9.npy
HIGH,29,HIGH 1.npy;HIGH 10.npy;HIGH 11.npy;HIGH 12.npy;HIGH 13.npy;HIGH 14.npy;HIGH 15.npy;HIGH 16.npy;HIGH 17.npy;HIGH 18.npy;HIGH 19.npy;HIGH 2.npy;HIGH 20.npy;HIGH 21.npy;HIGH 22.npy;HIGH 23.npy;HIGH 24.npy;HIGH 25.npy;HIGH 26.npy;HIGH 27.npy;HIGH 28.npy;HIGH 29.npy;HIGH 3.npy;HIGH 4.npy;HIGH 5.npy;HIGH 6.npy;HIGH 7.npy;HIGH 8.npy;HIGH 9.npy
TIRED,30,TIRED 1.npy;TIRED 10.npy;TIRED 11.npy;TIRED 12.npy;TIRED 13.npy;TIRED 14.npy;TIRED 15.npy;TIRED 16.npy;TIRED 17.npy;TIRED 18.npy;TIRED 19.npy;TIRED 2.npy;TIRED 20.npy;TIRED 21.npy;TIRED 22.npy;TIRED 23.npy;TIRED 24.npy;TIRED 25.npy;TIRED 26.npy;TIRED 27.npy;TIRED 28.npy;TIRED 29.npy;TIRED 3.npy;TIRED 30.npy;TIRED 4.npy;TIRED 5.npy;TIRED 6.npy;TIRED 7.npy;TIRED 8.npy;TIRED 9.npy
KNOW,31,KNOW 1.npy;KNOW 10.npy;KNOW 11.npy;KNOW 12.npy;KNOW 13.npy;KNOW 14.npy;KNOW 15.npy;KNOW 16.npy;KNOW 17.npy;KNOW 18.npy;KNOW 19.npy;KNOW 2.npy;KNOW 20.npy;KNOW 21.npy;KNOW 22.npy;KNOW 23.npy;KNOW 24.npy;KNOW 25.npy;KNOW 26.npy;KNOW 27.npy;KNOW 28.npy;KNOW 29.npy;KNOW 3.npy;KNOW 30.npy;KNOW 31.npy;KNOW 4.npy;KNOW 5.npy;KNOW 6.npy;KNOW 7.npy;KNOW 8.npy;KNOW 9.npy
EQUAL,30,EQUAL 1.npy;EQUAL 10.npy;EQUAL 11.npy;EQUAL 12.npy;EQUAL 13.npy;EQUAL 14.npy;EQUAL 15.npy;EQUAL 16.npy;EQUAL 17.npy;EQUAL 18.npy;EQUAL 19.npy;EQUAL 2.npy;EQUAL 20.npy;EQUAL 21.npy;EQUAL 22.npy;EQUAL 23.npy;EQUAL 24.npy;EQUAL 25.npy;EQUAL 26.npy;EQUAL 27.npy;EQUAL 28.npy;EQUAL 29.npy;EQUAL 3.npy;EQUAL 30.npy;EQUAL 4.npy;EQUAL 5.npy;EQUAL 6.npy;EQUAL 7.npy;EQUAL 8.npy;EQUAL 9.npy
MORE,31,MORE 1.npy;MORE 10.npy;MORE 11.npy;MORE 12.npy;MORE 13.npy;MORE 14.npy;MORE 15.npy;MORE 16.npy;MORE 17.npy;MORE 18.npy;MORE 19.npy;MORE 2.npy;MORE 20.npy;MORE 21.npy;MORE 22.npy;MORE 23.npy;MORE 24.npy;MORE 25.npy;MORE 26.npy;MORE 27.npy;MORE 28.npy;MORE 29.npy;MORE 3.npy;MORE 30.npy;MORE 31.npy;MORE 4.npy;MORE 5.npy;MORE 6.npy;MORE 7.npy;MORE 8.npy;MORE 9.npy
HOCKEY,31,HOCKEY 1.npy;HOCKEY 10.npy;HOCKEY 11.npy;HOCKEY 12.npy;HOCKEY 13.npy;HOCKEY 14.npy;HOCKEY 15.npy;HOCKEY 16.npy;HOCKEY 17.npy;HOCKEY 18.npy;HOCKEY 19.npy;HOCKEY 2.npy;HOCKEY 20.npy;HOCKEY 21.npy;HOCKEY 22.npy;HOCKEY 23.npy;HOCKEY 24.npy;HOCKEY 25.npy;HOCKEY 26.npy;HOCKEY 27.npy;HOCKEY 28.npy;HOCKEY 29.npy;HOCKEY 3.npy;HOCKEY 30.npy;HOCKEY 31.npy;HOCKEY 4.npy;HOCKEY 5.npy;HOCKEY 6.npy;HOCKEY 7.npy;HOCKEY 8.npy;HOCKEY 9.npy
PRINT,31,PRINT 1.npy;PRINT 10.npy;PRINT 11.npy;PRINT 12.npy;PRINT 13.npy;PRINT 14.npy;PRINT 15.npy;PRINT 16.npy;PRINT 17.npy;PRINT 18.npy;PRINT 19.npy;PRINT 2.npy;PRINT 20.npy;PRINT 21.npy;PRINT 22.npy;PRINT 23.npy;PRINT 24.npy;PRINT 25.npy;PRINT 26.npy;PRINT 27.npy;PRINT 28.npy;PRINT 29.npy;PRINT 3.npy;PRINT 30.npy;PRINT 31.npy;PRINT 4.npy;PRINT 5.npy;PRINT 6.npy;PRINT 7.npy;PRINT 8.npy;PRINT 9.npy
MONDAY,31,MONDAY 1.npy;MONDAY 10.npy;MONDAY 11.npy;MONDAY 12.npy;MONDAY 13.npy;MONDAY 14.npy;MONDAY 15.npy;MONDAY 16.npy;MONDAY 17.npy;MONDAY 18.npy;MONDAY 19.npy;MONDAY 2.npy;MONDAY 20.npy;MONDAY 21.npy;MONDAY 22.npy;MONDAY 23.npy;MONDAY 24.npy;MONDAY 25.npy;MONDAY 26.npy;MONDAY 27.npy;MONDAY 28.npy;MONDAY 29.npy;MONDAY 3.npy;MONDAY 30.npy;MONDAY 31.npy;MONDAY 4.npy;MONDAY 5.npy;MONDAY 6.npy;MONDAY 7.npy;MONDAY 8.npy;MONDAY 9.npy
PRETTY,30,PRETTY 1.npy;PRETTY 10.npy;PRETTY 11.npy;PRETTY 12.npy;PRETTY 13.npy;PRETTY 14.npy;PRETTY 15.npy;PRETTY 16.npy;PRETTY 17.npy;PRETTY 18.npy;PRETTY 19.npy;PRETTY 2.npy;PRETTY 20.npy;PRETTY 21.npy;PRETTY 22.npy;PRETTY 23.npy;PRETTY 24.npy;PRETTY 25.npy;PRETTY 26.npy;PRETTY 27.npy;PRETTY 28.npy;PRETTY 29.npy;PRETTY 3.npy;PRETTY 30.npy;PRETTY 4.npy;PRETTY 5.npy;PRETTY 6.npy;PRETTY 7.npy;PRETTY 8.npy;PRETTY 9.npy
SICK,31,SICK 1.npy;SICK 10.npy;SICK 11.npy;SICK 12.npy;SICK 13.npy;SICK 14.npy;SICK 15.npy;SICK 16.npy;SICK 17.npy;SICK 18.npy;SICK 19.npy;SICK 2.npy;SICK 20.npy;SICK 21.npy;SICK 22.npy;SICK 23.npy;SICK 24.npy;SICK 25.npy;SICK 26.npy;SICK 27.npy;SICK 28.npy;SICK 29.npy;SICK 3.npy;SICK 30.npy;SICK 31.npy;SICK 4.npy;SICK 5.npy;SICK 6.npy;SICK 7.npy;SICK 8.npy;SICK 9.npy
TRAVEL,32,TRAVEL 1.npy;TRAVEL 10.npy;TRAVEL 11.npy;TRAVEL 12.npy;TRAVEL 13.npy;TRAVEL 14.npy;TRAVEL 15.npy;TRAVEL 16.npy;TRAVEL 17.npy;TRAVEL 18.npy;TRAVEL 19.npy;TRAVEL 2.npy;TRAVEL 20.npy;TRAVEL 21.npy;TRAVEL 22.npy;TRAVEL 23.npy;TRAVEL 24.npy;TRAVEL 25.npy;TRAVEL 26.npy;TRAVEL 27.npy;TRAVEL 28.npy;TRAVEL 29.npy;TRAVEL 3.npy;TRAVEL 30.npy;TRAVEL 31.npy;TRAVEL 32.npy;TRAVEL 4.npy;TRAVEL 5.npy;TRAVEL 6.npy;TRAVEL 7.npy;TRAVEL 8.npy;TRAVEL 9.npy
MAKE,31,MAKE 1.npy;MAKE 10.npy;MAKE 11.npy;MAKE 12.npy;MAKE 13.npy;MAKE 14.npy;MAKE 15.npy;MAKE 16.npy;MAKE 17.npy;MAKE 18.npy;MAKE 19.npy;MAKE 2.npy;MAKE 20.npy;MAKE 21.npy;MAKE 22.npy;MAKE 23.npy;MAKE 24.npy;MAKE 25.npy;MAKE 26.npy;MAKE 27.npy;MAKE 28.npy;MAKE 29.npy;MAKE 3.npy;MAKE 30.npy;MAKE 31.npy;MAKE 4.npy;MAKE 5.npy;MAKE 6.npy;MAKE 7.npy;MAKE 8.npy;MAKE 9.npy
FAST,31,FAST 1.npy;FAST 10.npy;FAST 11.npy;FAST 12.npy;FAST 13.npy;FAST 14.npy;FAST 15.npy;FAST 16.npy;FAST 17.npy;FAST 18.npy;FAST 19.npy;FAST 2.npy;FAST 20.npy;FAST 21.npy;FAST 22.npy;FAST 23.npy;FAST 24.npy;FAST 25.npy;FAST 26.npy;FAST 27.npy;FAST 28.npy;FAST 29.npy;FAST 3.npy;FAST 30.npy;FAST 31.npy;FAST 4.npy;FAST 5.npy;FAST 6.npy;FAST 7.npy;FAST 8.npy;FAST 9.npy
GRADUATE,31,GRADUATE 1.npy;GRADUATE 10.npy;GRADUATE 11.npy;GRADUATE 12.npy;GRADUATE 13.npy;GRADUATE 14.npy;GRADUATE 15.npy;GRADUATE 16.npy;GRADUATE 17.npy;GRADUATE 18.npy;GRADUATE 19.npy;GRADUATE 2.npy;GRADUATE 20.npy;GRADUATE 21.npy;GRADUATE 22.npy;GRADUATE 23.npy;GRADUATE 24.npy;GRADUATE 25.npy;GRADUATE 26.npy;GRADUATE 27.npy;GRADUATE 28.npy;GRADUATE 29.npy;GRADUATE 3.npy;GRADUATE 30.npy;GRADUATE 31.npy;GRADUATE 4.npy;GRADUATE 5.npy;GRADUATE 6.npy;GRADUATE 7.npy;GRADUATE 8.npy;GRADUATE 9.npy
CHECK,30,CHECK 1.npy;CHECK 10.npy;CHECK 11.npy;CHECK 12.npy;CHECK 13.npy;CHECK 14.npy;CHECK 15.npy;CHECK 16.npy;CHECK 17.npy;CHECK 18.npy;CHECK 19.npy;CHECK 2.npy;CHECK 20.npy;CHECK 21.npy;CHECK 22.npy;CHECK 23.npy;CHECK 24.npy;CHECK 25.npy;CHECK 26.npy;CHECK 27.npy;CHECK 28.npy;CHECK 29.npy;CHECK 3.npy;CHECK 30.npy;CHECK 4.npy;CHECK 5.npy;CHECK 6.npy;CHECK 7.npy;CHECK 8.npy;CHECK 9.npy
DAY,29,DAY 1.npy;DAY 10.npy;DAY 11.npy;DAY 12.npy;DAY 13.npy;DAY 14.npy;DAY 15.npy;DAY 16.npy;DAY 17.npy;DAY 18.npy;DAY 19.npy;DAY 2.npy;DAY 20.npy;DAY 21.npy;DAY 22.npy;DAY 23.npy;DAY 24.npy;DAY 25.npy;DAY 26.npy;DAY 27.npy;DAY 28.npy;DAY 29.npy;DAY 3.npy;DAY 4.npy;DAY 5.npy;DAY 6.npy;DAY 7.npy;DAY 8.npy;DAY 9.npy
MAN,31,MAN 1.npy;MAN 10.npy;MAN 11.npy;MAN 12.npy;MAN 13.npy;MAN 14.npy;MAN 15.npy;MAN 16.npy;MAN 17.npy;MAN 18.npy;MAN 19.npy;MAN 2.npy;MAN 20.npy;MAN 21.npy;MAN 22.npy;MAN 23.npy;MAN 24.npy;MAN 25.npy;MAN 26.npy;MAN 27.npy;MAN 28.npy;MAN 29.npy;MAN 3.npy;MAN 30.npy;MAN 31.npy;MAN 4.npy;MAN 5.npy;MAN 6.npy;MAN 7.npy;MAN 8.npy;MAN 9.npy
HOUR,30,HOUR 1.npy;HOUR 10.npy;HOUR 11.npy;HOUR 12.npy;HOUR 13.npy;HOUR 14.npy;HOUR 15.npy;HOUR 16.npy;HOUR 17.npy;HOUR 18.npy;HOUR 19.npy;HOUR 2.npy;HOUR 20.npy;HOUR 21.npy;HOUR 22.npy;HOUR 23.npy;HOUR 24.npy;HOUR 25.npy;HOUR 26.npy;HOUR 27.npy;HOUR 28.npy;HOUR 29.npy;HOUR 3.npy;HOUR 30.npy;HOUR 4.npy;HOUR 5.npy;HOUR 6.npy;HOUR 7.npy;HOUR 8.npy;HOUR 9.npy
BABY,61,BABY 1.npy;BABY 10.npy;BABY 11.npy;BABY 12.npy;BABY 13.npy;BABY 14.npy;BABY 15.npy;BABY 16.npy;BABY 17.npy;BABY 18.npy;BABY 19.npy;BABY 2.npy;BABY 20.npy;BABY 21.npy;BABY 22.npy;BABY 23.npy;BABY 24.npy;BABY 25.npy;BABY 26.npy;BABY 27.npy;BABY 28.npy;BABY 29.npy;BABY 3.npy;BABY 30.npy;BABY 31.npy;BABY 32.npy;BABY 33.npy;BABY 34.npy;BABY 35.npy;BABY 36.npy;BABY 37.npy;BABY 38.npy;BABY 39.npy;BABY 4.npy;BABY 40.npy;BABY 41.npy;BABY 42.npy;BABY 43.npy;BABY 44.npy;BABY 45.npy;BABY 46.npy;BABY 47.npy;BABY 48.npy;BABY 49.npy;BABY 5.npy;BABY 50.npy;BABY 51.npy;BABY 52.npy;BABY 53.npy;BABY 54.npy;BABY 55.npy;BABY 56.npy;BABY 57.npy;BABY 58.npy;BABY 59.npy;BABY 6.npy;BABY 60.npy;BABY 61.npy;BABY 7.npy;BABY 8.npy;BABY 9.npy
HEALTH,32,HEALTH 1.npy;HEALTH 10.npy;HEALTH 11.npy;HEALTH 12.npy;HEALTH 13.npy;HEALTH 14.npy;HEALTH 15.npy;HEALTH 16.npy;HEALTH 17.npy;HEALTH 18.npy;HEALTH 19.npy;HEALTH 2.npy;HEALTH 20.npy;HEALTH 21.npy;HEALTH 22.npy;HEALTH 23.npy;HEALTH 24.npy;HEALTH 25.npy;HEALTH 26.npy;HEALTH 27.npy;HEALTH 28.npy;HEALTH 29.npy;HEALTH 3.npy;HEALTH 30.npy;HEALTH 31.npy;HEALTH 32.npy;HEALTH 4.npy;HEALTH 5.npy;HEALTH 6.npy;HEALTH 7.npy;HEALTH 8.npy;HEALTH 9.npy
BROTHER,32,BROTHER 1.npy;BROTHER 10.npy;BROTHER 11.npy;BROTHER 12.npy;BROTHER 13.npy;BROTHER 14.npy;BROTHER 15.npy;BROTHER 16.npy;BROTHER 17.npy;BROTHER 18.npy;BROTHER 19.npy;BROTHER 2.npy;BROTHER 20.npy;BROTHER 21.npy;BROTHER 22.npy;BROTHER 23.npy;BROTHER 24.npy;BROTHER 25.npy;BROTHER 26.npy;BROTHER 27.npy;BROTHER 28.npy;BROTHER 29.npy;BROTHER 3.npy;BROTHER 30.npy;BROTHER 31.npy;BROTHER 32.npy;BROTHER 4.npy;BROTHER 5.npy;BROTHER 6.npy;BROTHER 7.npy;BROTHER 8.npy;BROTHER 9.npy
SALAD,30,SALAD 1.npy;SALAD 10.npy;SALAD 11.npy;SALAD 12.npy;SALAD 13.npy;SALAD 14.npy;SALAD 15.npy;SALAD 16.npy;SALAD 17.npy;SALAD 18.npy;SALAD 19.npy;SALAD 2.npy;SALAD 20.npy;SALAD 21.npy;SALAD 22.npy;SALAD 23.npy;SALAD 24.npy;SALAD 25.npy;SALAD 26.npy;SALAD 27.npy;SALAD 28.npy;SALAD 29.npy;SALAD 3.npy;SALAD 30.npy;SALAD 4.npy;SALAD 5.npy;SALAD 6.npy;SALAD 7.npy;SALAD 8.npy;SALAD 9.npy
WHO,32,WHO 1.npy;WHO 10.npy;WHO 11.npy;WHO 12.npy;WHO 13.npy;WHO 14.npy;WHO 15.npy;WHO 16.npy;WHO 17.npy;WHO 18.npy;WHO 19.npy;WHO 2.npy;WHO 20.npy;WHO 21.npy;WHO 22.npy;WHO 23.npy;WHO 24.npy;WHO 25.npy;WHO 26.npy;WHO 27.npy;WHO 28.npy;WHO 29.npy;WHO 3.npy;WHO 30.npy;WHO 31.npy;WHO 32.npy;WHO 4.npy;WHO 5.npy;WHO 6.npy;WHO 7.npy;WHO 8.npy;WHO 9.npy
FOR,30,FOR 1.npy;FOR 10.npy;FOR 11.npy;FOR 12.npy;FOR 13.npy;FOR 14.npy;FOR 15.npy;FOR 16.npy;FOR 17.npy;FOR 18.npy;FOR 19.npy;FOR 2.npy;FOR 20.npy;FOR 21.npy;FOR 22.npy;FOR 23.npy;FOR 24.npy;FOR 25.npy;FOR 26.npy;FOR 27.npy;FOR 28.npy;FOR 29.npy;FOR 3.npy;FOR 30.npy;FOR 4.npy;FOR 5.npy;FOR 6.npy;FOR 7.npy;FOR 8.npy;FOR 9.npy
HEARING,32,HEARING 1.npy;HEARING 10.npy;HEARING 11.npy;HEARING 12.npy;HEARING 13.npy;HEARING 14.npy;HEARING 15.npy;HEARING 16.npy;HEARING 17.npy;HEARING 18.npy;HEARING 19.npy;HEARING 2.npy;HEARING 20.npy;HEARING 21.npy;HEARING 22.npy;HEARING 23.npy;HEARING 24.npy;HEARING 25.npy;HEARING 26.npy;HEARING 27.npy;HEARING 28.npy;HEARING 29.npy;HEARING 3.npy;HEARING 30.npy;HEARING 31.npy;HEARING 32.npy;HEARING 4.npy;HEARING 5.npy;HEARING 6.npy;HEARING 7.npy;HEARING 8.npy;HEARING 9.npy
MAGAZINE,31,MAGAZINE 1.npy;MAGAZINE 10.npy;MAGAZINE 11.npy;MAGAZINE 12.npy;MAGAZINE 13.npy;MAGAZINE 14.npy;MAGAZINE 15.npy;MAGAZINE 16.npy;MAGAZINE 17.npy;MAGAZINE 18.npy;MAGAZINE 19.npy;MAGAZINE 2.npy;MAGAZINE 20.npy;MAGAZINE 21.npy;MAGAZINE 22.npy;MAGAZINE 23.npy;MAGAZINE 24.npy;MAGAZINE 25.npy;MAGAZINE 26.npy;MAGAZINE 27.npy;MAGAZINE 28.npy;MAGAZINE 29.npy;MAGAZINE 3.npy;MAGAZINE 30.npy;MAGAZINE 31.npy;MAGAZINE 4.npy;MAGAZINE 5.npy;MAGAZINE 6.npy;MAGAZINE 7.npy;MAGAZINE 8.npy;MAGAZINE 9.npy
GLASSES,31,GLASSES 1.npy;GLASSES 10.npy;GLASSES 11.npy;GLASSES 12.npy;GLASSES 13.npy;GLASSES 14.npy;GLASSES 15.npy;GLASSES 16.npy;GLASSES 17.npy;GLASSES 18.npy;GLASSES 19.npy;GLASSES 2.npy;GLASSES 20.npy;GLASSES 21.npy;GLASSES 22.npy;GLASSES 23.npy;GLASSES 24.npy;GLASSES 25.npy;GLASSES 26.npy;GLASSES 27.npy;GLASSES 28.npy;GLASSES 29.npy;GLASSES 3.npy;GLASSES 30.npy;GLASSES 31.npy;GLASSES 4.npy;GLASSES 5.npy;GLASSES 6.npy;GLASSES 7.npy;GLASSES 8.npy;GLASSES 9.npy
GIRL,30,GIRL 1.npy;GIRL 10.npy;GIRL 11.npy;GIRL 12.npy;GIRL 13.npy;GIRL 14.npy;GIRL 15.npy;GIRL 16.npy;GIRL 17.npy;GIRL 18.npy;GIRL 19.npy;GIRL 2.npy;GIRL 20.npy;GIRL 21.npy;GIRL 22.npy;GIRL 23.npy;GIRL 24.npy;GIRL 25.npy;GIRL 26.npy;GIRL 27.npy;GIRL 28.npy;GIRL 29.npy;GIRL 3.npy;GIRL 30.npy;GIRL 4.npy;GIRL 5.npy;GIRL 6.npy;GIRL 7.npy;GIRL 8.npy;GIRL 9.npy
BORROW,32,BORROW 1.npy;BORROW 10.npy;BORROW 11.npy;BORROW 12.npy;BORROW 13.npy;BORROW 14.npy;BORROW 15.npy;BORROW 16.npy;BORROW 17.npy;BORROW 18.npy;BORROW 19.npy;BORROW 2.npy;BORROW 20.npy;BORROW 21.npy;BORROW 22.npy;BORROW 23.npy;BORROW 24.npy;BORROW 25.npy;BORROW 26.npy;BORROW 27.npy;BORROW 28.npy;BORROW 29.npy;BORROW 3.npy;BORROW 30.npy;BORROW 31.npy;BORROW 32.npy;BORROW 4.npy;BORROW 5.npy;BORROW 6.npy;BORROW 7.npy;BORROW 8.npy;BORROW 9.npy
CALL,60,CALL 1.npy;CALL 10.npy;CALL 11.npy;CALL 12.npy;CALL 13.npy;CALL 14.npy;CALL 15.npy;CALL 16.npy;CALL 17.npy;CALL 18.npy;CALL 19.npy;CALL 2.npy;CALL 20.npy;CALL 21.npy;CALL 22.npy;CALL 23.npy;CALL 24.npy;CALL 25.npy;CALL 26.npy;CALL 27.npy;CALL 28.npy;CALL 29.npy;CALL 3.npy;CALL 30.npy;CALL 31.npy;CALL 32.npy;CALL 33.npy;CALL 34.npy;CALL 35.npy;CALL 36.npy;CALL 37.npy;CALL 38.npy;CALL 39.npy;CALL 4.npy;CALL 40.npy;CALL 41.npy;CALL 42.npy;CALL 43.npy;CALL 44.npy;CALL 45.npy;CALL 46.npy;CALL 47.npy;CALL 48.npy;CALL 49.npy;CALL 5.npy;CALL 50.npy;CALL 51.npy;CALL 52.npy;CALL 53.npy;CALL 54.npy;CALL 55.npy;CALL 56.npy;CALL 57.npy;CALL 58.npy;CALL 59.npy;CALL 6.npy;CALL 60.npy;CALL 7.npy;CALL 8.npy;CALL 9.npy
MEDICINE,31,MEDICINE 1.npy;MEDICINE 10.npy;MEDICINE 11.npy;MEDICINE 12.npy;MEDICINE 13.npy;MEDICINE 14.npy;MEDICINE 15.npy;MEDICINE 16.npy;MEDICINE 17.npy;MEDICINE 18.npy;MEDICINE 19.npy;MEDICINE 2.npy;MEDICINE 20.npy;MEDICINE 21.npy;MEDICINE 22.npy;MEDICINE 23.npy;MEDICINE 24.npy;MEDICINE 25.npy;MEDICINE 26.npy;MEDICINE 27.npy;MEDICINE 28.npy;MEDICINE 29.npy;MEDICINE 3.npy;MEDICINE 30.npy;MEDICINE 31.npy;MEDICINE 4.npy;MEDICINE 5.npy;MEDICINE 6.npy;MEDICINE 7.npy;MEDICINE 8.npy;MEDICINE 9.npy
COLLEGE,31,COLLEGE 1.npy;COLLEGE 10.npy;COLLEGE 11.npy;COLLEGE 12.npy;COLLEGE 13.npy;COLLEGE 14.npy;COLLEGE 15.npy;COLLEGE 16.npy;COLLEGE 17.npy;COLLEGE 18.npy;COLLEGE 19.npy;COLLEGE 2.npy;COLLEGE 20.npy;COLLEGE 21.npy;COLLEGE 22.npy;COLLEGE 23.npy;COLLEGE 24.npy;COLLEGE 25.npy;COLLEGE 26.npy;COLLEGE 27.npy;COLLEGE 28.npy;COLLEGE 29.npy;COLLEGE 3.npy;COLLEGE 30.npy;COLLEGE 31.npy;COLLEGE 4.npy;COLLEGE 5.npy;COLLEGE 6.npy;COLLEGE 7.npy;COLLEGE 8.npy;COLLEGE 9.npy
CITY,63,CITY 1.npy;CITY 10.npy;CITY 11.npy;CITY 12.npy;CITY 13.npy;CITY 14.npy;CITY 15.npy;CITY 16.npy;CITY 17.npy;CITY 18.npy;CITY 19.npy;CITY 2.npy;CITY 20.npy;CITY 21.npy;CITY 22.npy;CITY 23.npy;CITY 24.npy;CITY 25.npy;CITY 26.npy;CITY 27.npy;CITY 28.npy;CITY 29.npy;CITY 3.npy;CITY 30.npy;CITY 31.npy;CITY 32.npy;CITY 33.npy;CITY 34.npy;CITY 35.npy;CITY 36.npy;CITY 37.npy;CITY 38.npy;CITY 39.npy;CITY 4.npy;CITY 40.npy;CITY 41.npy;CITY 42.npy;CITY 43.npy;CITY 44.npy;CITY 45.npy;CITY 46.npy;CITY 47.npy;CITY 48.npy;CITY 49.npy;CITY 5.npy;CITY 50.npy;CITY 51.npy;CITY 52.npy;CITY 53.npy;CITY 54.npy;CITY 55.npy;CITY 56.npy;CITY 57.npy;CITY 58.npy;CITY 59.npy;CITY 6.npy;CITY 60.npy;CITY 61.npy;CITY 62.npy;CITY 63.npy;CITY 7.npy;CITY 8.npy;CITY 9.npy
1 DOLLAR,25,1 DOLLAR 10.npy;1 DOLLAR 11.npy;1 DOLLAR 12.npy;1 DOLLAR 15.npy;1 DOLLAR 16.npy;1 DOLLAR 17.npy;1 DOLLAR 18.npy;1 DOLLAR 19.npy;1 DOLLAR 2.npy;1 DOLLAR 20.npy;1 DOLLAR 21.npy;1 DOLLAR 23.npy;1 DOLLAR 26.npy;1 DOLLAR 27.npy;1 DOLLAR 28.npy;1 DOLLAR 29.npy;1 DOLLAR 3.npy;1 DOLLAR 30.npy;1 DOLLAR 31.npy;1 DOLLAR 4.npy;1 DOLLAR 5.npy;1 DOLLAR 6.npy;1 DOLLAR 7.npy;1 DOLLAR 8.npy;1 DOLLAR 9.npy
5 DOLLARS,29,5 DOLLARS 10.npy;5 DOLLARS 11.npy;5 DOLLARS 12.npy;5 DOLLARS 13.npy;5 DOLLARS 15.npy;5 DOLLARS 16.npy;5 DOLLARS 17.npy;5 DOLLARS 18.npy;5 DOLLARS 19.npy;5 DOLLARS 2.npy;5 DOLLARS 20.npy;5 DOLLARS 21.npy;5 DOLLARS 22.npy;5 DOLLARS 24.npy;5 DOLLARS 25.npy;5 DOLLARS 26.npy;5 DOLLARS 27.npy;5 DOLLARS 28.npy;5 DOLLARS 29.npy;5 DOLLARS 3.npy;5 DOLLARS 30.npy;5 DOLLARS 31.npy;5 DOLLARS 32.npy;5 DOLLARS 4.npy;5 DOLLARS 5.npy;5 DOLLARS 6.npy;5 DOLLARS 7.npy;5 DOLLARS 8.npy;5 DOLLARS 9.npy
8 HOUR,28,8 HOUR 10.npy;8 HOUR 11.npy;8 HOUR 12.npy;8 HOUR 13.npy;8 HOUR 14.npy;8 HOUR 15.npy;8 HOUR 16.npy;8 HOUR 17.npy;8 HOUR 18.npy;8 HOUR 19.npy;8 HOUR 20.npy;8 HOUR 21.npy;8 HOUR 22.npy;8 HOUR 23.npy;8 HOUR 24.npy;8 HOUR 25.npy;8 HOUR 26.npy;8 HOUR 27.npy;8 HOUR 28.npy;8 HOUR 29.npy;8 HOUR 3.npy;8 HOUR 30.npy;8 HOUR 31.npy;8 HOUR 5.npy;8 HOUR 6.npy;8 HOUR 7.npy;8 HOUR 8.npy;8 HOUR 9.npy
9 OCLOCK,25,9 OCLOCK 10.npy;9 OCLOCK 11.npy;9 OCLOCK 12.npy;9 OCLOCK 13.npy;9 OCLOCK 14.npy;9 OCLOCK 16.npy;9 OCLOCK 17.npy;9 OCLOCK 18.npy;9 OCLOCK 19.npy;9 OCLOCK 2.npy;9 OCLOCK 20.npy;9 OCLOCK 21.npy;9 OCLOCK 22.npy;9 OCLOCK 23.npy;9 OCLOCK 24.npy;9 OCLOCK 25.npy;9 OCLOCK 26.npy;9 OCLOCK 27.npy;9 OCLOCK 28.npy;9 OCLOCK 29.npy;9 OCLOCK 30.npy;9 OCLOCK 31.npy;9 OCLOCK 5.npy;9 OCLOCK 6.npy;9 OCLOCK 7.npy
A LINE BOB,30,A LINE BOB 1.npy;A LINE BOB 10.npy;A LINE BOB 11.npy;A LINE BOB 12.npy;A LINE BOB 13.npy;A LINE BOB 14.npy;A LINE BOB 15.npy;A LINE BOB 16.npy;A LINE BOB 17.npy;A LINE BOB 18.npy;A LINE BOB 19.npy;A LINE BOB 2.npy;A LINE BOB 20.npy;A LINE BOB 21.npy;A LINE BOB 22.npy;A LINE BOB 23.npy;A LINE BOB 24.npy;A LINE BOB 25.npy;A LINE BOB 26.npy;A LINE BOB 27.npy;A LINE BOB 28.npy;A LINE BOB 29.npy;A LINE BOB 3.npy;A LINE BOB 30.npy;A LINE BOB 4.npy;A LINE BOB 5.npy;A LINE BOB 6.npy;A LINE BOB 7.npy;A LINE BOB 8.npy;A LINE BOB 9.npy
A LITTLE BIT,29,A LITTLE BIT 10.npy;A LITTLE BIT 11.npy;A LITTLE BIT 12.npy;A LITTLE BIT 13.npy;A LITTLE BIT 14.npy;A LITTLE BIT 16.npy;A LITTLE BIT 18.npy;A LITTLE BIT 19.npy;A LITTLE BIT 2.npy;A LITTLE BIT 20.npy;A LITTLE BIT 21.npy;A LITTLE BIT 22.npy;A LITTLE BIT 23.npy;A LITTLE BIT 24.npy;A LITTLE BIT 25.npy;A LITTLE BIT 26.npy;A LITTLE BIT 27.npy;A LITTLE BIT 28.npy;A LITTLE BIT 29.npy;A LITTLE BIT 3.npy;A LITTLE BIT 30.npy;A LITTLE BIT 31.npy;A LITTLE BIT 32.npy;A LITTLE BIT 33.npy;A LITTLE BIT 4.npy;A LITTLE BIT 5.npy;A LITTLE BIT 6.npy;A LITTLE BIT 7.npy;A LITTLE BIT 9.npy
ABBREVIATE,24,ABBREVIATE 10.npy;ABBREVIATE 11.npy;ABBREVIATE 12.npy;ABBREVIATE 13.npy;ABBREVIATE 15.npy;ABBREVIATE 16.npy;ABBREVIATE 17.npy;ABBREVIATE 19.npy;ABBREVIATE 20.npy;ABBREVIATE 21.npy;ABBREVIATE 22.npy;ABBREVIATE 23.npy;ABBREVIATE 24.npy;ABBREVIATE 25.npy;ABBREVIATE 26.npy;ABBREVIATE 28.npy;ABBREVIATE 3.npy;ABBREVIATE 31.npy;ABBREVIATE 32.npy;ABBREVIATE 33.npy;ABBREVIATE 5.npy;ABBREVIATE 6.npy;ABBREVIATE 7.npy;ABBREVIATE 9.npy
ABOUT,40,ABOUT 10.npy;ABOUT 11.npy;ABOUT 12.npy;ABOUT 14.npy;ABOUT 17.npy;ABOUT 18.npy;ABOUT 20.npy;ABOUT 21.npy;ABOUT 22.npy;ABOUT 23.npy;ABOUT 24.npy;ABOUT 25.npy;ABOUT 26.npy;ABOUT 27.npy;ABOUT 28.npy;ABOUT 29.npy;ABOUT 31.npy;ABOUT 37.npy;ABOUT 39.npy;ABOUT 4.npy;ABOUT 40.npy;ABOUT 41.npy;ABOUT 43.npy;ABOUT 46.npy;ABOUT 47.npy;ABOUT 5.npy;ABOUT 50.npy;ABOUT 53.npy;ABOUT 54.npy;ABOUT 55.npy;ABOUT 57.npy;ABOUT 59.npy;ABOUT 6.npy;ABOUT 62.npy;ABOUT 63.npy;ABOUT 64.npy;ABOUT 65.npy;ABOUT 66.npy;ABOUT 7.npy;ABOUT 9.npy
ABOVE,27,ABOVE 10.npy;ABOVE 11.npy;ABOVE 12.npy;ABOVE 13.npy;ABOVE 14.npy;ABOVE 15.npy;ABOVE 16.npy;ABOVE 17.npy;ABOVE 18.npy;ABOVE 19.npy;ABOVE 20.npy;ABOVE 21.npy;ABOVE 23.npy;ABOVE 24.npy;ABOVE 25.npy;ABOVE 26.npy;ABOVE 27.npy;ABOVE 28.npy;ABOVE 29.npy;ABOVE 3.npy;ABOVE 30.npy;ABOVE 31.npy;ABOVE 32.npy;ABOVE 4.npy;ABOVE 5.npy;ABOVE 6.npy;ABOVE 9.npy
ABSOLUTELY NOTHING,28,ABSOLUTELY NOTHING 11.npy;ABSOLUTELY NOTHING 12.npy;ABSOLUTELY NOTHING 13.npy;ABSOLUTELY NOTHING 14.npy;ABSOLUTELY NOTHING 15.npy;ABSOLUTELY NOTHING 16.npy;ABSOLUTELY NOTHING 18.npy;ABSOLUTELY NOTHING 19.npy;ABSOLUTELY NOTHING 2.npy;ABSOLUTELY NOTHING 20.npy;ABSOLUTELY NOTHING 21.npy;ABSOLUTELY NOTHING 22.npy;ABSOLUTELY NOTHING 23.npy;ABSOLUTELY NOTHING 24.npy;ABSOLUTELY NOTHING 25.npy;ABSOLUTELY NOTHING 26.npy;ABSOLUTELY NOTHING 27.npy;ABSOLUTELY NOTHING 29.npy;ABSOLUTELY NOTHING 3.npy;ABSOLUTELY NOTHING 30.npy;ABSOLUTELY NOTHING 31.npy;ABSOLUTELY NOTHING 32.npy;ABSOLUTELY NOTHING 33.npy;ABSOLUTELY NOTHING 4.npy;ABSOLUTELY NOTHING 5.npy;ABSOLUTELY NOTHING 6.npy;ABSOLUTELY NOTHING 8.npy;ABSOLUTELY NOTHING 9.npy
ACCENT,26,ACCENT 10.npy;ACCENT 11.npy;ACCENT 12.npy;ACCENT 13.npy;ACCENT 14.npy;ACCENT 15.npy;ACCENT 16.npy;ACCENT 17.npy;ACCENT 18.npy;ACCENT 19.npy;ACCENT 2.npy;ACCENT 20.npy;ACCENT 22.npy;ACCENT 24.npy;ACCENT 25.npy;ACCENT 26.npy;ACCENT 27.npy;ACCENT 28.npy;ACCENT 29.npy;ACCENT 30.npy;ACCENT 31.npy;ACCENT 4.npy;ACCENT 5.npy;ACCENT 7.npy;ACCENT 8.npy;ACCENT 9.npy
ACCEPT,27,ACCEPT 10.npy;ACCEPT 11.npy;ACCEPT 12.npy;ACCEPT 13.npy;ACCEPT 14.npy;ACCEPT 15.npy;ACCEPT 16.npy;ACCEPT 17.npy;ACCEPT 18.npy;ACCEPT 19.npy;ACCEPT 2.npy;ACCEPT 20.npy;ACCEPT 21.npy;ACCEPT 22.npy;ACCEPT 23.npy;ACCEPT 24.npy;ACCEPT 26.npy;ACCEPT 27.npy;ACCEPT 28.npy;ACCEPT 29.npy;ACCEPT 3.npy;ACCEPT 30.npy;ACCEPT 5.npy;ACCEPT 6.npy;ACCEPT 7.npy;ACCEPT 8.npy;ACCEPT 9.npy
ACCESS,28,ACCESS 10.npy;ACCESS 11.npy;ACCESS 13.npy;ACCESS 14.npy;ACCESS 15.npy;ACCESS 16.npy;ACCESS 17.npy;ACCESS 18.npy;ACCESS 19.npy;ACCESS 2.npy;ACCESS 20.npy;ACCESS 21.npy;ACCESS 22.npy;ACCESS 23.npy;ACCESS 24.npy;ACCESS 25.npy;ACCESS 26.npy;ACCESS 28.npy;ACCESS 29.npy;ACCESS 3.npy;ACCESS 31.npy;ACCESS 32.npy;ACCESS 33.npy;ACCESS 4.npy;ACCESS 6.npy;ACCESS 7.npy;ACCESS 8.npy;ACCESS 9.npy
ACCIDENT,27,ACCIDENT 10.npy;ACCIDENT 11.npy;ACCIDENT 12.npy;ACCIDENT 13.npy;ACCIDENT 14.npy;ACCIDENT 15.npy;ACCIDENT 16.npy;ACCIDENT 17.npy;ACCIDENT 18.npy;ACCIDENT 19.npy;ACCIDENT 2.npy;ACCIDENT 20.npy;ACCIDENT 21.npy;ACCIDENT 22.npy;ACCIDENT 23.npy;ACCIDENT 24.npy;ACCIDENT 25.npy;ACCIDENT 27.npy;ACCIDENT 28.npy;ACCIDENT 29.npy;ACCIDENT 3.npy;ACCIDENT 4.npy;ACCIDENT 5.npy;ACCIDENT 6.npy;ACCIDENT 7.npy;ACCIDENT 8.npy;ACCIDENT 9.npy
ACCOMPLISH,27,ACCOMPLISH 11.npy;ACCOMPLISH 12.npy;ACCOMPLISH 13.npy;ACCOMPLISH 14.npy;ACCOMPLISH 15.npy;ACCOMPLISH 16.npy;ACCOMPLISH 17.npy;ACCOMPLISH 18.npy;ACCOMPLISH 19.npy;ACCOMPLISH 2.npy;ACCOMPLISH 20.npy;ACCOMPLISH 21.npy;ACCOMPLISH 22.npy;ACCOMPLISH 24.npy;ACCOMPLISH 25.npy;ACCOMPLISH 26.npy;ACCOMPLISH 27.npy;ACCOMPLISH 29.npy;ACCOMPLISH 3.npy;ACCOMPLISH 30.npy;ACCOMPLISH 31.npy;ACCOMPLISH 4.npy;ACCOMPLISH 5.npy;ACCOMPLISH 6.npy;ACCOMPLISH 7.npy;ACCOMPLISH 8.npy;ACCOMPLISH 9.npy
ACCORDION,29,ACCORDION 10.npy;ACCORDION 11.npy;ACCORDION 12.npy;ACCORDION 13.npy;ACCORDION 14.npy;ACCORDION 15.npy;ACCORDION 16.npy;ACCORDION 17.npy;ACCORDION 19.npy;ACCORDION 2.npy;ACCORDION 20.npy;ACCORDION 21.npy;ACCORDION 22.npy;ACCORDION 23.npy;ACCORDION 24.npy;ACCORDION 25.npy;ACCORDION 26.npy;ACCORDION 27.npy;ACCORDION 28.npy;ACCORDION 29.npy;ACCORDION 3.npy;ACCORDION 30.npy;ACCORDION 31.npy;ACCORDION 4.npy;ACCORDION 5.npy;ACCORDION 6.npy;ACCORDION 7.npy;ACCORDION 8.npy;ACCORDION 9.npy
ACCOUNTANT,26,ACCOUNTANT 10.npy;ACCOUNTANT 11.npy;ACCOUNTANT 12.npy;ACCOUNTANT 13.npy;ACCOUNTANT 14.npy;ACCOUNTANT 15.npy;ACCOUNTANT 17.npy;ACCOUNTANT 18.npy;ACCOUNTANT 19.npy;ACCOUNTANT 2.npy;ACCOUNTANT 21.npy;ACCOUNTANT 22.npy;ACCOUNTANT 23.npy;ACCOUNTANT 24.npy;ACCOUNTANT 25.npy;ACCOUNTANT 26.npy;ACCOUNTANT 27.npy;ACCOUNTANT 28.npy;ACCOUNTANT 29.npy;ACCOUNTANT 3.npy;ACCOUNTANT 30.npy;ACCOUNTANT 4.npy;ACCOUNTANT 6.npy;ACCOUNTANT 7.npy;ACCOUNTANT 8.npy;ACCOUNTANT 9.npy
ACQUIRE,24,ACQUIRE 11.npy;ACQUIRE 12.npy;ACQUIRE 13.npy;ACQUIRE 14.npy;ACQUIRE 15.npy;ACQUIRE 16.npy;ACQUIRE 17.npy;ACQUIRE 18.npy;ACQUIRE 19.npy;ACQUIRE 2.npy;ACQUIRE 21.npy;ACQUIRE 22.npy;ACQUIRE 23.npy;ACQUIRE 25.npy;ACQUIRE 26.npy;ACQUIRE 27.npy;ACQUIRE 28.npy;ACQUIRE 3.npy;ACQUIRE 30.npy;ACQUIRE 31.npy;ACQUIRE 32.npy;ACQUIRE 4.npy;ACQUIRE 6.npy;ACQUIRE 9.npy
ACT,26,ACT 10.npy;ACT 11.npy;ACT 12.npy;ACT 13.npy;ACT 14.npy;ACT 15.npy;ACT 16.npy;ACT 17.npy;ACT 18.npy;ACT 19.npy;ACT 2.npy;ACT 21.npy;ACT 22.npy;ACT 24.npy;ACT 25.npy;ACT 26.npy;ACT 27.npy;ACT 28.npy;ACT 29.npy;ACT 30.npy;ACT 31.npy;ACT 4.npy;ACT 6.npy;ACT 7.npy;ACT 8.npy;ACT 9.npy
ACTION,28,ACTION 10.npy;ACTION 12.npy;ACTION 13.npy;ACTION 14.npy;ACTION 15.npy;ACTION 16.npy;ACTION 17.npy;ACTION 18.npy;ACTION 19.npy;ACTION 2.npy;ACTION 20.npy;ACTION 21.npy;ACTION 22.npy;ACTION 24.npy;ACTION 25.npy;ACTION 26.npy;ACTION 27.npy;ACTION 28.npy;ACTION 29.npy;ACTION 3.npy;ACTION 30.npy;ACTION 31.npy;ACTION 32.npy;ACTION 4.npy;ACTION 6.npy;ACTION 7.npy;ACTION 8.npy;ACTION 9.npy
ACTOR,26,ACTOR 10.npy;ACTOR 11.npy;ACTOR 12.npy;ACTOR 13.npy;ACTOR 15.npy;ACTOR 16.npy;ACTOR 17.npy;ACTOR 18.npy;ACTOR 19.npy;ACTOR 2.npy;ACTOR 20.npy;ACTOR 21.npy;ACTOR 23.npy;ACTOR 24.npy;ACTOR 26.npy;ACTOR 27.npy;ACTOR 28.npy;ACTOR 29.npy;ACTOR 3.npy;ACTOR 30.npy;ACTOR 31.npy;ACTOR 4.npy;ACTOR 6.npy;ACTOR 7.npy;ACTOR 8.npy;ACTOR 9.npy
ADD,27,ADD 10.npy;ADD 11.npy;ADD 12.npy;ADD 13.npy;ADD 14.npy;ADD 18.npy;ADD 19.npy;ADD 2.npy;ADD 20.npy;ADD 21.npy;ADD 22.npy;ADD 25.npy;ADD 26.npy;ADD 27.npy;ADD 28.npy;ADD 29.npy;ADD 3.npy;ADD 30.npy;ADD 31.npy;ADD 32.npy;ADD 33.npy;ADD 4.npy;ADD 5.npy;ADD 6.npy;ADD 7.npy;ADD 8.npy;ADD 9.npy
ADDICT,26,ADDICT 10.npy;ADDICT 11.npy;ADDICT 12.npy;ADDICT 14.npy;ADDICT 15.npy;ADDICT 17.npy;ADDICT 18.npy;ADDICT 19.npy;ADDICT 2.npy;ADDICT 21.npy;ADDICT 22.npy;ADDICT 23.npy;ADDICT 24.npy;ADDICT 26.npy;ADDICT 27.npy;ADDICT 28.npy;ADDICT 29.npy;ADDICT 3.npy;ADDICT 30.npy;ADDICT 31.npy;ADDICT 32.npy;ADDICT 5.npy;ADDICT 6.npy;ADDICT 7.npy;ADDICT 8.npy;ADDICT 9.npy
ADDRESS,28,ADDRESS 10.npy;ADDRESS 11.npy;ADDRESS 12.npy;ADDRESS 13.npy;ADDRESS 14.npy;ADDRESS 15.npy;ADDRESS 16.npy;ADDRESS 17.npy;ADDRESS 18.npy;ADDRESS 19.npy;ADDRESS 20.npy;ADDRESS 21.npy;ADDRESS 22.npy;ADDRESS 23.npy;ADDRESS 24.npy;ADDRESS 25.npy;ADDRESS 26.npy;ADDRESS 27.npy;ADDRESS 28.npy;ADDRESS 29.npy;ADDRESS 3.npy;ADDRESS 30.npy;ADDRESS 4.npy;ADDRESS 5.npy;ADDRESS 6.npy;ADDRESS 7.npy;ADDRESS 8.npy;ADDRESS 9.npy
ADMIRE,28,ADMIRE 10.npy;ADMIRE 11.npy;ADMIRE 12.npy;ADMIRE 13.npy;ADMIRE 14.npy;ADMIRE 15.npy;ADMIRE 16.npy;ADMIRE 17.npy;ADMIRE 18.npy;ADMIRE 19.npy;ADMIRE 2.npy;ADMIRE 20.npy;ADMIRE 21.npy;ADMIRE 23.npy;ADMIRE 24.npy;ADMIRE 25.npy;ADMIRE 26.npy;ADMIRE 27.npy;ADMIRE 28.npy;ADMIRE 3.npy;ADMIRE 30.npy;ADMIRE 31.npy;ADMIRE 32.npy;ADMIRE 4.npy;ADMIRE 5.npy;ADMIRE 6.npy;ADMIRE 7.npy;ADMIRE 9.npy
ADMIT,24,ADMIT 10.npy;ADMIT 12.npy;ADMIT 14.npy;ADMIT 15.npy;ADMIT 16.npy;ADMIT 17.npy;ADMIT 18.npy;ADMIT 2.npy;ADMIT 20.npy;ADMIT 21.npy;ADMIT 22.npy;ADMIT 23.npy;ADMIT 24.npy;ADMIT 25.npy;ADMIT 26.npy;ADMIT 27.npy;ADMIT 28.npy;ADMIT 29.npy;ADMIT 31.npy;ADMIT 32.npy;ADMIT 5.npy;ADMIT 6.npy;ADMIT 8.npy;ADMIT 9.npy
ADOPT,27,ADOPT 10.npy;ADOPT 11.npy;ADOPT 12.npy;ADOPT 13.npy;ADOPT 14.npy;ADOPT 15.npy;ADOPT 16.npy;ADOPT 17.npy;ADOPT 18.npy;ADOPT 19.npy;ADOPT 2.npy;ADOPT 20.npy;ADOPT 21.npy;ADOPT 22.npy;ADOPT 24.npy;ADOPT 25.npy;ADOPT 26.npy;ADOPT 27.npy;ADOPT 28.npy;ADOPT 3.npy;ADOPT 31.npy;ADOPT 32.npy;ADOPT 5.npy;ADOPT 6.npy;ADOPT 7.npy;ADOPT 8.npy;ADOPT 9.npy
ADULT,29,ADULT 10.npy;ADULT 11.npy;ADULT 12.npy;ADULT 13.npy;ADULT 14.npy;ADULT 15.npy;ADULT 16.npy;ADULT 17.npy;ADULT 18.npy;ADULT 21.npy;ADULT 22.npy;ADULT 23.npy;ADULT 24.npy;ADULT 25.npy;ADULT 26.npy;ADULT 27.npy;ADULT 28.npy;ADULT 29.npy;ADULT 3.npy;ADULT 30.npy;ADULT 31.npy;ADULT 32.npy;ADULT 33.npy;ADULT 4.npy;ADULT 5.npy;ADULT 6.npy;ADULT 7.npy;ADULT 8.npy;ADULT 9.npy
ADVANTAGE,27,ADVANTAGE 10.npy;ADVANTAGE 12.npy;ADVANTAGE 13.npy;ADVANTAGE 14.npy;ADVANTAGE 16.npy;ADVANTAGE 17.npy;ADVANTAGE 18.npy;ADVANTAGE 19.npy;ADVANTAGE 2.npy;ADVANTAGE 20.npy;ADVANTAGE 21.npy;ADVANTAGE 22.npy;ADVANTAGE 23.npy;ADVANTAGE 24.npy;ADVANTAGE 26.npy;ADVANTAGE 27.npy;ADVANTAGE 28.npy;ADVANTAGE 29.npy;ADVANTAGE 3.npy;ADVANTAGE 30.npy;ADVANTAGE 31.npy;ADVANTAGE 4.npy;ADVANTAGE 5.npy;ADVANTAGE 6.npy;ADVANTAGE 7.npy;ADVANTAGE 8.npy;ADVANTAGE 9.npy
ADVERTISE,25,ADVERTISE 10.npy;ADVERTISE 12.npy;ADVERTISE 13.npy;ADVERTISE 14.npy;ADVERTISE 15.npy;ADVERTISE 16.npy;ADVERTISE 17.npy;ADVERTISE 18.npy;ADVERTISE 19.npy;ADVERTISE 2.npy;ADVERTISE 20.npy;ADVERTISE 21.npy;ADVERTISE 22.npy;ADVERTISE 23.npy;ADVERTISE 25.npy;ADVERTISE 26.npy;ADVERTISE 27.npy;ADVERTISE 28.npy;ADVERTISE 3.npy;ADVERTISE 32.npy;ADVERTISE 4.npy;ADVERTISE 6.npy;ADVERTISE 7.npy;ADVERTISE 8.npy;ADVERTISE 9.npy
AFRICA,27,AFRICA 10.npy;AFRICA 11.npy;AFRICA 12.npy;AFRICA 13.npy;AFRICA 14.npy;AFRICA 15.npy;AFRICA 16.npy;AFRICA 17.npy;AFRICA 19.npy;AFRICA 2.npy;AFRICA 20.npy;AFRICA 21.npy;AFRICA 22.npy;AFRICA 24.npy;AFRICA 25.npy;AFRICA 26.npy;AFRICA 27.npy;AFRICA 28.npy;AFRICA 29.npy;AFRICA 3.npy;AFRICA 30.npy;AFRICA 31.npy;AFRICA 4.npy;AFRICA 5.npy;AFRICA 6.npy;AFRICA 7.npy;AFRICA 9.npy
AFTER,26,AFTER 10.npy;AFTER 11.npy;AFTER 12.npy;AFTER 14.npy;AFTER 15.npy;AFTER 16.npy;AFTER 17.npy;AFTER 18.npy;AFTER 19.npy;AFTER 2.npy;AFTER 20.npy;AFTER 21.npy;AFTER 22.npy;AFTER 23.npy;AFTER 24.npy;AFTER 25.npy;AFTER 26.npy;AFTER 27.npy;AFTER 28.npy;AFTER 29.npy;AFTER 3.npy;AFTER 30.npy;AFTER 32.npy;AFTER 7.npy;AFTER 8.npy;AFTER 9.npy
AFTERNOON,24,AFTERNOON 10.npy;AFTERNOON 11.npy;AFTERNOON 13.npy;AFTERNOON 15.npy;AFTERNOON 16.npy;AFTERNOON 17.npy;AFTERNOON 18.npy;AFTERNOON 19.npy;AFTERNOON 2.npy;AFTERNOON 20.npy;AFTERNOON 22.npy;AFTERNOON 23.npy;AFTERNOON 24.npy;AFTERNOON 25.npy;AFTERNOON 26.npy;AFTERNOON 27.npy;AFTERNOON 29.npy;AFTERNOON 3.npy;AFTERNOON 30.npy;AFTERNOON 4.npy;AFTERNOON 5.npy;AFTERNOON 6.npy;AFTERNOON 7.npy;AFTERNOON 9.npy
AGAIN,27,AGAIN 10.npy;AGAIN 11.npy;AGAIN 12.npy;AGAIN 13.npy;AGAIN 14.npy;AGAIN 15.npy;AGAIN 16.npy;AGAIN 17.npy;AGAIN 18.npy;AGAIN 19.npy;AGAIN 2.npy;AGAIN 20.npy;AGAIN 21.npy;AGAIN 22.npy;AGAIN 23.npy;AGAIN 24.npy;AGAIN 25.npy;AGAIN 26.npy;AGAIN 27.npy;AGAIN 29.npy;AGAIN 3.npy;AGAIN 4.npy;AGAIN 5.npy;AGAIN 6.npy;AGAIN 7.npy;AGAIN 8.npy;AGAIN 9.npy
AGAINST,28,AGAINST 10.npy;AGAINST 11.npy;AGAINST 12.npy;AGAINST 13.npy;AGAINST 14.npy;AGAINST 15.npy;AGAINST 16.npy;AGAINST 17.npy;AGAINST 18.npy;AGAINST 19.npy;AGAINST 2.npy;AGAINST 20.npy;AGAINST 21.npy;AGAINST 22.npy;AGAINST 23.npy;AGAINST 24.npy;AGAINST 25.npy;AGAINST 26.npy;AGAINST 27.npy;AGAINST 28.npy;AGAINST 30.npy;AGAINST 31.npy;AGAINST 32.npy;AGAINST 4.npy;AGAINST 6.npy;AGAINST 7.npy;AGAINST 8.npy;AGAINST 9.npy
AGE,25,AGE 10.npy;AGE 11.npy;AGE 12.npy;AGE 13.npy;AGE 14.npy;AGE 15.npy;AGE 17.npy;AGE 18.npy;AGE 19.npy;AGE 2.npy;AGE 20.npy;AGE 21.npy;AGE 22.npy;AGE 23.npy;AGE 24.npy;AGE 25.npy;AGE 26.npy;AGE 27.npy;AGE 28.npy;AGE 29.npy;AGE 30.npy;AGE 4.npy;AGE 5.npy;AGE 7.npy;AGE 9.npy
AGENCY,27,AGENCY 10.npy;AGENCY 11.npy;AGENCY 13.npy;AGENCY 14.npy;AGENCY 15.npy;AGENCY 16.npy;AGENCY 17.npy;AGENCY 18.npy;AGENCY 19.npy;AGENCY 2.npy;AGENCY 20.npy;AGENCY 22.npy;AGENCY 23.npy;AGENCY 24.npy;AGENCY 25.npy;AGENCY 26.npy;AGENCY 27.npy;AGENCY 28.npy;AGENCY 29.npy;AGENCY 3.npy;AGENCY 30.npy;AGENCY 4.npy;AGENCY 5.npy;AGENCY 6.npy;AGENCY 7.npy;AGENCY 8.npy;AGENCY 9.npy
AGREEMENT,26,AGREEMENT 10.npy;AGREEMENT 11.npy;AGREEMENT 12.npy;AGREEMENT 13.npy;AGREEMENT 14.npy;AGREEMENT 15.npy;AGREEMENT 16.npy;AGREEMENT 17.npy;AGREEMENT 18.npy;AGREEMENT 2.npy;AGREEMENT 20.npy;AGREEMENT 21.npy;AGREEMENT 22.npy;AGREEMENT 23.npy;AGREEMENT 24.npy;AGREEMENT 26.npy;AGREEMENT 27.npy;AGREEMENT 28.npy;AGREEMENT 29.npy;AGREEMENT 3.npy;AGREEMENT 4.npy;AGREEMENT 5.npy;AGREEMENT 6.npy;AGREEMENT 7.npy;AGREEMENT 8.npy;AGREEMENT 9.npy
AIRPLANE,28,AIRPLANE 10.npy;AIRPLANE 11.npy;AIRPLANE 12.npy;AIRPLANE 13.npy;AIRPLANE 14.npy;AIRPLANE 15.npy;AIRPLANE 16.npy;AIRPLANE 17.npy;AIRPLANE 19.npy;AIRPLANE 20.npy;AIRPLANE 22.npy;AIRPLANE 23.npy;AIRPLANE 24.npy;AIRPLANE 25.npy;AIRPLANE 26.npy;AIRPLANE 27.npy;AIRPLANE 28.npy;AIRPLANE 29.npy;AIRPLANE 3.npy;AIRPLANE 30.npy;AIRPLANE 31.npy;AIRPLANE 32.npy;AIRPLANE 4.npy;AIRPLANE 5.npy;AIRPLANE 6.npy;AIRPLANE 7.npy;AIRPLANE 8.npy;AIRPLANE 9.npy
ALARM,25,ALARM 10.npy;ALARM 12.npy;ALARM 13.npy;ALARM 14.npy;ALARM 15.npy;ALARM 17.npy;ALARM 19.npy;ALARM 2.npy;ALARM 20.npy;ALARM 21.npy;ALARM 22.npy;ALARM 23.npy;ALARM 24.npy;ALARM 25.npy;ALARM 26.npy;ALARM 27.npy;ALARM 28.npy;ALARM 3.npy;ALARM 30.npy;ALARM 31.npy;ALARM 32.npy;ALARM 4.npy;ALARM 5.npy;ALARM 7.npy;ALARM 9.npy
ALASKA,27,ALASKA 10.npy;ALASKA 11.npy;ALASKA 12.npy;ALASKA 13.npy;ALASKA 14.npy;ALASKA 15.npy;ALASKA 16.npy;ALASKA 17.npy;ALASKA 18.npy;ALASKA 19.npy;ALASKA 2.npy;ALASKA 20.npy;ALASKA 21.npy;ALASKA 22.npy;ALASKA 23.npy;ALASKA 24.npy;ALASKA 25.npy;ALASKA 26.npy;ALASKA 27.npy;ALASKA 28.npy;ALASKA 29.npy;ALASKA 3.npy;ALASKA 30.npy;ALASKA 4.npy;ALASKA 5.npy;ALASKA 6.npy;ALASKA 8.npy
ALCOHOL,25,ALCOHOL 10.npy;ALCOHOL 11.npy;ALCOHOL 12.npy;ALCOHOL 13.npy;ALCOHOL 15.npy;ALCOHOL 16.npy;ALCOHOL 17.npy;ALCOHOL 18.npy;ALCOHOL 19.npy;ALCOHOL 2.npy;ALCOHOL 21.npy;ALCOHOL 23.npy;ALCOHOL 24.npy;ALCOHOL 25.npy;ALCOHOL 26.npy;ALCOHOL 27.npy;ALCOHOL 28.npy;ALCOHOL 29.npy;ALCOHOL 3.npy;ALCOHOL 30.npy;ALCOHOL 31.npy;ALCOHOL 4.npy;ALCOHOL 5.npy;ALCOHOL 6.npy;ALCOHOL 7.npy
ALIGN,28,ALIGN 10.npy;ALIGN 11.npy;ALIGN 13.npy;ALIGN 14.npy;ALIGN 15.npy;ALIGN 17.npy;ALIGN 18.npy;ALIGN 19.npy;ALIGN 2.npy;ALIGN 20.npy;ALIGN 21.npy;ALIGN 22.npy;ALIGN 24.npy;ALIGN 25.npy;ALIGN 26.npy;ALIGN 27.npy;ALIGN 28.npy;ALIGN 29.npy;ALIGN 3.npy;ALIGN 30.npy;ALIGN 32.npy;ALIGN 33.npy;ALIGN 4.npy;ALIGN 5.npy;ALIGN 6.npy;ALIGN 7.npy;ALIGN 8.npy;ALIGN 9.npy
ALL,28,ALL 10.npy;ALL 11.npy;ALL 12.npy;ALL 13.npy;ALL 14.npy;ALL 15.npy;ALL 16.npy;ALL 17.npy;ALL 18.npy;ALL 19.npy;ALL 2.npy;ALL 21.npy;ALL 22.npy;ALL 23.npy;ALL 24.npy;ALL 25.npy;ALL 26.npy;ALL 27.npy;ALL 28.npy;ALL 29.npy;ALL 30.npy;ALL 31.npy;ALL 4.npy;ALL 5.npy;ALL 6.npy;ALL 7.npy;ALL 8.npy;ALL 9.npy
ALL DAY,24,ALL DAY 10.npy;ALL DAY 12.npy;ALL DAY 14.npy;ALL DAY 15.npy;ALL DAY 16.npy;ALL DAY 18.npy;ALL DAY 19.npy;ALL DAY 21.npy;ALL DAY 22.npy;ALL DAY 23.npy;ALL DAY 24.npy;ALL DAY 25.npy;ALL DAY 26.npy;ALL DAY 27.npy;ALL DAY 28.npy;ALL DAY 29.npy;ALL DAY 3.npy;ALL DAY 30.npy;ALL DAY 31.npy;ALL DAY 32.npy;ALL DAY 4.npy;ALL DAY 5.npy;ALL DAY 6.npy;ALL DAY 8.npy
ALL GONE,27,ALL GONE 10.npy;ALL GONE 11.npy;ALL GONE 12.npy;ALL GONE 15.npy;ALL GONE 16.npy;ALL GONE 18.npy;ALL GONE 19.npy;ALL GONE 2.npy;ALL GONE 20.npy;ALL GONE 21.npy;ALL GONE 22.npy;ALL GONE 23.npy;ALL GONE 24.npy;ALL GONE 25.npy;ALL GONE 26.npy;ALL GONE 27.npy;ALL GONE 28.npy;ALL GONE 3.npy;ALL GONE 30.npy;ALL GONE 31.npy;ALL GONE 32.npy;ALL GONE 33.npy;ALL GONE 4.npy;ALL GONE 6.npy;ALL GONE 7.npy;ALL GONE 8.npy;ALL GONE 9.npy
ALL OF SUDDEN,32,ALL OF SUDDEN 1.npy;ALL OF SUDDEN 10.npy;ALL OF SUDDEN 11.npy;ALL OF SUDDEN 12.npy;ALL OF SUDDEN 13.npy;ALL OF SUDDEN 14.npy;ALL OF SUDDEN 15.npy;ALL OF SUDDEN 16.npy;ALL OF SUDDEN 17.npy;ALL OF SUDDEN 18.npy;ALL OF SUDDEN 19.npy;ALL OF SUDDEN 2.npy;ALL OF SUDDEN 20.npy;ALL OF SUDDEN 21.npy;ALL OF SUDDEN 22.npy;ALL OF SUDDEN 23.npy;ALL OF SUDDEN 24.npy;ALL OF SUDDEN 25.npy;ALL OF SUDDEN 26.npy;ALL OF SUDDEN 27.npy;ALL OF SUDDEN 28.npy;ALL OF SUDDEN 29.npy;ALL OF SUDDEN 3.npy;ALL OF SUDDEN 30.npy;ALL OF SUDDEN 31.npy;ALL OF SUDDEN 32.npy;ALL OF SUDDEN 4.npy;ALL OF SUDDEN 5.npy;ALL OF SUDDEN 6.npy;ALL OF SUDDEN 7.npy;ALL OF SUDDEN 8.npy;ALL OF SUDDEN 9.npy
ALL OVER,24,ALL OVER 10.npy;ALL OVER 11.npy;ALL OVER 13.npy;ALL OVER 14.npy;ALL OVER 15.npy;ALL OVER 17.npy;ALL OVER 18.npy;ALL OVER 19.npy;ALL OVER 2.npy;ALL OVER 21.npy;ALL OVER 23.npy;ALL OVER 24.npy;ALL OVER 25.npy;ALL OVER 26.npy;ALL OVER 27.npy;ALL OVER 28.npy;ALL OVER 29.npy;ALL OVER 30.npy;ALL OVER 31.npy;ALL OVER 5.npy;ALL OVER 6.npy;ALL OVER 7.npy;ALL OVER 8.npy;ALL OVER 9.npy
ALL OVER BODY,30,ALL OVER BODY 1.npy;ALL OVER BODY 10.npy;ALL OVER BODY 11.npy;ALL OVER BODY 12.npy;ALL OVER BODY 13.npy;ALL OVER BODY 14.npy;ALL OVER BODY 15.npy;ALL OVER BODY 16.npy;ALL OVER BODY 17.npy;ALL OVER BODY 18.npy;ALL OVER BODY 19.npy;ALL OVER BODY 2.npy;ALL OVER BODY 20.npy;ALL OVER BODY 21.npy;ALL OVER BODY 22.npy;ALL OVER BODY 23.npy;ALL OVER BODY 24.npy;ALL OVER BODY 25.npy;ALL OVER BODY 26.npy;ALL OVER BODY 27.npy;ALL OVER BODY 28.npy;ALL OVER BODY 29.npy;ALL OVER BODY 3.npy;ALL OVER BODY 30.npy;ALL OVER BODY 4.npy;ALL OVER BODY 5.npy;ALL OVER BODY 6.npy;ALL OVER BODY 7.npy;ALL OVER BODY 8.npy;ALL OVER BODY 9.npy
ALL TOGETHER,25,ALL TOGETHER 10.npy;ALL TOGETHER 11.npy;ALL TOGETHER 12.npy;ALL TOGETHER 13.npy;ALL TOGETHER 14.npy;ALL TOGETHER 15.npy;ALL TOGETHER 16.npy;ALL TOGETHER 18.npy;ALL TOGETHER 19.npy;ALL TOGETHER 2.npy;ALL TOGETHER 20.npy;ALL TOGETHER 22.npy;ALL TOGETHER 23.npy;ALL TOGETHER 24.npy;ALL TOGETHER 25.npy;ALL TOGETHER 26.npy;ALL TOGETHER 29.npy;ALL TOGETHER 3.npy;ALL TOGETHER 30.npy;ALL TOGETHER 4.npy;ALL TOGETHER 5.npy;ALL TOGETHER 6.npy;ALL TOGETHER 7.npy;ALL TOGETHER 8.npy;ALL TOGETHER 9.npy
ALL WAY,25,ALL WAY 10.npy;ALL WAY 11.npy;ALL WAY 12.npy;ALL WAY 14.npy;ALL WAY 15.npy;ALL WAY 17.npy;ALL WAY 18.npy;ALL WAY 2.npy;ALL WAY 20.npy;ALL WAY 21.npy;ALL WAY 22.npy;ALL WAY 23.npy;ALL WAY 24.npy;ALL WAY 26.npy;ALL WAY 27.npy;ALL WAY 29.npy;ALL WAY 3.npy;ALL WAY 30.npy;ALL WAY 32.npy;ALL WAY 33.npy;ALL WAY 5.npy;ALL WAY 6.npy;ALL WAY 7.npy;ALL WAY 8.npy;ALL WAY 9.npy
ALONE,25,ALONE 10.npy;ALONE 11.npy;ALONE 12.npy;ALONE 13.npy;ALONE 14.npy;ALONE 15.npy;ALONE 16.npy;ALONE 17.npy;ALONE 18.npy;ALONE 19.npy;ALONE 2.npy;ALONE 20.npy;ALONE 21.npy;ALONE 22.npy;ALONE 23.npy;ALONE 24.npy;ALONE 26.npy;ALONE 27.npy;ALONE 28.npy;ALONE 3.npy;ALONE 30.npy;ALONE 31.npy;ALONE 7.npy;ALONE 8.npy;ALONE 9.npy
ALPHABET,29,ALPHABET 10.npy;ALPHABET 11.npy;ALPHABET 12.npy;ALPHABET 13.npy;ALPHABET 14.npy;ALPHABET 15.npy;ALPHABET 16.npy;ALPHABET 17.npy;ALPHABET 18.npy;ALPHABET 19.npy;ALPHABET 2.npy;ALPHABET 20.npy;ALPHABET 21.npy;ALPHABET 23.npy;ALPHABET 25.npy;ALPHABET 26.npy;ALPHABET 27.npy;ALPHABET 28.npy;ALPHABET 29.npy;ALPHABET 3.npy;ALPHABET 30.npy;ALPHABET 31.npy;ALPHABET 32.npy;ALPHABET 4.npy;ALPHABET 5.npy;ALPHABET 6.npy;ALPHABET 7.npy;ALPHABET 8.npy;ALPHABET 9.npy
ALRIGHT,26,ALRIGHT 10.npy;ALRIGHT 11.npy;ALRIGHT 12.npy;ALRIGHT 13.npy;ALRIGHT 15.npy;ALRIGHT 16.npy;ALRIGHT 17.npy;ALRIGHT 19.npy;ALRIGHT 2.npy;ALRIGHT 20.npy;ALRIGHT 22.npy;ALRIGHT 24.npy;ALRIGHT 25.npy;ALRIGHT 26.npy;ALRIGHT 27.npy;ALRIGHT 28.npy;ALRIGHT 29.npy;ALRIGHT 31.npy;ALRIGHT 32.npy;ALRIGHT 33.npy;ALRIGHT 4.npy;ALRIGHT 5.npy;ALRIGHT 6.npy;ALRIGHT 7.npy;ALRIGHT 8.npy;ALRIGHT 9.npy
ALWAYS,30,ALWAYS 11.npy;ALWAYS 12.npy;ALWAYS 13.npy;ALWAYS 14.npy;ALWAYS 15.npy;ALWAYS 16.npy;ALWAYS 17.npy;ALWAYS 18.npy;ALWAYS 19.npy;ALWAYS 2.npy;ALWAYS 20.npy;ALWAYS 21.npy;ALWAYS 22.npy;ALWAYS 23.npy;ALWAYS 24.npy;ALWAYS 25.npy;ALWAYS 26.npy;ALWAYS 27.npy;ALWAYS 28.npy;ALWAYS 29.npy;ALWAYS 3.npy;ALWAYS 30.npy;ALWAYS 31.npy;ALWAYS 32.npy;ALWAYS 33.npy;ALWAYS 5.npy;ALWAYS 6.npy;ALWAYS 7.npy;ALWAYS 8.npy;ALWAYS 9.npy
AMAZING,24,AMAZING 10.npy;AMAZING 11.npy;AMAZING 12.npy;AMAZING 13.npy;AMAZING 14.npy;AMAZING 15.npy;AMAZING 16.npy;AMAZING 17.npy;AMAZING 18.npy;AMAZING 19.npy;AMAZING 2.npy;AMAZING 20.npy;AMAZING 22.npy;AMAZING 23.npy;AMAZING 24.npy;AMAZING 25.npy;AMAZING 26.npy;AMAZING 27.npy;AMAZING 28.npy;AMAZING 3.npy;AMAZING 4.npy;AMAZING 5.npy;AMAZING 6.npy;AMAZING 9.npy
AMERICA,30,AMERICA 10.npy;AMERICA 11.npy;AMERICA 12.npy;AMERICA 13.npy;AMERICA 14.npy;AMERICA 15.npy;AMERICA 16.npy;AMERICA 17.npy;AMERICA 18.npy;AMERICA 19.npy;AMERICA 2.npy;AMERICA 20.npy;AMERICA 21.npy;AMERICA 22.npy;AMERICA 23.npy;AMERICA 24.npy;AMERICA 25.npy;AMERICA 26.npy;AMERICA 27.npy;AMERICA 28.npy;AMERICA 29.npy;AMERICA 3.npy;AMERICA 30.npy;AMERICA 31.npy;AMERICA 4.npy;AMERICA 5.npy;AMERICA 6.npy;AMERICA 7.npy;AMERICA 8.npy;AMERICA 9.npy
ANALYZE,31,ANALYZE 10.npy;ANALYZE 11.npy;ANALYZE 12.npy;ANALYZE 13.npy;ANALYZE 14.npy;ANALYZE 15.npy;ANALYZE 16.npy;ANALYZE 17.npy;ANALYZE 18.npy;ANALYZE 19.npy;ANALYZE 2.npy;ANALYZE 20.npy;ANALYZE 21.npy;ANALYZE 22.npy;ANALYZE 23.npy;ANALYZE 24.npy;ANALYZE 26.npy;ANALYZE 27.npy;ANALYZE 28.npy;ANALYZE 29.npy;ANALYZE 3.npy;ANALYZE 30.npy;ANALYZE 31.npy;ANALYZE 32.npy;ANALYZE 33.npy;ANALYZE 4.npy;ANALYZE 5.npy;ANALYZE 6.npy;ANALYZE 7.npy;ANALYZE 8.npy;ANALYZE 9.npy
AND,30,AND 10.npy;AND 11.npy;AND 12.npy;AND 13.npy;AND 14.npy;AND 15.npy;AND 16.npy;AND 17.npy;AND 18.npy;AND 19.npy;AND 2.npy;AND 20.npy;AND 21.npy;AND 22.npy;AND 23.npy;AND 24.npy;AND 25.npy;AND 26.npy;AND 27.npy;AND 28.npy;AND 29.npy;AND 30.npy;AND 31.npy;AND 32.npy;AND 4.npy;AND 5.npy;AND 6.npy;AND 7.npy;AND 8.npy;AND 9.npy
ANGEL,29,ANGEL 10.npy;ANGEL 11.npy;ANGEL 12.npy;ANGEL 13.npy;ANGEL 14.npy;ANGEL 15.npy;ANGEL 16.npy;ANGEL 17.npy;ANGEL 18.npy;ANGEL 19.npy;ANGEL 2.npy;ANGEL 20.npy;ANGEL 21.npy;ANGEL 22.npy;ANGEL 23.npy;ANGEL 24.npy;ANGEL 25.npy;ANGEL 26.npy;ANGEL 27.npy;ANGEL 28.npy;ANGEL 29.npy;ANGEL 3.npy;ANGEL 30.npy;ANGEL 4.npy;ANGEL 5.npy;ANGEL 6.npy;ANGEL 7.npy;ANGEL 8.npy;ANGEL 9.npy
ANGRY,31,ANGRY 10.npy;ANGRY 11.npy;ANGRY 12.npy;ANGRY 13.npy;ANGRY 14.npy;ANGRY 15.npy;ANGRY 16.npy;ANGRY 17.npy;ANGRY 18.npy;ANGRY 19.npy;ANGRY 2.npy;ANGRY 20.npy;ANGRY 21.npy;ANGRY 22.npy;ANGRY 23.npy;ANGRY 24.npy;ANGRY 25.npy;ANGRY 26.npy;ANGRY 27.npy;ANGRY 28.npy;ANGRY 29.npy;ANGRY 3.npy;ANGRY 30.npy;ANGRY 31.npy;ANGRY 32.npy;ANGRY 4.npy;ANGRY 5.npy;ANGRY 6.npy;ANGRY 7.npy;ANGRY 8.npy;ANGRY 9.npy
ANIMAL,29,ANIMAL 10.npy;ANIMAL 11.npy;ANIMAL 13.npy;ANIMAL 14.npy;ANIMAL 15.npy;ANIMAL 16.npy;ANIMAL 17.npy;ANIMAL 18.npy;ANIMAL 19.npy;ANIMAL 2.npy;ANIMAL 20.npy;ANIMAL 21.npy;ANIMAL 22.npy;ANIMAL 23.npy;ANIMAL 24.npy;ANIMAL 25.npy;ANIMAL 26.npy;ANIMAL 27.npy;ANIMAL 28.npy;ANIMAL 29.npy;ANIMAL 3.npy;ANIMAL 30.npy;ANIMAL 31.npy;ANIMAL 4.npy;ANIMAL 5.npy;ANIMAL 6.npy;ANIMAL 7.npy;ANIMAL 8.npy;ANIMAL 9.npy
ANNOUNCE,29,ANNOUNCE 10.npy;ANNOUNCE 11.npy;ANNOUNCE 12.npy;ANNOUNCE 13.npy;ANNOUNCE 14.npy;ANNOUNCE 15.npy;ANNOUNCE 16.npy;ANNOUNCE 17.npy;ANNOUNCE 19.npy;ANNOUNCE 2.npy;ANNOUNCE 20.npy;ANNOUNCE 21.npy;ANNOUNCE 22.npy;ANNOUNCE 23.npy;ANNOUNCE 24.npy;ANNOUNCE 25.npy;ANNOUNCE 26.npy;ANNOUNCE 27.npy;ANNOUNCE 28.npy;ANNOUNCE 29.npy;ANNOUNCE 3.npy;ANNOUNCE 30.npy;ANNOUNCE 31.npy;ANNOUNCE 4.npy;ANNOUNCE 5.npy;ANNOUNCE 6.npy;ANNOUNCE 7.npy;ANNOUNCE 8.npy;ANNOUNCE 9.npy
ANSWER,30,ANSWER 10.npy;ANSWER 11.npy;ANSWER 12.npy;ANSWER 13.npy;ANSWER 14.npy;ANSWER 15.npy;ANSWER 16.npy;ANSWER 17.npy;ANSWER 18.npy;ANSWER 19.npy;ANSWER 2.npy;ANSWER 20.npy;ANSWER 21.npy;ANSWER 22.npy;ANSWER 23.npy;ANSWER 24.npy;ANSWER 25.npy;ANSWER 26.npy;ANSWER 27.npy;ANSWER 28.npy;ANSWER 29.npy;ANSWER 3.npy;ANSWER 30.npy;ANSWER 31.npy;ANSWER 4.npy;ANSWER 5.npy;ANSWER 6.npy;ANSWER 7.npy;ANSWER 8.npy;ANSWER 9.npy
ANTLERS,28,ANTLERS 10.npy;ANTLERS 11.npy;ANTLERS 12.npy;ANTLERS 14.npy;ANTLERS 15.npy;ANTLERS 16.npy;ANTLERS 17.npy;ANTLERS 19.npy;ANTLERS 2.npy;ANTLERS 20.npy;ANTLERS 21.npy;ANTLERS 23.npy;ANTLERS 24.npy;ANTLERS 25.npy;ANTLERS 26.npy;ANTLERS 27.npy;ANTLERS 28.npy;ANTLERS 29.npy;ANTLERS 3.npy;ANTLERS 30.npy;ANTLERS 31.npy;ANTLERS 32.npy;ANTLERS 4.npy;ANTLERS 5.npy;ANTLERS 6.npy;ANTLERS 7.npy;ANTLERS 8.npy;ANTLERS 9.npy
ANY,29,ANY 10.npy;ANY 11.npy;ANY 12.npy;ANY 13.npy;ANY 14.npy;ANY 15.npy;ANY 16.npy;ANY 17.npy;ANY 18.npy;ANY 19.npy;ANY 2.npy;ANY 20.npy;ANY 21.npy;ANY 22.npy;ANY 23.npy;ANY 24.npy;ANY 25.npy;ANY 26.npy;ANY 27.npy;ANY 28.npy;ANY 29.npy;ANY 3.npy;ANY 30.npy;ANY 31.npy;ANY 5.npy;ANY 6.npy;ANY 7.npy;ANY 8.npy;ANY 9.npy
ANYONE,25,ANYONE 11.npy;ANYONE 13.npy;ANYONE 14.npy;ANYONE 15.npy;ANYONE 16.npy;ANYONE 17.npy;ANYONE 19.npy;ANYONE 2.npy;ANYONE 20.npy;ANYONE 21.npy;ANYONE 22.npy;ANYONE 23.npy;ANYONE 24.npy;ANYONE 25.npy;ANYONE 27.npy;ANYONE 28.npy;ANYONE 29.npy;ANYONE 3.npy;ANYONE 30.npy;ANYONE 4.npy;ANYONE 5.npy;ANYONE 6.npy;ANYONE 7.npy;ANYONE 8.npy;ANYONE 9.npy
APART,29,APART 10.npy;APART 11.npy;APART 13.npy;APART 14.npy;APART 15.npy;APART 16.npy;APART 17.npy;APART 18.npy;APART 19.npy;APART 2.npy;APART 20.npy;APART 21.npy;APART 22.npy;APART 23.npy;APART 24.npy;APART 25.npy;APART 27.npy;APART 28.npy;APART 29.npy;APART 3.npy;APART 30.npy;APART 31.npy;APART 32.npy;APART 4.npy;APART 5.npy;APART 6.npy;APART 7.npy;APART 8.npy;APART 9.npy
APPEAR,26,APPEAR 11.npy;APPEAR 12.npy;APPEAR 13.npy;APPEAR 14.npy;APPEAR 17.npy;APPEAR 18.npy;APPEAR 19.npy;APPEAR 2.npy;APPEAR 20.npy;APPEAR 21.npy;APPEAR 23.npy;APPEAR 24.npy;APPEAR 25.npy;APPEAR 26.npy;APPEAR 27.npy;APPEAR 28.npy;APPEAR 29.npy;APPEAR 3.npy;APPEAR 30.npy;APPEAR 31.npy;APPEAR 4.npy;APPEAR 5.npy;APPEAR 6.npy;APPEAR 7.npy;APPEAR 8.npy;APPEAR 9.npy
APPLE,29,APPLE 10.npy;APPLE 11.npy;APPLE 12.npy;APPLE 13.npy;APPLE 15.npy;APPLE 16.npy;APPLE 17.npy;APPLE 18.npy;APPLE 19.npy;APPLE 2.npy;APPLE 20.npy;APPLE 22.npy;APPLE 23.npy;APPLE 24.npy;APPLE 25.npy;APPLE 26.npy;APPLE 27.npy;APPLE 28.npy;APPLE 29.npy;APPLE 3.npy;APPLE 30.npy;APPLE 31.npy;APPLE 32.npy;APPLE 4.npy;APPLE 5.npy;APPLE 6.npy;APPLE 7.npy;APPLE 8.npy;APPLE 9.npy
APPOINTMENT,25,APPOINTMENT 10.npy;APPOINTMENT 11.npy;APPOINTMENT 12.npy;APPOINTMENT 13.npy;APPOINTMENT 14.npy;APPOINTMENT 15.npy;APPOINTMENT 16.npy;APPOINTMENT 17.npy;APPOINTMENT 18.npy;APPOINTMENT 19.npy;APPOINTMENT 2.npy;APPOINTMENT 20.npy;APPOINTMENT 21.npy;APPOINTMENT 22.npy;APPOINTMENT 23.npy;APPOINTMENT 24.npy;APPOINTMENT 26.npy;APPOINTMENT 27.npy;APPOINTMENT 28.npy;APPOINTMENT 3.npy;APPOINTMENT 30.npy;APPOINTMENT 4.npy;APPOINTMENT 5.npy;APPOINTMENT 7.npy;APPOINTMENT 8.npy
APRIL,28,APRIL 10.npy;APRIL 11.npy;APRIL 12.npy;APRIL 13.npy;APRIL 14.npy;APRIL 15.npy;APRIL 16.npy;APRIL 17.npy;APRIL 18.npy;APRIL 19.npy;APRIL 2.npy;APRIL 21.npy;APRIL 22.npy;APRIL 23.npy;APRIL 24.npy;APRIL 25.npy;APRIL 26.npy;APRIL 27.npy;APRIL 28.npy;APRIL 29.npy;APRIL 3.npy;APRIL 30.npy;APRIL 4.npy;APRIL 5.npy;APRIL 6.npy;APRIL 7.npy;APRIL 8.npy;APRIL 9.npy
ARCHEOLOGY,27,ARCHEOLOGY 10.npy;ARCHEOLOGY 11.npy;ARCHEOLOGY 12.npy;ARCHEOLOGY 13.npy;ARCHEOLOGY 14.npy;ARCHEOLOGY 15.npy;ARCHEOLOGY 17.npy;ARCHEOLOGY 18.npy;ARCHEOLOGY 19.npy;ARCHEOLOGY 2.npy;ARCHEOLOGY 20.npy;ARCHEOLOGY 21.npy;ARCHEOLOGY 23.npy;ARCHEOLOGY 24.npy;ARCHEOLOGY 25.npy;ARCHEOLOGY 27.npy;ARCHEOLOGY 28.npy;ARCHEOLOGY 29.npy;ARCHEOLOGY 3.npy;ARCHEOLOGY 30.npy;ARCHEOLOGY 31.npy;ARCHEOLOGY 32.npy;ARCHEOLOGY 4.npy;ARCHEOLOGY 5.npy;ARCHEOLOGY 6.npy;ARCHEOLOGY 8.npy;ARCHEOLOGY 9.npy
AREA,26,AREA 11.npy;AREA 12.npy;AREA 13.npy;AREA 14.npy;AREA 15.npy;AREA 19.npy;AREA 2.npy;AREA 20.npy;AREA 21.npy;AREA 23.npy;AREA 24.npy;AREA 25.npy;AREA 26.npy;AREA 27.npy;AREA 29.npy;AREA 3.npy;AREA 30.npy;AREA 31.npy;AREA 32.npy;AREA 33.npy;AREA 4.npy;AREA 5.npy;AREA 6.npy;AREA 7.npy;AREA 8.npy;AREA 9.npy
ARGUE,30,ARGUE 10.npy;ARGUE 11.npy;ARGUE 12.npy;ARGUE 13.npy;ARGUE 14.npy;ARGUE 15.npy;ARGUE 16.npy;ARGUE 17.npy;ARGUE 18.npy;ARGUE 19.npy;ARGUE 2.npy;ARGUE 20.npy;ARGUE 21.npy;ARGUE 22.npy;ARGUE 23.npy;ARGUE 24.npy;ARGUE 26.npy;ARGUE 27.npy;ARGUE 28.npy;ARGUE 29.npy;ARGUE 3.npy;ARGUE 30.npy;ARGUE 31.npy;ARGUE 32.npy;ARGUE 4.npy;ARGUE 5.npy;ARGUE 6.npy;ARGUE 7.npy;ARGUE 8.npy;ARGUE 9.npy
ARIZONA,28,ARIZONA 10.npy;ARIZONA 11.npy;ARIZONA 12.npy;ARIZONA 13.npy;ARIZONA 14.npy;ARIZONA 15.npy;ARIZONA 17.npy;ARIZONA 18.npy;ARIZONA 19.npy;ARIZONA 2.npy;ARIZONA 20.npy;ARIZONA 21.npy;ARIZONA 22.npy;ARIZONA 23.npy;ARIZONA 24.npy;ARIZONA 26.npy;ARIZONA 27.npy;ARIZONA 28.npy;ARIZONA 29.npy;ARIZONA 3.npy;ARIZONA 30.npy;ARIZONA 32.npy;ARIZONA 33.npy;ARIZONA 4.npy;ARIZONA 6.npy;ARIZONA 7.npy;ARIZONA 8.npy;ARIZONA 9.npy
ARM,61,ARM 10.npy;ARM 11.npy;ARM 12.npy;ARM 13.npy;ARM 14.npy;ARM 15.npy;ARM 16.npy;ARM 17.npy;ARM 2.npy;ARM 20.npy;ARM 21.npy;ARM 23.npy;ARM 24.npy;ARM 25.npy;ARM 26.npy;ARM 27.npy;ARM 28.npy;ARM 29.npy;ARM 3.npy;ARM 32.npy;ARM 35.npy;ARM 36.npy;ARM 37.npy;ARM 4.npy;ARM 40.npy;ARM 41.npy;ARM 45.npy;ARM 46.npy;ARM 47.npy;ARM 48.npy;ARM 5.npy;ARM 50.npy;ARM 51.npy;ARM 53.npy;ARM 54.npy;ARM 57.npy;ARM 58.npy;ARM 6.npy;ARM 61.npy;ARM 62.npy;ARM 63.npy;ARM 64.npy;ARM 65.npy;ARM 67.npy;ARM 69.npy;ARM 71.npy;ARM 74.npy;ARM 75.npy;ARM 76.npy;ARM 77.npy;ARM 78.npy;ARM 79.npy;ARM 8.npy;ARM 80.npy;ARM 81.npy;ARM 84.npy;ARM 85.npy;ARM 87.npy;ARM 88.npy;ARM 9.npy;ARM 90.npy
ARMY,26,ARMY 10.npy;ARMY 12.npy;ARMY 13.npy;ARMY 15.npy;ARMY 16.npy;ARMY 17.npy;ARMY 18.npy;ARMY 19.npy;ARMY 2.npy;ARMY 21.npy;ARMY 22.npy;ARMY 23.npy;ARMY 24.npy;ARMY 25.npy;ARMY 26.npy;ARMY 27.npy;ARMY 28.npy;ARMY 29.npy;ARMY 3.npy;ARMY 30.npy;ARMY 31.npy;ARMY 4.npy;ARMY 5.npy;ARMY 7.npy;ARMY 8.npy;ARMY 9.npy
ARREST1,30,ARREST1 10.npy;ARREST1 11.npy;ARREST1 12.npy;ARREST1 13.npy;ARREST1 14.npy;ARREST1 15.npy;ARREST1 16.npy;ARREST1 17.npy;ARREST1 18.npy;ARREST1 19.npy;ARREST1 2.npy;ARREST1 20.npy;ARREST1 21.npy;ARREST1 22.npy;ARREST1 23.npy;ARREST1 24.npy;ARREST1 25.npy;ARREST1 26.npy;ARREST1 27.npy;ARREST1 28.npy;ARREST1 29.npy;ARREST1 3.npy;ARREST1 30.npy;ARREST1 31.npy;ARREST1 4.npy;ARREST1 5.npy;ARREST1 6.npy;ARREST1 7.npy;ARREST1 8.npy;ARREST1 9.npy
ARREST2,29,ARREST2 1.npy;ARREST2 10.npy;ARREST2 11.npy;ARREST2 12.npy;ARREST2 13.npy;ARREST2 14.npy;ARREST2 15.npy;ARREST2 16.npy;ARREST2 17.npy;ARREST2 18.npy;ARREST2 19.npy;ARREST2 2.npy;ARREST2 20.npy;ARREST2 21.npy;ARREST2 22.npy;ARREST2 23.npy;ARREST2 24.npy;ARREST2 25.npy;ARREST2 26.npy;ARREST2 27.npy;ARREST2 28.npy;ARREST2 29.npy;ARREST2 3.npy;ARREST2 4.npy;ARREST2 5.npy;ARREST2 6.npy;ARREST2 7.npy;ARREST2 8.npy;ARREST2 9.npy
ARREST3,26,ARREST3 1.npy;ARREST3 10.npy;ARREST3 11.npy;ARREST3 12.npy;ARREST3 13.npy;ARREST3 14.npy;ARREST3 15.npy;ARREST3 16.npy;ARREST3 17.npy;ARREST3 18.npy;ARREST3 19.npy;ARREST3 2.npy;ARREST3 20.npy;ARREST3 21.npy;ARREST3 22.npy;ARREST3 23.npy;ARREST3 24.npy;ARREST3 25.npy;ARREST3 26.npy;ARREST3 3.npy;ARREST3 4.npy;ARREST3 5.npy;ARREST3 6.npy;ARREST3 7.npy;ARREST3 8.npy;ARREST3 9.npy
ARRIVE,25,ARRIVE 10.npy;ARRIVE 11.npy;ARRIVE 12.npy;ARRIVE 13.npy;ARRIVE 14.npy;ARRIVE 16.npy;ARRIVE 18.npy;ARRIVE 19.npy;ARRIVE 2.npy;ARRIVE 20.npy;ARRIVE 21.npy;ARRIVE 22.npy;ARRIVE 23.npy;ARRIVE 24.npy;ARRIVE 25.npy;ARRIVE 26.npy;ARRIVE 27.npy;ARRIVE 28.npy;ARRIVE 3.npy;ARRIVE 4.npy;ARRIVE 5.npy;ARRIVE 6.npy;ARRIVE 7.npy;ARRIVE 8.npy;ARRIVE 9.npy
ART,28,ART 12.npy;ART 13.npy;ART 14.npy;ART 15.npy;ART 16.npy;ART 17.npy;ART 18.npy;ART 19.npy;ART 2.npy;ART 20.npy;ART 21.npy;ART 22.npy;ART 23.npy;ART 24.npy;ART 25.npy;ART 26.npy;ART 27.npy;ART 28.npy;ART 29.npy;ART 3.npy;ART 30.npy;ART 31.npy;ART 32.npy;ART 5.npy;ART 6.npy;ART 7.npy;ART 8.npy;ART 9.npy
ARTICLE,30,ARTICLE 10.npy;ARTICLE 11.npy;ARTICLE 12.npy;ARTICLE 13.npy;ARTICLE 14.npy;ARTICLE 15.npy;ARTICLE 16.npy;ARTICLE 17.npy;ARTICLE 18.npy;ARTICLE 19.npy;ARTICLE 2.npy;ARTICLE 20.npy;ARTICLE 21.npy;ARTICLE 22.npy;ARTICLE 23.npy;ARTICLE 24.npy;ARTICLE 25.npy;ARTICLE 26.npy;ARTICLE 27.npy;ARTICLE 28.npy;ARTICLE 29.npy;ARTICLE 3.npy;ARTICLE 30.npy;ARTICLE 31.npy;ARTICLE 4.npy;ARTICLE 5.npy;ARTICLE 6.npy;ARTICLE 7.npy;ARTICLE 8.npy;ARTICLE 9.npy
ARTICULATE SIGN,28,ARTICULATE SIGN 10.npy;ARTICULATE SIGN 11.npy;ARTICULATE SIGN 12.npy;ARTICULATE SIGN 13.npy;ARTICULATE SIGN 14.npy;ARTICULATE SIGN 15.npy;ARTICULATE SIGN 16.npy;ARTICULATE SIGN 17.npy;ARTICULATE SIGN 18.npy;ARTICULATE SIGN 19.npy;ARTICULATE SIGN 2.npy;ARTICULATE SIGN 20.npy;ARTICULATE SIGN 21.npy;ARTICULATE SIGN 23.npy;ARTICULATE SIGN 24.npy;ARTICULATE SIGN 26.npy;ARTICULATE SIGN 27.npy;ARTICULATE SIGN 28.npy;ARTICULATE SIGN 29.npy;ARTICULATE SIGN 3.npy;ARTICULATE SIGN 30.npy;ARTICULATE SIGN 31.npy;ARTICULATE SIGN 32.npy;ARTICULATE SIGN 4.npy;ARTICULATE SIGN 5.npy;ARTICULATE SIGN 6.npy;ARTICULATE SIGN 7.npy;ARTICULATE SIGN 9.npy
ASIA,30,ASIA 10.npy;ASIA 11.npy;ASIA 12.npy;ASIA 13.npy;ASIA 14.npy;ASIA 15.npy;ASIA 16.npy;ASIA 17.npy;ASIA 18.npy;ASIA 19.npy;ASIA 2.npy;ASIA 20.npy;ASIA 21.npy;ASIA 22.npy;ASIA 23.npy;ASIA 24.npy;ASIA 25.npy;ASIA 26.npy;ASIA 27.npy;ASIA 28.npy;ASIA 29.npy;ASIA 3.npy;ASIA 30.npy;ASIA 31.npy;ASIA 4.npy;ASIA 5.npy;ASIA 6.npy;ASIA 7.npy;ASIA 8.npy;ASIA 9.npy
ASK,30,ASK 10.npy;ASK 11.npy;ASK 12.npy;ASK 13.npy;ASK 14.npy;ASK 15.npy;ASK 16.npy;ASK 17.npy;ASK 18.npy;ASK 19.npy;ASK 2.npy;ASK 20.npy;ASK 21.npy;ASK 22.npy;ASK 23.npy;ASK 24.npy;ASK 25.npy;ASK 26.npy;ASK 27.npy;ASK 28.npy;ASK 29.npy;ASK 3.npy;ASK 30.npy;ASK 31.npy;ASK 4.npy;ASK 5.npy;ASK 6.npy;ASK 7.npy;ASK 8.npy;ASK 9.npy
ASSEMBLY,26,ASSEMBLY 10.npy;ASSEMBLY 11.npy;ASSEMBLY 12.npy;ASSEMBLY 15.npy;ASSEMBLY 16.npy;ASSEMBLY 17.npy;ASSEMBLY 18.npy;ASSEMBLY 19.npy;ASSEMBLY 2.npy;ASSEMBLY 20.npy;ASSEMBLY 21.npy;ASSEMBLY 22.npy;ASSEMBLY 23.npy;ASSEMBLY 24.npy;ASSEMBLY 25.npy;ASSEMBLY 26.npy;ASSEMBLY 27.npy;ASSEMBLY 28.npy;ASSEMBLY 29.npy;ASSEMBLY 3.npy;ASSEMBLY 30.npy;ASSEMBLY 31.npy;ASSEMBLY 4.npy;ASSEMBLY 6.npy;ASSEMBLY 7.npy;ASSEMBLY 8.npy
ASSIGN,28,ASSIGN 10.npy;ASSIGN 11.npy;ASSIGN 12.npy;ASSIGN 13.npy;ASSIGN 14.npy;ASSIGN 15.npy;ASSIGN 17.npy;ASSIGN 18.npy;ASSIGN 19.npy;ASSIGN 2.npy;ASSIGN 20.npy;ASSIGN 21.npy;ASSIGN 22.npy;ASSIGN 23.npy;ASSIGN 24.npy;ASSIGN 25.npy;ASSIGN 26.npy;ASSIGN 27.npy;ASSIGN 28.npy;ASSIGN 29.npy;ASSIGN 3.npy;ASSIGN 30.npy;ASSIGN 4.npy;ASSIGN 5.npy;ASSIGN 6.npy;ASSIGN 7.npy;ASSIGN 8.npy;ASSIGN 9.npy
ASSIST,29,ASSIST 10.npy;ASSIST 11.npy;ASSIST 12.npy;ASSIST 13.npy;ASSIST 14.npy;ASSIST 15.npy;ASSIST 16.npy;ASSIST 17.npy;ASSIST 18.npy;ASSIST 19.npy;ASSIST 2.npy;ASSIST 20.npy;ASSIST 21.npy;ASSIST 22.npy;ASSIST 23.npy;ASSIST 24.npy;ASSIST 26.npy;ASSIST 27.npy;ASSIST 28.npy;ASSIST 29.npy;ASSIST 3.npy;ASSIST 30.npy;ASSIST 31.npy;ASSIST 4.npy;ASSIST 5.npy;ASSIST 6.npy;ASSIST 7.npy;ASSIST 8.npy;ASSIST 9.npy
ASSISTANT,28,ASSISTANT 10.npy;ASSISTANT 11.npy;ASSISTANT 12.npy;ASSISTANT 13.npy;ASSISTANT 14.npy;ASSISTANT 15.npy;ASSISTANT 16.npy;ASSISTANT 17.npy;ASSISTANT 18.npy;ASSISTANT 19.npy;ASSISTANT 2.npy;ASSISTANT 20.npy;ASSISTANT 21.npy;ASSISTANT 22.npy;ASSISTANT 24.npy;ASSISTANT 25.npy;ASSISTANT 26.npy;ASSISTANT 28.npy;ASSISTANT 29.npy;ASSISTANT 3.npy;ASSISTANT 30.npy;ASSISTANT 31.npy;ASSISTANT 4.npy;ASSISTANT 5.npy;ASSISTANT 6.npy;ASSISTANT 7.npy;ASSISTANT 8.npy;ASSISTANT 9.npy
ASTRONAUT,30,ASTRONAUT 10.npy;ASTRONAUT 11.npy;ASTRONAUT 13.npy;ASTRONAUT 14.npy;ASTRONAUT 15.npy;ASTRONAUT 16.npy;ASTRONAUT 17.npy;ASTRONAUT 18.npy;ASTRONAUT 19.npy;ASTRONAUT 2.npy;ASTRONAUT 20.npy;ASTRONAUT 21.npy;ASTRONAUT 22.npy;ASTRONAUT 23.npy;ASTRONAUT 25.npy;ASTRONAUT 26.npy;ASTRONAUT 27.npy;ASTRONAUT 28.npy;ASTRONAUT 29.npy;ASTRONAUT 3.npy;ASTRONAUT 30.npy;ASTRONAUT 31.npy;ASTRONAUT 32.npy;ASTRONAUT 33.npy;ASTRONAUT 4.npy;ASTRONAUT 5.npy;ASTRONAUT 6.npy;ASTRONAUT 7.npy;ASTRONAUT 8.npy;ASTRONAUT 9.npy
AT,29,AT 10.npy;AT 11.npy;AT 12.npy;AT 13.npy;AT 14.npy;AT 15.npy;AT 17.npy;AT 18.npy;AT 2.npy;AT 20.npy;AT 21.npy;AT 22.npy;AT 23.npy;AT 24.npy;AT 25.npy;AT 26.npy;AT 27.npy;AT 28.npy;AT 29.npy;AT 30.npy;AT 31.npy;AT 32.npy;AT 33.npy;AT 4.npy;AT 5.npy;AT 6.npy;AT 7.npy;AT 8.npy;AT 9.npy
ATHLETE,28,ATHLETE 10.npy;ATHLETE 11.npy;ATHLETE 12.npy;ATHLETE 13.npy;ATHLETE 14.npy;ATHLETE 15.npy;ATHLETE 16.npy;ATHLETE 17.npy;ATHLETE 18.npy;ATHLETE 19.npy;ATHLETE 2.npy;ATHLETE 20.npy;ATHLETE 21.npy;ATHLETE 22.npy;ATHLETE 23.npy;ATHLETE 25.npy;ATHLETE 26.npy;ATHLETE 27.npy;ATHLETE 28.npy;ATHLETE 29.npy;ATHLETE 3.npy;ATHLETE 30.npy;ATHLETE 4.npy;ATHLETE 5.npy;ATHLETE 6.npy;ATHLETE 7.npy;ATHLETE 8.npy;ATHLETE 9.npy
ATLANTA,28,ATLANTA 10.npy;ATLANTA 11.npy;ATLANTA 12.npy;ATLANTA 13.npy;ATLANTA 14.npy;ATLANTA 17.npy;ATLANTA 18.npy;ATLANTA 19.npy;ATLANTA 2.npy;ATLANTA 20.npy;ATLANTA 21.npy;ATLANTA 22.npy;ATLANTA 23.npy;ATLANTA 24.npy;ATLANTA 25.npy;ATLANTA 26.npy;ATLANTA 27.npy;ATLANTA 28.npy;ATLANTA 29.npy;ATLANTA 3.npy;ATLANTA 30.npy;ATLANTA 31.npy;ATLANTA 32.npy;ATLANTA 4.npy;ATLANTA 5.npy;ATLANTA 6.npy;ATLANTA 7.npy;ATLANTA 9.npy
ATTENTION,30,ATTENTION 10.npy;ATTENTION 11.npy;ATTENTION 12.npy;ATTENTION 13.npy;ATTENTION 14.npy;ATTENTION 15.npy;ATTENTION 16.npy;ATTENTION 17.npy;ATTENTION 18.npy;ATTENTION 19.npy;ATTENTION 2.npy;ATTENTION 20.npy;ATTENTION 21.npy;ATTENTION 22.npy;ATTENTION 23.npy;ATTENTION 24.npy;ATTENTION 25.npy;ATTENTION 26.npy;ATTENTION 27.npy;ATTENTION 28.npy;ATTENTION 29.npy;ATTENTION 3.npy;ATTENTION 30.npy;ATTENTION 31.npy;ATTENTION 32.npy;ATTENTION 4.npy;ATTENTION 5.npy;ATTENTION 6.npy;ATTENTION 7.npy;ATTENTION 9.npy
ATTITUDE,26,ATTITUDE 10.npy;ATTITUDE 11.npy;ATTITUDE 12.npy;ATTITUDE 13.npy;ATTITUDE 14.npy;ATTITUDE 15.npy;ATTITUDE 16.npy;ATTITUDE 17.npy;ATTITUDE 19.npy;ATTITUDE 2.npy;ATTITUDE 20.npy;ATTITUDE 21.npy;ATTITUDE 22.npy;ATTITUDE 23.npy;ATTITUDE 24.npy;ATTITUDE 25.npy;ATTITUDE 26.npy;ATTITUDE 27.npy;ATTITUDE 28.npy;ATTITUDE 3.npy;ATTITUDE 30.npy;ATTITUDE 4.npy;ATTITUDE 6.npy;ATTITUDE 7.npy;ATTITUDE 8.npy;ATTITUDE 9.npy
AUDIENCE,27,AUDIENCE 10.npy;AUDIENCE 11.npy;AUDIENCE 12.npy;AUDIENCE 14.npy;AUDIENCE 15.npy;AUDIENCE 16.npy;AUDIENCE 18.npy;AUDIENCE 19.npy;AUDIENCE 2.npy;AUDIENCE 20.npy;AUDIENCE 21.npy;AUDIENCE 22.npy;AUDIENCE 23.npy;AUDIENCE 24.npy;AUDIENCE 25.npy;AUDIENCE 26.npy;AUDIENCE 27.npy;AUDIENCE 28.npy;AUDIENCE 29.npy;AUDIENCE 3.npy;AUDIENCE 30.npy;AUDIENCE 4.npy;AUDIENCE 5.npy;AUDIENCE 6.npy;AUDIENCE 7.npy;AUDIENCE 8.npy;AUDIENCE 9.npy
AUDITORIUM,28,AUDITORIUM 10.npy;AUDITORIUM 11.npy;AUDITORIUM 12.npy;AUDITORIUM 14.npy;AUDITORIUM 15.npy;AUDITORIUM 16.npy;AUDITORIUM 17.npy;AUDITORIUM 18.npy;AUDITORIUM 19.npy;AUDITORIUM 20.npy;AUDITORIUM 21.npy;AUDITORIUM 22.npy;AUDITORIUM 23.npy;AUDITORIUM 24.npy;AUDITORIUM 25.npy;AUDITORIUM 26.npy;AUDITORIUM 27.npy;AUDITORIUM 28.npy;AUDITORIUM 29.npy;AUDITORIUM 3.npy;AUDITORIUM 30.npy;AUDITORIUM 31.npy;AUDITORIUM 32.npy;AUDITORIUM 33.npy;AUDITORIUM 4.npy;AUDITORIUM 6.npy;AUDITORIUM 7.npy;AUDITORIUM 9.npy
AUNT,30,AUNT 10.npy;AUNT 11.npy;AUNT 13.npy;AUNT 14.npy;AUNT 15.npy;AUNT 16.npy;AUNT 17.npy;AUNT 18.npy;AUNT 19.npy;AUNT 2.npy;AUNT 20.npy;AUNT 21.npy;AUNT 22.npy;AUNT 23.npy;AUNT 24.npy;AUNT 25.npy;AUNT 26.npy;AUNT 27.npy;AUNT 28.npy;AUNT 3.npy;AUNT 30.npy;AUNT 31.npy;AUNT 32.npy;AUNT 33.npy;AUNT 4.npy;AUNT 5.npy;AUNT 6.npy;AUNT 7.npy;AUNT 8.npy;AUNT 9.npy
AUSTRALIA,30,AUSTRALIA 10.npy;AUSTRALIA 11.npy;AUSTRALIA 12.npy;AUSTRALIA 13.npy;AUSTRALIA 14.npy;AUSTRALIA 15.npy;AUSTRALIA 16.npy;AUSTRALIA 17.npy;AUSTRALIA 18.npy;AUSTRALIA 19.npy;AUSTRALIA 2.npy;AUSTRALIA 20.npy;AUSTRALIA 21.npy;AUSTRALIA 22.npy;AUSTRALIA 23.npy;AUSTRALIA 24.npy;AUSTRALIA 25.npy;AUSTRALIA 26.npy;AUSTRALIA 27.npy;AUSTRALIA 28.npy;AUSTRALIA 29.npy;AUSTRALIA 3.npy;AUSTRALIA 30.npy;AUSTRALIA 31.npy;AUSTRALIA 32.npy;AUSTRALIA 5.npy;AUSTRALIA 6.npy;AUSTRALIA 7.npy;AUSTRALIA 8.npy;AUSTRALIA 9.npy
AUTISM1,28,AUTISM1 10.npy;AUTISM1 11.npy;AUTISM1 12.npy;AUTISM1 13.npy;AUTISM1 14.npy;AUTISM1 15.npy;AUTISM1 16.npy;AUTISM1 17.npy;AUTISM1 18.npy;AUTISM1 19.npy;AUTISM1 2.npy;AUTISM1 20.npy;AUTISM1 21.npy;AUTISM1 22.npy;AUTISM1 23.npy;AUTISM1 24.npy;AUTISM1 25.npy;AUTISM1 26.npy;AUTISM1 27.npy;AUTISM1 28.npy;AUTISM1 29.npy;AUTISM1 3.npy;AUTISM1 4.npy;AUTISM1 5.npy;AUTISM1 6.npy;AUTISM1 7.npy;AUTISM1 8.npy;AUTISM1 9.npy
AUTISM2,27,AUTISM2 10.npy;AUTISM2 11.npy;AUTISM2 12.npy;AUTISM2 13.npy;AUTISM2 14.npy;AUTISM2 15.npy;AUTISM2 16.npy;AUTISM2 17.npy;AUTISM2 18.npy;AUTISM2 19.npy;AUTISM2 2.npy;AUTISM2 20.npy;AUTISM2 21.npy;AUTISM2 22.npy;AUTISM2 23.npy;AUTISM2 24.npy;AUTISM2 25.npy;AUTISM2 26.npy;AUTISM2 27.npy;AUTISM2 28.npy;AUTISM2 3.npy;AUTISM2 4.npy;AUTISM2 5.npy;AUTISM2 6.npy;AUTISM2 7.npy;AUTISM2 8.npy;AUTISM2 9.npy
AUTOMATIC,28,AUTOMATIC 10.npy;AUTOMATIC 11.npy;AUTOMATIC 12.npy;AUTOMATIC 13.npy;AUTOMATIC 14.npy;AUTOMATIC 15.npy;AUTOMATIC 16.npy;AUTOMATIC 17.npy;AUTOMATIC 18.npy;AUTOMATIC 2.npy;AUTOMATIC 20.npy;AUTOMATIC 21.npy;AUTOMATIC 22.npy;AUTOMATIC 25.npy;AUTOMATIC 26.npy;AUTOMATIC 28.npy;AUTOMATIC 29.npy;AUTOMATIC 3.npy;AUTOMATIC 30.npy;AUTOMATIC 31.npy;AUTOMATIC 32.npy;AUTOMATIC 33.npy;AUTOMATIC 4.npy;AUTOMATIC 5.npy;AUTOMATIC 6.npy;AUTOMATIC 7.npy;AUTOMATIC 8.npy;AUTOMATIC 9.npy
CAR,27,CAR 10.npy;CAR 11.npy;CAR 12.npy;CAR 13.npy;CAR 14.npy;CAR 15.npy;CAR 16.npy;CAR 17.npy;CAR 18.npy;CAR 19.npy;CAR 2.npy;CAR 20.npy;CAR 21.npy;CAR 22.npy;CAR 23.npy;CAR 24.npy;CAR 25.npy;CAR 26.npy;CAR 27.npy;CAR 29.npy;CAR 3.npy;CAR 4.npy;CAR 5.npy;CAR 6.npy;CAR 7.npy;CAR 8.npy;CAR 9.npy
COMMUNICATION,29,COMMUNICATION 1.npy;COMMUNICATION 10.npy;COMMUNICATION 11.npy;COMMUNICATION 12.npy;COMMUNICATION 13.npy;COMMUNICATION 14.npy;COMMUNICATION 15.npy;COMMUNICATION 16.npy;COMMUNICATION 17.npy;COMMUNICATION 18.npy;COMMUNICATION 19.npy;COMMUNICATION 20.npy;COMMUNICATION 21.npy;COMMUNICATION 22.npy;COMMUNICATION 23.npy;COMMUNICATION 24.npy;COMMUNICATION 25.npy;COMMUNICATION 26.npy;COMMUNICATION 27.npy;COMMUNICATION 28.npy;COMMUNICATION 29.npy;COMMUNICATION 3.npy;COMMUNICATION 30.npy;COMMUNICATION 31.npy;COMMUNICATION 4.npy;COMMUNICATION 5.npy;COMMUNICATION 6.npy;COMMUNICATION 7.npy;COMMUNICATION 8.npy
FINISH,29,FINISH 1.npy;FINISH 11.npy;FINISH 12.npy;FINISH 13.npy;FINISH 14.npy;FINISH 15.npy;FINISH 17.npy;FINISH 18.npy;FINISH 19.npy;FINISH 2.npy;FINISH 20.npy;FINISH 21.npy;FINISH 22.npy;FINISH 23.npy;FINISH 24.npy;FINISH 25.npy;FINISH 26.npy;FINISH 27.npy;FINISH 28.npy;FINISH 29.npy;FINISH 3.npy;FINISH 30.npy;FINISH 31.npy;FINISH 32.npy;FINISH 4.npy;FINISH 6.npy;FINISH 7.npy;FINISH 8.npy;FINISH 9.npy
FRIEND,28,FRIEND 10.npy;FRIEND 11.npy;FRIEND 12.npy;FRIEND 13.npy;FRIEND 14.npy;FRIEND 15.npy;FRIEND 16.npy;FRIEND 17.npy;FRIEND 18.npy;FRIEND 19.npy;FRIEND 2.npy;FRIEND 20.npy;FRIEND 21.npy;FRIEND 22.npy;FRIEND 23.npy;FRIEND 24.npy;FRIEND 25.npy;FRIEND 26.npy;FRIEND 27.npy;FRIEND 28.npy;FRIEND 29.npy;FRIEND 3.npy;FRIEND 4.npy;FRIEND 5.npy;FRIEND 6.npy;FRIEND 7.npy;FRIEND 8.npy;FRIEND 9.npy
FRIENDLY,31,FRIENDLY 10.npy;FRIENDLY 11.npy;FRIENDLY 12.npy;FRIENDLY 13.npy;FRIENDLY 14.npy;FRIENDLY 15.npy;FRIENDLY 16.npy;FRIENDLY 17.npy;FRIENDLY 18.npy;FRIENDLY 19.npy;FRIENDLY 2.npy;FRIENDLY 20.npy;FRIENDLY 21.npy;FRIENDLY 22.npy;FRIENDLY 23.npy;FRIENDLY 24.npy;FRIENDLY 25.npy;FRIENDLY 26.npy;FRIENDLY 27.npy;FRIENDLY 28.npy;FRIENDLY 29.npy;FRIENDLY 3.npy;FRIENDLY 30.npy;FRIENDLY 31.npy;FRIENDLY 32.npy;FRIENDLY 4.npy;FRIENDLY 5.npy;FRIENDLY 6.npy;FRIENDLY 7.npy;FRIENDLY 8.npy;FRIENDLY 9.npy
HAIR,31,HAIR 10.npy;HAIR 11.npy;HAIR 12.npy;HAIR 13.npy;HAIR 14.npy;HAIR 15.npy;HAIR 16.npy;HAIR 17.npy;HAIR 18.npy;HAIR 19.npy;HAIR 2.npy;HAIR 20.npy;HAIR 21.npy;HAIR 22.npy;HAIR 23.npy;HAIR 24.npy;HAIR 25.npy;HAIR 26.npy;HAIR 27.npy;HAIR 28.npy;HAIR 29.npy;HAIR 3.npy;HAIR 30.npy;HAIR 31.npy;HAIR 32.npy;HAIR 4.npy;HAIR 5.npy;HAIR 6.npy;HAIR 7.npy;HAIR 8.npy;HAIR 9.npy
HAPPY,26,HAPPY 1.npy;HAPPY 10.npy;HAPPY 11.npy;HAPPY 12.npy;HAPPY 13.npy;HAPPY 14.npy;HAPPY 15.npy;HAPPY 16.npy;HAPPY 17.npy;HAPPY 18.npy;HAPPY 2.npy;HAPPY 21.npy;HAPPY 22.npy;HAPPY 23.npy;HAPPY 25.npy;HAPPY 26.npy;HAPPY 27.npy;HAPPY 28.npy;HAPPY 3.npy;HAPPY 30.npy;HAPPY 31.npy;HAPPY 32.npy;HAPPY 4.npy;HAPPY 5.npy;HAPPY 8.npy;HAPPY 9.npy
HELP,30,HELP 10.npy;HELP 11.npy;HELP 12.npy;HELP 13.npy;HELP 14.npy;HELP 15.npy;HELP 16.npy;HELP 17.npy;HELP 18.npy;HELP 19.npy;HELP 2.npy;HELP 20.npy;HELP 21.npy;HELP 22.npy;HELP 23.npy;HELP 25.npy;HELP 26.npy;HELP 27.npy;HELP 28.npy;HELP 29.npy;HELP 3.npy;HELP 30.npy;HELP 31.npy;HELP 32.npy;HELP 33.npy;HELP 4.npy;HELP 5.npy;HELP 6.npy;HELP 7.npy;HELP 8.npy
HOME,30,HOME 1.npy;HOME 10.npy;HOME 11.npy;HOME 12.npy;HOME 13.npy;HOME 14.npy;HOME 15.npy;HOME 16.npy;HOME 17.npy;HOME 18.npy;HOME 19.npy;HOME 2.npy;HOME 21.npy;HOME 22.npy;HOME 23.npy;HOME 24.npy;HOME 25.npy;HOME 26.npy;HOME 27.npy;HOME 28.npy;HOME 29.npy;HOME 3.npy;HOME 30.npy;HOME 31.npy;HOME 4.npy;HOME 5.npy;HOME 6.npy;HOME 7.npy;HOME 8.npy;HOME 9.npy
HUNGRY,25,HUNGRY 1.npy;HUNGRY 10.npy;HUNGRY 11.npy;HUNGRY 13.npy;HUNGRY 14.npy;HUNGRY 16.npy;HUNGRY 17.npy;HUNGRY 18.npy;HUNGRY 2.npy;HUNGRY 20.npy;HUNGRY 21.npy;HUNGRY 22.npy;HUNGRY 23.npy;HUNGRY 24.npy;HUNGRY 25.npy;HUNGRY 27.npy;HUNGRY 28.npy;HUNGRY 3.npy;HUNGRY 31.npy;HUNGRY 4.npy;HUNGRY 5.npy;HUNGRY 6.npy;HUNGRY 7.npy;HUNGRY 8.npy;HUNGRY 9.npy
I LOVE YOU,27,I LOVE YOU 1.npy;I LOVE YOU 10.npy;I LOVE YOU 11.npy;I LOVE YOU 13.npy;I LOVE YOU 14.npy;I LOVE YOU 16.npy;I LOVE YOU 17.npy;I LOVE YOU 18.npy;I LOVE YOU 19.npy;I LOVE YOU 2.npy;I LOVE YOU 20.npy;I LOVE YOU 21.npy;I LOVE YOU 23.npy;I LOVE YOU 24.npy;I LOVE YOU 25.npy;I LOVE YOU 26.npy;I LOVE YOU 27.npy;I LOVE YOU 28.npy;I LOVE YOU 29.npy;I LOVE YOU 3.npy;I LOVE YOU 31.npy;I LOVE YOU 4.npy;I LOVE YOU 5.npy;I LOVE YOU 6.npy;I LOVE YOU 7.npy;I LOVE YOU 8.npy;I LOVE YOU 9.npy
INTERNET,26,INTERNET 1.npy;INTERNET 10.npy;INTERNET 11.npy;INTERNET 12.npy;INTERNET 14.npy;INTERNET 15.npy;INTERNET 16.npy;INTERNET 17.npy;INTERNET 18.npy;INTERNET 2.npy;INTERNET 20.npy;INTERNET 21.npy;INTERNET 22.npy;INTERNET 23.npy;INTERNET 24.npy;INTERNET 26.npy;INTERNET 28.npy;INTERNET 29.npy;INTERNET 3.npy;INTERNET 30.npy;INTERNET 31.npy;INTERNET 4.npy;INTERNET 6.npy;INTERNET 7.npy;INTERNET 8.npy;INTERNET 9.npy
LOAD,29,LOAD 10.npy;LOAD 11.npy;LOAD 12.npy;LOAD 13.npy;LOAD 14.npy;LOAD 15.npy;LOAD 16.npy;LOAD 17.npy;LOAD 18.npy;LOAD 19.npy;LOAD 20.npy;LOAD 21.npy;LOAD 22.npy;LOAD 23.npy;LOAD 24.npy;LOAD 25.npy;LOAD 26.npy;LOAD 27.npy;LOAD 28.npy;LOAD 29.npy;LOAD 3.npy;LOAD 30.npy;LOAD 31.npy;LOAD 4.npy;LOAD 5.npy;LOAD 6.npy;LOAD 7.npy;LOAD 8.npy;LOAD 9.npy
LOAD1,26,LOAD1 10.npy;LOAD1 11.npy;LOAD1 12.npy;LOAD1 13.npy;LOAD1 14.npy;LOAD1 15.npy;LOAD1 16.npy;LOAD1 17.npy;LOAD1 18.npy;LOAD1 19.npy;LOAD1 2.npy;LOAD1 20.npy;LOAD1 21.npy;LOAD1 22.npy;LOAD1 23.npy;LOAD1 24.npy;LOAD1 25.npy;LOAD1 26.npy;LOAD1 27.npy;LOAD1 3.npy;LOAD1 4.npy;LOAD1 5.npy;LOAD1 6.npy;LOAD1 7.npy;LOAD1 8.npy;LOAD1 9.npy
ME,23,ME 10.npy;ME 12.npy;ME 14.npy;ME 15.npy;ME 16.npy;ME 19.npy;ME 20.npy;ME 21.npy;ME 23.npy;ME 24.npy;ME 26.npy;ME 27.npy;ME 28.npy;ME 29.npy;ME 3.npy;ME 30.npy;ME 32.npy;ME 4.npy;ME 5.npy;ME 6.npy;ME 7.npy;ME 8.npy;ME 9.npy
MEET,23,MEET 1.npy;MEET 10.npy;MEET 12.npy;MEET 14.npy;MEET 15.npy;MEET 17.npy;MEET 18.npy;MEET 19.npy;MEET 2.npy;MEET 20.npy;MEET 21.npy;MEET 22.npy;MEET 23.npy;MEET 24.npy;MEET 25.npy;MEET 26.npy;MEET 27.npy;MEET 28.npy;MEET 3.npy;MEET 6.npy;MEET 7.npy;MEET 8.npy;MEET 9.npy
MODEL,34,MODEL 10.npy;MODEL 11.npy;MODEL 12.npy;MODEL 13.npy;MODEL 14.npy;MODEL 15.npy;MODEL 16.npy;MODEL 17.npy;MODEL 18.npy;MODEL 19.npy;MODEL 2.npy;MODEL 20.npy;MODEL 21.npy;MODEL 22.npy;MODEL 23.npy;MODEL 24.npy;MODEL 25.npy;MODEL 26.npy;MODEL 27.npy;MODEL 28.npy;MODEL 29.npy;MODEL 3.npy;MODEL 30.npy;MODEL 31.npy;MODEL 32.npy;MODEL 33.npy;MODEL 34.npy;MODEL 35.npy;MODEL 4.npy;MODEL 5.npy;MODEL 6.npy;MODEL 7.npy;MODEL 8.npy;MODEL 9.npy
MONEY1,29,MONEY1 10.npy;MONEY1 11.npy;MONEY1 12.npy;MONEY1 13.npy;MONEY1 14.npy;MONEY1 15.npy;MONEY1 16.npy;MONEY1 17.npy;MONEY1 18.npy;MONEY1 19.npy;MONEY1 2.npy;MONEY1 20.npy;MONEY1 21.npy;MONEY1 22.npy;MONEY1 23.npy;MONEY1 24.npy;MONEY1 25.npy;MONEY1 26.npy;MONEY1 27.npy;MONEY1 28.npy;MONEY1 29.npy;MONEY1 3.npy;MONEY1 30.npy;MONEY1 4.npy;MONEY1 5.npy;MONEY1 6.npy;MONEY1 7.npy;MONEY1 8.npy;MONEY1 9.npy
MONEY2,27,MONEY2 10.npy;MONEY2 11.npy;MONEY2 12.npy;MONEY2 13.npy;MONEY2 14.npy;MONEY2 15.npy;MONEY2 16.npy;MONEY2 17.npy;MONEY2 18.npy;MONEY2 19.npy;MONEY2 2.npy;MONEY2 20.npy;MONEY2 21.npy;MONEY2 22.npy;MONEY2 23.npy;MONEY2 24.npy;MONEY2 25.npy;MONEY2 26.npy;MONEY2 27.npy;MONEY2 28.npy;MONEY2 3.npy;MONEY2 4.npy;MONEY2 5.npy;MONEY2 6.npy;MONEY2 7.npy;MONEY2 8.npy;MONEY2 9.npy
MOTHER,27,MOTHER 1.npy;MOTHER 10.npy;MOTHER 11.npy;MOTHER 12.npy;MOTHER 13.npy;MOTHER 16.npy;MOTHER 18.npy;MOTHER 19.npy;MOTHER 2.npy;MOTHER 20.npy;MOTHER 21.npy;MOTHER 22.npy;MOTHER 23.npy;MOTHER 25.npy;MOTHER 26.npy;MOTHER 27.npy;MOTHER 28.npy;MOTHER 29.npy;MOTHER 3.npy;MOTHER 30.npy;MOTHER 32.npy;MOTHER 4.npy;MOTHER 5.npy;MOTHER 6.npy;MOTHER 7.npy;MOTHER 8.npy;MOTHER 9.npy
MY,27,MY 1.npy;MY 10.npy;MY 11.npy;MY 12.npy;MY 13.npy;MY 14.npy;MY 15.npy;MY 16.npy;MY 17.npy;MY 18.npy;MY 2.npy;MY 20.npy;MY 22.npy;MY 24.npy;MY 25.npy;MY 26.npy;MY 27.npy;MY 28.npy;MY 29.npy;MY 3.npy;MY 30.npy;MY 4.npy;MY 5.npy;MY 6.npy;MY 7.npy;MY 8.npy;MY 9.npy
NAME,28,NAME 1.npy;NAME 10.npy;NAME 11.npy;NAME 12.npy;NAME 13.npy;NAME 14.npy;NAME 15.npy;NAME 16.npy;NAME 17.npy;NAME 18.npy;NAME 19.npy;NAME 2.npy;NAME 21.npy;NAME 22.npy;NAME 23.npy;NAME 24.npy;NAME 25.npy;NAME 26.npy;NAME 27.npy;NAME 28.npy;NAME 3.npy;NAME 30.npy;NAME 31.npy;NAME 32.npy;NAME 4.npy;NAME 5.npy;NAME 7.npy;NAME 8.npy
OTHER,30,OTHER 10.npy;OTHER 11.npy;OTHER 12.npy;OTHER 13.npy;OTHER 14.npy;OTHER 15.npy;OTHER 16.npy;OTHER 17.npy;OTHER 18.npy;OTHER 19.npy;OTHER 2.npy;OTHER 20.npy;OTHER 21.npy;OTHER 23.npy;OTHER 24.npy;OTHER 25.npy;OTHER 26.npy;OTHER 27.npy;OTHER 28.npy;OTHER 29.npy;OTHER 3.npy;OTHER 30.npy;OTHER 31.npy;OTHER 32.npy;OTHER 4.npy;OTHER 5.npy;OTHER 6.npy;OTHER 7.npy;OTHER 8.npy;OTHER 9.npy
PHONE,27,PHONE 11.npy;PHONE 12.npy;PHONE 13.npy;PHONE 14.npy;PHONE 15.npy;PHONE 16.npy;PHONE 17.npy;PHONE 18.npy;PHONE 19.npy;PHONE 2.npy;PHONE 20.npy;PHONE 21.npy;PHONE 22.npy;PHONE 23.npy;PHONE 24.npy;PHONE 25.npy;PHONE 26.npy;PHONE 28.npy;PHONE 29.npy;PHONE 3.npy;PHONE 30.npy;PHONE 4.npy;PHONE 5.npy;PHONE 6.npy;PHONE 7.npy;PHONE 8.npy;PHONE 9.npy
RELAX,29,RELAX 10.npy;RELAX 11.npy;RELAX 12.npy;RELAX 13.npy;RELAX 14.npy;RELAX 15.npy;RELAX 16.npy;RELAX 17.npy;RELAX 18.npy;RELAX 19.npy;RELAX 2.npy;RELAX 20.npy;RELAX 21.npy;RELAX 22.npy;RELAX 23.npy;RELAX 24.npy;RELAX 25.npy;RELAX 26.npy;RELAX 27.npy;RELAX 28.npy;RELAX 29.npy;RELAX 3.npy;RELAX 30.npy;RELAX 4.npy;RELAX 5.npy;RELAX 6.npy;RELAX 7.npy;RELAX 8.npy;RELAX 9.npy
STILL,30,STILL 10.npy;STILL 11.npy;STILL 12.npy;STILL 13.npy;STILL 14.npy;STILL 15.npy;STILL 16.npy;STILL 17.npy;STILL 19.npy;STILL 2.npy;STILL 20.npy;STILL 21.npy;STILL 22.npy;STILL 23.npy;STILL 24.npy;STILL 25.npy;STILL 26.npy;STILL 27.npy;STILL 28.npy;STILL 29.npy;STILL 3.npy;STILL 30.npy;STILL 31.npy;STILL 32.npy;STILL 4.npy;STILL 5.npy;STILL 6.npy;STILL 7.npy;STILL 8.npy;STILL 9.npy
STINK,28,STINK 10.npy;STINK 11.npy;STINK 12.npy;STINK 13.npy;STINK 14.npy;STINK 15.npy;STINK 16.npy;STINK 17.npy;STINK 19.npy;STINK 2.npy;STINK 20.npy;STINK 21.npy;STINK 22.npy;STINK 23.npy;STINK 24.npy;STINK 25.npy;STINK 26.npy;STINK 27.npy;STINK 28.npy;STINK 3.npy;STINK 30.npy;STINK 31.npy;STINK 4.npy;STINK 5.npy;STINK 6.npy;STINK 7.npy;STINK 8.npy;STINK 9.npy
STOP,25,STOP 1.npy;STOP 10.npy;STOP 11.npy;STOP 13.npy;STOP 14.npy;STOP 17.npy;STOP 18.npy;STOP 2.npy;STOP 20.npy;STOP 21.npy;STOP 23.npy;STOP 24.npy;STOP 26.npy;STOP 27.npy;STOP 28.npy;STOP 29.npy;STOP 3.npy;STOP 30.npy;STOP 31.npy;STOP 32.npy;STOP 4.npy;STOP 5.npy;STOP 6.npy;STOP 7.npy;STOP 8.npy
STRANGE,28,STRANGE 1.npy;STRANGE 11.npy;STRANGE 12.npy;STRANGE 13.npy;STRANGE 14.npy;STRANGE 15.npy;STRANGE 16.npy;STRANGE 17.npy;STRANGE 18.npy;STRANGE 19.npy;STRANGE 2.npy;STRANGE 20.npy;STRANGE 21.npy;STRANGE 22.npy;STRANGE 23.npy;STRANGE 24.npy;STRANGE 25.npy;STRANGE 27.npy;STRANGE 28.npy;STRANGE 29.npy;STRANGE 3.npy;STRANGE 30.npy;STRANGE 31.npy;STRANGE 32.npy;STRANGE 5.npy;STRANGE 6.npy;STRANGE 7.npy;STRANGE 8.npy
SURE,30,SURE 1.npy;SURE 10.npy;SURE 11.npy;SURE 12.npy;SURE 13.npy;SURE 14.npy;SURE 15.npy;SURE 16.npy;SURE 17.npy;SURE 18.npy;SURE 19.npy;SURE 2.npy;SURE 20.npy;SURE 21.npy;SURE 22.npy;SURE 23.npy;SURE 24.npy;SURE 25.npy;SURE 26.npy;SURE 28.npy;SURE 3.npy;SURE 30.npy;SURE 31.npy;SURE 32.npy;SURE 4.npy;SURE 5.npy;SURE 6.npy;SURE 7.npy;SURE 8.npy;SURE 9.npy
TELL,27,TELL 1.npy;TELL 10.npy;TELL 11.npy;TELL 12.npy;TELL 14.npy;TELL 15.npy;TELL 16.npy;TELL 17.npy;TELL 18.npy;TELL 19.npy;TELL 2.npy;TELL 20.npy;TELL 21.npy;TELL 22.npy;TELL 23.npy;TELL 24.npy;TELL 25.npy;TELL 26.npy;TELL 27.npy;TELL 28.npy;TELL 29.npy;TELL 30.npy;TELL 4.npy;TELL 5.npy;TELL 6.npy;TELL 7.npy;TELL 9.npy
TOILET,32,TOILET 1.npy;TOILET 10.npy;TOILET 11.npy;TOILET 12.npy;TOILET 13.npy;TOILET 14.npy;TOILET 15.npy;TOILET 16.npy;TOILET 17.npy;TOILET 18.npy;TOILET 19.npy;TOILET 2.npy;TOILET 20.npy;TOILET 21.npy;TOILET 22.npy;TOILET 23.npy;TOILET 24.npy;TOILET 25.npy;TOILET 26.npy;TOILET 27.npy;TOILET 28.npy;TOILET 29.npy;TOILET 3.npy;TOILET 30.npy;TOILET 31.npy;TOILET 32.npy;TOILET 4.npy;TOILET 5.npy;TOILET 6.npy;TOILET 7.npy;TOILET 8.npy;TOILET 9.npy
WANT,60,WANT 10.npy;WANT 11.npy;WANT 12.npy;WANT 13.npy;WANT 14.npy;WANT 15.npy;WANT 16.npy;WANT 17.npy;WANT 18.npy;WANT 19.npy;WANT 2.npy;WANT 20.npy;WANT 21.npy;WANT 22.npy;WANT 23.npy;WANT 24.npy;WANT 25.npy;WANT 26.npy;WANT 27.npy;WANT 28.npy;WANT 29.npy;WANT 3.npy;WANT 30.npy;WANT 31.npy;WANT 32.npy;WANT 35.npy;WANT 36.npy;WANT 37.npy;WANT 39.npy;WANT 4.npy;WANT 40.npy;WANT 41.npy;WANT 42.npy;WANT 43.npy;WANT 44.npy;WANT 45.npy;WANT 46.npy;WANT 47.npy;WANT 48.npy;WANT 49.npy;WANT 5.npy;WANT 50.npy;WANT 51.npy;WANT 52.npy;WANT 53.npy;WANT 54.npy;WANT 55.npy;WANT 56.npy;WANT 57.npy;WANT 58.npy;WANT 59.npy;WANT 6.npy;WANT 60.npy;WANT 61.npy;WANT 62.npy;WANT 63.npy;WANT 64.npy;WANT 7.npy;WANT 8.npy;WANT 9.npy
WEAR,25,WEAR 1.npy;WEAR 10.npy;WEAR 11.npy;WEAR 12.npy;WEAR 13.npy;WEAR 14.npy;WEAR 15.npy;WEAR 16.npy;WEAR 19.npy;WEAR 2.npy;WEAR 20.npy;WEAR 22.npy;WEAR 23.npy;WEAR 24.npy;WEAR 25.npy;WEAR 26.npy;WEAR 28.npy;WEAR 29.npy;WEAR 3.npy;WEAR 30.npy;WEAR 32.npy;WEAR 4.npy;WEAR 5.npy;WEAR 6.npy;WEAR 9.npy
WHY,25,WHY 1.npy;WHY 10.npy;WHY 12.npy;WHY 13.npy;WHY 14.npy;WHY 16.npy;WHY 17.npy;WHY 18.npy;WHY 19.npy;WHY 2.npy;WHY 20.npy;WHY 21.npy;WHY 22.npy;WHY 23.npy;WHY 24.npy;WHY 26.npy;WHY 28.npy;WHY 29.npy;WHY 30.npy;WHY 31.npy;WHY 32.npy;WHY 4.npy;WHY 5.npy;WHY 6.npy;WHY 7.npy
WISE,29,WISE 10.npy;WISE 11.npy;WISE 12.npy;WISE 13.npy;WISE 14.npy;WISE 15.npy;WISE 16.npy;WISE 17.npy;WISE 18.npy;WISE 19.npy;WISE 2.npy;WISE 20.npy;WISE 22.npy;WISE 23.npy;WISE 24.npy;WISE 25.npy;WISE 27.npy;WISE 28.npy;WISE 29.npy;WISE 3.npy;WISE 30.npy;WISE 31.npy;WISE 32.npy;WISE 4.npy;WISE 5.npy;WISE 6.npy;WISE 7.npy;WISE 8.npy;WISE 9.npy
WOLF,27,WOLF 1.npy;WOLF 10.npy;WOLF 11.npy;WOLF 14.npy;WOLF 15.npy;WOLF 17.npy;WOLF 18.npy;WOLF 19.npy;WOLF 2.npy;WOLF 20.npy;WOLF 22.npy;WOLF 23.npy;WOLF 24.npy;WOLF 25.npy;WOLF 26.npy;WOLF 27.npy;WOLF 28.npy;WOLF 29.npy;WOLF 3.npy;WOLF 31.npy;WOLF 32.npy;WOLF 4.npy;WOLF 5.npy;WOLF 6.npy;WOLF 7.npy;WOLF 8.npy;WOLF 9.npy
WOMAN,43,WOMAN 1.npy;WOMAN 11.npy;WOMAN 12.npy;WOMAN 14.npy;WOMAN 16.npy;WOMAN 18.npy;WOMAN 19.npy;WOMAN 2.npy;WOMAN 22.npy;WOMAN 25.npy;WOMAN 26.npy;WOMAN 27.npy;WOMAN 30.npy;WOMAN 32.npy;WOMAN 33.npy;WOMAN 34.npy;WOMAN 35.npy;WOMAN 36.npy;WOMAN 37.npy;WOMAN 38.npy;WOMAN 39.npy;WOMAN 40.npy;WOMAN 41.npy;WOMAN 42.npy;WOMAN 43.npy;WOMAN 44.npy;WOMAN 45.npy;WOMAN 47.npy;WOMAN 48.npy;WOMAN 49.npy;WOMAN 50.npy;WOMAN 51.npy;WOMAN 52.npy;WOMAN 53.npy;WOMAN 54.npy;WOMAN 58.npy;WOMAN 59.npy;WOMAN 6.npy;WOMAN 60.npy;WOMAN 61.npy;WOMAN 62.npy;WOMAN 8.npy;WOMAN 9.npy
WORK,26,WORK 10.npy;WORK 11.npy;WORK 12.npy;WORK 15.npy;WORK 16.npy;WORK 17.npy;WORK 19.npy;WORK 2.npy;WORK 20.npy;WORK 21.npy;WORK 22.npy;WORK 23.npy;WORK 24.npy;WORK 25.npy;WORK 28.npy;WORK 29.npy;WORK 3.npy;WORK 30.npy;WORK 31.npy;WORK 32.npy;WORK 4.npy;WORK 5.npy;WORK 6.npy;WORK 7.npy;WORK 8.npy;WORK 9.npy
YEAR,26,YEAR 1.npy;YEAR 10.npy;YEAR 11.npy;YEAR 13.npy;YEAR 14.npy;YEAR 15.npy;YEAR 16.npy;YEAR 18.npy;YEAR 19.npy;YEAR 20.npy;YEAR 22.npy;YEAR 23.npy;YEAR 24.npy;YEAR 25.npy;YEAR 26.npy;YEAR 27.npy;YEAR 28.npy;YEAR 29.npy;YEAR 3.npy;YEAR 30.npy;YEAR 31.npy;YEAR 4.npy;YEAR 5.npy;YEAR 6.npy;YEAR 7.npy;YEAR 8.npy
YOU,17,YOU 10.npy;YOU 11.npy;YOU 12.npy;YOU 14.npy;YOU 15.npy;YOU 18.npy;YOU 20.npy;YOU 22.npy;YOU 23.npy;YOU 24.npy;YOU 26.npy;YOU 28.npy;YOU 3.npy;YOU 31.npy;YOU 4.npy;YOU 7.npy;YOU 9.npy
YOUNG,22,YOUNG 1.npy;YOUNG 11.npy;YOUNG 12.npy;YOUNG 13.npy;YOUNG 14.npy;YOUNG 15.npy;YOUNG 17.npy;YOUNG 18.npy;YOUNG 2.npy;YOUNG 20.npy;YOUNG 21.npy;YOUNG 23.npy;YOUNG 25.npy;YOUNG 27.npy;YOUNG 28.npy;YOUNG 29.npy;YOUNG 3.npy;YOUNG 4.npy;YOUNG 6.npy;YOUNG 7.npy;YOUNG 8.npy;YOUNG 9.npy
YOUR,24,YOUR 1.npy;YOUR 11.npy;YOUR 12.npy;YOUR 13.npy;YOUR 15.npy;YOUR 16.npy;YOUR 17.npy;YOUR 18.npy;YOUR 2.npy;YOUR 20.npy;YOUR 24.npy;YOUR 26.npy;YOUR 27.npy;YOUR 28.npy;YOUR 29.npy;YOUR 3.npy;YOUR 30.npy;YOUR 31.npy;YOUR 32.npy;YOUR 4.npy;YOUR 6.npy;YOUR 7.npy;YOUR 8.npy;YOUR 9.npy
JACKET,121,JACKET 1.npy;JACKET 10.npy;JACKET 100.npy;JACKET 101.npy;JACKET 102.npy;JACKET 103.npy;JACKET 104.npy;JACKET 105.npy;JACKET 106.npy;JACKET 107.npy;JACKET 108.npy;JACKET 109.npy;JACKET 11.npy;JACKET 110.npy;JACKET 111.npy;JACKET 112.npy;JACKET 113.npy;JACKET 114.npy;JACKET 115.npy;JACKET 116.npy;JACKET 117.npy;JACKET 118.npy;JACKET 119.npy;JACKET 12.npy;JACKET 120.npy;JACKET 121.npy;JACKET 13.npy;JACKET 14.npy;JACKET 15.npy;JACKET 16.npy;JACKET 17.npy;JACKET 18.npy;JACKET 19.npy;JACKET 2.npy;JACKET 20.npy;JACKET 21.npy;JACKET 22.npy;JACKET 23.npy;JACKET 24.npy;JACKET 25.npy;JACKET 26.npy;JACKET 27.npy;JACKET 28.npy;JACKET 29.npy;JACKET 3.npy;JACKET 30.npy;JACKET 31.npy;JACKET 32.npy;JACKET 33.npy;JACKET 34.npy;JACKET 35.npy;JACKET 36.npy;JACKET 37.npy;JACKET 38.npy;JACKET 39.npy;JACKET 4.npy;JACKET 40.npy;JACKET 41.npy;JACKET 42.npy;JACKET 43.npy;JACKET 44.npy;JACKET 45.npy;JACKET 46.npy;JACKET 47.npy;JACKET 48.npy;JACKET 49.npy;JACKET 5.npy;JACKET 50.npy;JACKET 51.npy;JACKET 52.npy;JACKET 53.npy;JACKET 54.npy;JACKET 55.npy;JACKET 56.npy;JACKET 57.npy;JACKET 58.npy;JACKET 59.npy;JACKET 6.npy;JACKET 60.npy;JACKET 61.npy;JACKET 62.npy;JACKET 63.npy;JACKET 64.npy;JACKET 65.npy;JACKET 66.npy;JACKET 67.npy;JACKET 68.npy;JACKET 69.npy;JACKET 7.npy;JACKET 70.npy;JACKET 71.npy;JACKET 72.npy;JACKET 73.npy;JACKET 74.npy;JACKET 75.npy;JACKET 76.npy;JACKET 77.npy;JACKET 78.npy;JACKET 79.npy;JACKET 8.npy;JACKET 80.npy;JACKET 81.npy;JACKET 82.npy;JACKET 83.npy;JACKET 84.npy;JACKET 85.npy;JACKET 86.npy;JACKET 87.npy;JACKET 88.npy;JACKET 89.npy;JACKET 9.npy;JACKET 90.npy;JACKET 91.npy;JACKET 92.npy;JACKET 93.npy;JACKET 94.npy;JACKET 95.npy;JACKET 96.npy;JACKET 97.npy;JACKET 98.npy;JACKET 99.npy
GAME,30,GAME 1.npy;GAME 10.npy;GAME 11.npy;GAME 12.npy;GAME 13.npy;GAME 14.npy;GAME 15.npy;GAME 16.npy;GAME 17.npy;GAME 18.npy;GAME 19.npy;GAME 2.npy;GAME 20.npy;GAME 21.npy;GAME 22.npy;GAME 23.npy;GAME 24.npy;GAME 25.npy;GAME 26.npy;GAME 27.npy;GAME 28.npy;GAME 29.npy;GAME 3.npy;GAME 30.npy;GAME 4.npy;GAME 5.npy;GAME 6.npy;GAME 7.npy;GAME 8.npy;GAME 9.npy
COST,31,COST 1.npy;COST 10.npy;COST 11.npy;COST 12.npy;COST 13.npy;COST 14.npy;COST 15.npy;COST 16.npy;COST 17.npy;COST 18.npy;COST 19.npy;COST 2.npy;COST 20.npy;COST 21.npy;COST 22.npy;COST 23.npy;COST 24.npy;COST 25.npy;COST 26.npy;COST 27.npy;COST 28.npy;COST 29.npy;COST 3.npy;COST 30.npy;COST 31.npy;COST 4.npy;COST 5.npy;COST 6.npy;COST 7.npy;COST 8.npy;COST 9.npy
TROUBLE,32,TROUBLE 1.npy;TROUBLE 10.npy;TROUBLE 11.npy;TROUBLE 12.npy;TROUBLE 13.npy;TROUBLE 14.npy;TROUBLE 15.npy;TROUBLE 16.npy;TROUBLE 17.npy;TROUBLE 18.npy;TROUBLE 19.npy;TROUBLE 2.npy;TROUBLE 20.npy;TROUBLE 21.npy;TROUBLE 22.npy;TROUBLE 23.npy;TROUBLE 24.npy;TROUBLE 25.npy;TROUBLE 26.npy;TROUBLE 27.npy;TROUBLE 28.npy;TROUBLE 29.npy;TROUBLE 3.npy;TROUBLE 30.npy;TROUBLE 31.npy;TROUBLE 32.npy;TROUBLE 4.npy;TROUBLE 5.npy;TROUBLE 6.npy;TROUBLE 7.npy;TROUBLE 8.npy;TROUBLE 9.npy
UNIVERSITY,32,UNIVERSITY 1.npy;UNIVERSITY 10.npy;UNIVERSITY 11.npy;UNIVERSITY 12.npy;UNIVERSITY 13.npy;UNIVERSITY 14.npy;UNIVERSITY 15.npy;UNIVERSITY 16.npy;UNIVERSITY 17.npy;UNIVERSITY 18.npy;UNIVERSITY 19.npy;UNIVERSITY 2.npy;UNIVERSITY 20.npy;UNIVERSITY 21.npy;UNIVERSITY 22.npy;UNIVERSITY 23.npy;UNIVERSITY 24.npy;UNIVERSITY 25.npy;UNIVERSITY 26.npy;UNIVERSITY 27.npy;UNIVERSITY 28.npy;UNIVERSITY 29.npy;UNIVERSITY 3.npy;UNIVERSITY 30.npy;UNIVERSITY 31.npy;UNIVERSITY 32.npy;UNIVERSITY 4.npy;UNIVERSITY 5.npy;UNIVERSITY 6.npy;UNIVERSITY 7.npy;UNIVERSITY 8.npy;UNIVERSITY 9.npy
WEDNESDAY,31,WEDNESDAY 1.npy;WEDNESDAY 10.npy;WEDNESDAY 11.npy;WEDNESDAY 12.npy;WEDNESDAY 13.npy;WEDNESDAY 14.npy;WEDNESDAY 15.npy;WEDNESDAY 16.npy;WEDNESDAY 17.npy;WEDNESDAY 18.npy;WEDNESDAY 19.npy;WEDNESDAY 2.npy;WEDNESDAY 20.npy;WEDNESDAY 21.npy;WEDNESDAY 22.npy;WEDNESDAY 23.npy;WEDNESDAY 24.npy;WEDNESDAY 25.npy;WEDNESDAY 26.npy;WEDNESDAY 27.npy;WEDNESDAY 28.npy;WEDNESDAY 29.npy;WEDNESDAY 3.npy;WEDNESDAY 30.npy;WEDNESDAY 31.npy;WEDNESDAY 4.npy;WEDNESDAY 5.npy;WEDNESDAY 6.npy;WEDNESDAY 7.npy;WEDNESDAY 8.npy;WEDNESDAY 9.npy
BATH,32,BATH 1.npy;BATH 10.npy;BATH 11.npy;BATH 12.npy;BATH 13.npy;BATH 14.npy;BATH 15.npy;BATH 16.npy;BATH 17.npy;BATH 18.npy;BATH 19.npy;BATH 2.npy;BATH 20.npy;BATH 21.npy;BATH 22.npy;BATH 23.npy;BATH 24.npy;BATH 25.npy;BATH 26.npy;BATH 27.npy;BATH 28.npy;BATH 29.npy;BATH 3.npy;BATH 30.npy;BATH 31.npy;BATH 32.npy;BATH 4.npy;BATH 5.npy;BATH 6.npy;BATH 7.npy;BATH 8.npy;BATH 9.npy
CAMERA,31,CAMERA 1.npy;CAMERA 10.npy;CAMERA 11.npy;CAMERA 12.npy;CAMERA 13.npy;CAMERA 14.npy;CAMERA 15.npy;CAMERA 16.npy;CAMERA 17.npy;CAMERA 18.npy;CAMERA 19.npy;CAMERA 2.npy;CAMERA 20.npy;CAMERA 21.npy;CAMERA 22.npy;CAMERA 23.npy;CAMERA 24.npy;CAMERA 25.npy;CAMERA 26.npy;CAMERA 27.npy;CAMERA 28.npy;CAMERA 29.npy;CAMERA 3.npy;CAMERA 30.npy;CAMERA 31.npy;CAMERA 4.npy;CAMERA 5.npy;CAMERA 6.npy;CAMERA 7.npy;CAMERA 8.npy;CAMERA 9.npy
FOUR,32,FOUR 1.npy;FOUR 10.npy;FOUR 11.npy;FOUR 12.npy;FOUR 13.npy;FOUR 14.npy;FOUR 15.npy;FOUR 16.npy;FOUR 17.npy;FOUR 18.npy;FOUR 19.npy;FOUR 2.npy;FOUR 20.npy;FOUR 21.npy;FOUR 22.npy;FOUR 23.npy;FOUR 24.npy;FOUR 25.npy;FOUR 26.npy;FOUR 27.npy;FOUR 28.npy;FOUR 29.npy;FOUR 3.npy;FOUR 30.npy;FOUR 31.npy;FOUR 32.npy;FOUR 4.npy;FOUR 5.npy;FOUR 6.npy;FOUR 7.npy;FOUR 8.npy;FOUR 9.npy
PAST,30,PAST 1.npy;PAST 10.npy;PAST 11.npy;PAST 12.npy;PAST 13.npy;PAST 14.npy;PAST 15.npy;PAST 16.npy;PAST 17.npy;PAST 18.npy;PAST 19.npy;PAST 2.npy;PAST 20.npy;PAST 21.npy;PAST 22.npy;PAST 23.npy;PAST 24.npy;PAST 25.npy;PAST 26.npy;PAST 27.npy;PAST 28.npy;PAST 29.npy;PAST 3.npy;PAST 30.npy;PAST 4.npy;PAST 5.npy;PAST 6.npy;PAST 7.npy;PAST 8.npy;PAST 9.npy
LAUGH,32,LAUGH 1.npy;LAUGH 10.npy;LAUGH 11.npy;LAUGH 12.npy;LAUGH 13.npy;LAUGH 14.npy;LAUGH 15.npy;LAUGH 16.npy;LAUGH 17.npy;LAUGH 18.npy;LAUGH 19.npy;LAUGH 2.npy;LAUGH 20.npy;LAUGH 21.npy;LAUGH 22.npy;LAUGH 23.npy;LAUGH 24.npy;LAUGH 25.npy;LAUGH 26.npy;LAUGH 27.npy;LAUGH 28.npy;LAUGH 29.npy;LAUGH 3.npy;LAUGH 30.npy;LAUGH 31.npy;LAUGH 32.npy;LAUGH 4.npy;LAUGH 5.npy;LAUGH 6.npy;LAUGH 7.npy;LAUGH 8.npy;LAUGH 9.npy
MUCH,31,MUCH 1.npy;MUCH 10.npy;MUCH 11.npy;MUCH 12.npy;MUCH 13.npy;MUCH 14.npy;MUCH 15.npy;MUCH 16.npy;MUCH 17.npy;MUCH 18.npy;MUCH 19.npy;MUCH 2.npy;MUCH 20.npy;MUCH 21.npy;MUCH 22.npy;MUCH 23.npy;MUCH 24.npy;MUCH 25.npy;MUCH 26.npy;MUCH 27.npy;MUCH 28.npy;MUCH 29.npy;MUCH 3.npy;MUCH 30.npy;MUCH 31.npy;MUCH 4.npy;MUCH 5.npy;MUCH 6.npy;MUCH 7.npy;MUCH 8.npy;MUCH 9.npy
HEART,31,HEART 1.npy;HEART 10.npy;HEART 11.npy;HEART 12.npy;HEART 13.npy;HEART 14.npy;HEART 15.npy;HEART 16.npy;HEART 17.npy;HEART 18.npy;HEART 19.npy;HEART 2.npy;HEART 20.npy;HEART 21.npy;HEART 22.npy;HEART 23.npy;HEART 24.npy;HEART 25.npy;HEART 26.npy;HEART 27.npy;HEART 28.npy;HEART 29.npy;HEART 3.npy;HEART 30.npy;HEART 31.npy;HEART 4.npy;HEART 5.npy;HEART 6.npy;HEART 7.npy;HEART 8.npy;HEART 9.npy
THURSDAY,30,THURSDAY 1.npy;THURSDAY 10.npy;THURSDAY 11.npy;THURSDAY 12.npy;THURSDAY 13.npy;THURSDAY 14.npy;THURSDAY 15.npy;THURSDAY 16.npy;THURSDAY 17.npy;THURSDAY 18.npy;THURSDAY 19.npy;THURSDAY 2.npy;THURSDAY 20.npy;THURSDAY 21.npy;THURSDAY 22.npy;THURSDAY 23.npy;THURSDAY 24.npy;THURSDAY 25.npy;THURSDAY 26.npy;THURSDAY 27.npy;THURSDAY 28.npy;THURSDAY 29.npy;THURSDAY 3.npy;THURSDAY 30.npy;THURSDAY 4.npy;THURSDAY 5.npy;THURSDAY 6.npy;THURSDAY 7.npy;THURSDAY 8.npy;THURSDAY 9.npy
BREAKDOWN,31,BREAKDOWN 1.npy;BREAKDOWN 10.npy;BREAKDOWN 11.npy;BREAKDOWN 12.npy;BREAKDOWN 13.npy;BREAKDOWN 14.npy;BREAKDOWN 15.npy;BREAKDOWN 16.npy;BREAKDOWN 17.npy;BREAKDOWN 18.npy;BREAKDOWN 19.npy;BREAKDOWN 2.npy;BREAKDOWN 20.npy;BREAKDOWN 21.npy;BREAKDOWN 22.npy;BREAKDOWN 23.npy;BREAKDOWN 24.npy;BREAKDOWN 25.npy;BREAKDOWN 26.npy;BREAKDOWN 27.npy;BREAKDOWN 28.npy;BREAKDOWN 29.npy;BREAKDOWN 3.npy;BREAKDOWN 30.npy;BREAKDOWN 31.npy;BREAKDOWN 4.npy;BREAKDOWN 5.npy;BREAKDOWN 6.npy;BREAKDOWN 7.npy;BREAKDOWN 8.npy;BREAKDOWN 9.npy
IMAGINE,62,IMAGINE 1.npy;IMAGINE 10.npy;IMAGINE 11.npy;IMAGINE 12.npy;IMAGINE 13.npy;IMAGINE 14.npy;IMAGINE 15.npy;IMAGINE 16.npy;IMAGINE 17.npy;IMAGINE 18.npy;IMAGINE 19.npy;IMAGINE 2.npy;IMAGINE 20.npy;IMAGINE 21.npy;IMAGINE 22.npy;IMAGINE 23.npy;IMAGINE 24.npy;IMAGINE 25.npy;IMAGINE 26.npy;IMAGINE 27.npy;IMAGINE 28.npy;IMAGINE 29.npy;IMAGINE 3.npy;IMAGINE 30.npy;IMAGINE 31.npy;IMAGINE 32.npy;IMAGINE 33.npy;IMAGINE 34.npy;IMAGINE 35.npy;IMAGINE 36.npy;IMAGINE 37.npy;IMAGINE 38.npy;IMAGINE 39.npy;IMAGINE 4.npy;IMAGINE 40.npy;IMAGINE 41.npy;IMAGINE 42.npy;IMAGINE 43.npy;IMAGINE 44.npy;IMAGINE 45.npy;IMAGINE 46.npy;IMAGINE 47.npy;IMAGINE 48.npy;IMAGINE 49.npy;IMAGINE 5.npy;IMAGINE 50.npy;IMAGINE 51.npy;IMAGINE 52.npy;IMAGINE 53.npy;IMAGINE 54.npy;IMAGINE 55.npy;IMAGINE 56.npy;IMAGINE 57.npy;IMAGINE 58.npy;IMAGINE 59.npy;IMAGINE 6.npy;IMAGINE 60.npy;IMAGINE 61.npy;IMAGINE 62.npy;IMAGINE 7.npy;IMAGINE 8.npy;IMAGINE 9.npy
STRESS,31,STRESS 1.npy;STRESS 10.npy;STRESS 11.npy;STRESS 12.npy;STRESS 13.npy;STRESS 14.npy;STRESS 15.npy;STRESS 16.npy;STRESS 17.npy;STRESS 18.npy;STRESS 19.npy;STRESS 2.npy;STRESS 20.npy;STRESS 21.npy;STRESS 22.npy;STRESS 23.npy;STRESS 24.npy;STRESS 25.npy;STRESS 26.npy;STRESS 27.npy;STRESS 28.npy;STRESS 29.npy;STRESS 3.npy;STRESS 30.npy;STRESS 31.npy;STRESS 4.npy;STRESS 5.npy;STRESS 6.npy;STRESS 7.npy;STRESS 8.npy;STRESS 9.npy
RELATIONSHIP,30,RELATIONSHIP 1.npy;RELATIONSHIP 10.npy;RELATIONSHIP 11.npy;RELATIONSHIP 12.npy;RELATIONSHIP 13.npy;RELATIONSHIP 14.npy;RELATIONSHIP 15.npy;RELATIONSHIP 16.npy;RELATIONSHIP 17.npy;RELATIONSHIP 18.npy;RELATIONSHIP 19.npy;RELATIONSHIP 2.npy;RELATIONSHIP 20.npy;RELATIONSHIP 21.npy;RELATIONSHIP 22.npy;RELATIONSHIP 23.npy;RELATIONSHIP 24.npy;RELATIONSHIP 25.npy;RELATIONSHIP 26.npy;RELATIONSHIP 27.npy;RELATIONSHIP 28.npy;RELATIONSHIP 29.npy;RELATIONSHIP 3.npy;RELATIONSHIP 30.npy;RELATIONSHIP 4.npy;RELATIONSHIP 5.npy;RELATIONSHIP 6.npy;RELATIONSHIP 7.npy;RELATIONSHIP 8.npy;RELATIONSHIP 9.npy
SUMMER,30,SUMMER 1.npy;SUMMER 10.npy;SUMMER 11.npy;SUMMER 12.npy;SUMMER 13.npy;SUMMER 14.npy;SUMMER 15.npy;SUMMER 16.npy;SUMMER 17.npy;SUMMER 18.npy;SUMMER 19.npy;SUMMER 2.npy;SUMMER 20.npy;SUMMER 21.npy;SUMMER 22.npy;SUMMER 23.npy;SUMMER 24.npy;SUMMER 25.npy;SUMMER 26.npy;SUMMER 27.npy;SUMMER 28.npy;SUMMER 29.npy;SUMMER 3.npy;SUMMER 30.npy;SUMMER 4.npy;SUMMER 5.npy;SUMMER 6.npy;SUMMER 7.npy;SUMMER 8.npy;SUMMER 9.npy
CHILDREN,30,CHILDREN 1.npy;CHILDREN 10.npy;CHILDREN 11.npy;CHILDREN 12.npy;CHILDREN 13.npy;CHILDREN 14.npy;CHILDREN 15.npy;CHILDREN 16.npy;CHILDREN 17.npy;CHILDREN 18.npy;CHILDREN 19.npy;CHILDREN 2.npy;CHILDREN 20.npy;CHILDREN 21.npy;CHILDREN 22.npy;CHILDREN 23.npy;CHILDREN 24.npy;CHILDREN 25.npy;CHILDREN 26.npy;CHILDREN 27.npy;CHILDREN 28.npy;CHILDREN 29.npy;CHILDREN 3.npy;CHILDREN 30.npy;CHILDREN 4.npy;CHILDREN 5.npy;CHILDREN 6.npy;CHILDREN 7.npy;CHILDREN 8.npy;CHILDREN 9.npy
SURPRISE,32,SURPRISE 1.npy;SURPRISE 10.npy;SURPRISE 11.npy;SURPRISE 12.npy;SURPRISE 13.npy;SURPRISE 14.npy;SURPRISE 15.npy;SURPRISE 16.npy;SURPRISE 17.npy;SURPRISE 18.npy;SURPRISE 19.npy;SURPRISE 2.npy;SURPRISE 20.npy;SURPRISE 21.npy;SURPRISE 22.npy;SURPRISE 23.npy;SURPRISE 24.npy;SURPRISE 25.npy;SURPRISE 26.npy;SURPRISE 27.npy;SURPRISE 28.npy;SURPRISE 29.npy;SURPRISE 3.npy;SURPRISE 30.npy;SURPRISE 31.npy;SURPRISE 32.npy;SURPRISE 4.npy;SURPRISE 5.npy;SURPRISE 6.npy;SURPRISE 7.npy;SURPRISE 8.npy;SURPRISE 9.npy
CHOCOLATE,32,CHOCOLATE 1.npy;CHOCOLATE 10.npy;CHOCOLATE 11.npy;CHOCOLATE 12.npy;CHOCOLATE 13.npy;CHOCOLATE 14.npy;CHOCOLATE 15.npy;CHOCOLATE 16.npy;CHOCOLATE 17.npy;CHOCOLATE 18.npy;CHOCOLATE 19.npy;CHOCOLATE 2.npy;CHOCOLATE 20.npy;CHOCOLATE 21.npy;CHOCOLATE 22.npy;CHOCOLATE 23.npy;CHOCOLATE 24.npy;CHOCOLATE 25.npy;CHOCOLATE 26.npy;CHOCOLATE 27.npy;CHOCOLATE 28.npy;CHOCOLATE 29.npy;CHOCOLATE 3.npy;CHOCOLATE 30.npy;CHOCOLATE 31.npy;CHOCOLATE 32.npy;CHOCOLATE 4.npy;CHOCOLATE 5.npy;CHOCOLATE 6.npy;CHOCOLATE 7.npy;CHOCOLATE 8.npy;CHOCOLATE 9.npy
LETTER,61,LETTER 1.npy;LETTER 10.npy;LETTER 11.npy;LETTER 12.npy;LETTER 13.npy;LETTER 14.npy;LETTER 15.npy;LETTER 16.npy;LETTER 17.npy;LETTER 18.npy;LETTER 19.npy;LETTER 2.npy;LETTER 20.npy;LETTER 21.npy;LETTER 22.npy;LETTER 23.npy;LETTER 24.npy;LETTER 25.npy;LETTER 26.npy;LETTER 27.npy;LETTER 28.npy;LETTER 29.npy;LETTER 3.npy;LETTER 30.npy;LETTER 31.npy;LETTER 32.npy;LETTER 33.npy;LETTER 34.npy;LETTER 35.npy;LETTER 36.npy;LETTER 37.npy;LETTER 38.npy;LETTER 39.npy;LETTER 4.npy;LETTER 40.npy;LETTER 41.npy;LETTER 42.npy;LETTER 43.npy;LETTER 44.npy;LETTER 45.npy;LETTER 46.npy;LETTER 47.npy;LETTER 48.npy;LETTER 49.npy;LETTER 5.npy;LETTER 50.npy;LETTER 51.npy;LETTER 52.npy;LETTER 53.npy;LETTER 54.npy;LETTER 55.npy;LETTER 56.npy;LETTER 57.npy;LETTER 58.npy;LETTER 59.npy;LETTER 6.npy;LETTER 60.npy;LETTER 61.npy;LETTER 7.npy;LETTER 8.npy;LETTER 9.npy
LECTURE,29,LECTURE 1.npy;LECTURE 10.npy;LECTURE 11.npy;LECTURE 12.npy;LECTURE 13.npy;LECTURE 14.npy;LECTURE 15.npy;LECTURE 16.npy;LECTURE 17.npy;LECTURE 18.npy;LECTURE 19.npy;LECTURE 2.npy;LECTURE 20.npy;LECTURE 21.npy;LECTURE 22.npy;LECTURE 23.npy;LECTURE 24.npy;LECTURE 25.npy;LECTURE 26.npy;LECTURE 27.npy;LECTURE 28.npy;LECTURE 29.npy;LECTURE 3.npy;LECTURE 4.npy;LECTURE 5.npy;LECTURE 6.npy;LECTURE 7.npy;LECTURE 8.npy;LECTURE 9.npy
HAMBURGER,30,HAMBURGER 1.npy;HAMBURGER 10.npy;HAMBURGER 11.npy;HAMBURGER 12.npy;HAMBURGER 13.npy;HAMBURGER 14.npy;HAMBURGER 15.npy;HAMBURGER 16.npy;HAMBURGER 17.npy;HAMBURGER 18.npy;HAMBURGER 19.npy;HAMBURGER 2.npy;HAMBURGER 20.npy;HAMBURGER 21.npy;HAMBURGER 22.npy;HAMBURGER 23.npy;HAMBURGER 24.npy;HAMBURGER 25.npy;HAMBURGER 26.npy;HAMBURGER 27.npy;HAMBURGER 28.npy;HAMBURGER 29.npy;HAMBURGER 3.npy;HAMBURGER 30.npy;HAMBURGER 4.npy;HAMBURGER 5.npy;HAMBURGER 6.npy;HAMBURGER 7.npy;HAMBURGER 8.npy;HAMBURGER 9.npy
MIND,31,MIND 1.npy;MIND 10.npy;MIND 11.npy;MIND 12.npy;MIND 13.npy;MIND 14.npy;MIND 15.npy;MIND 16.npy;MIND 17.npy;MIND 18.npy;MIND 19.npy;MIND 2.npy;MIND 20.npy;MIND 21.npy;MIND 22.npy;MIND 23.npy;MIND 24.npy;MIND 25.npy;MIND 26.npy;MIND 27.npy;MIND 28.npy;MIND 29.npy;MIND 3.npy;MIND 30.npy;MIND 31.npy;MIND 4.npy;MIND 5.npy;MIND 6.npy;MIND 7.npy;MIND 8.npy;MIND 9.npy
HEADACHE,31,HEADACHE 1.npy;HEADACHE 10.npy;HEADACHE 11.npy;HEADACHE 12.npy;HEADACHE 13.npy;HEADACHE 14.npy;HEADACHE 15.npy;HEADACHE 16.npy;HEADACHE 17.npy;HEADACHE 18.npy;HEADACHE 19.npy;HEADACHE 2.npy;HEADACHE 20.npy;HEADACHE 21.npy;HEADACHE 22.npy;HEADACHE 23.npy;HEADACHE 24.npy;HEADACHE 25.npy;HEADACHE 26.npy;HEADACHE 27.npy;HEADACHE 28.npy;HEADACHE 29.npy;HEADACHE 3.npy;HEADACHE 30.npy;HEADACHE 31.npy;HEADACHE 4.npy;HEADACHE 5.npy;HEADACHE 6.npy;HEADACHE 7.npy;HEADACHE 8.npy;HEADACHE 9.npy
INVITE,32,INVITE 1.npy;INVITE 10.npy;INVITE 11.npy;INVITE 12.npy;INVITE 13.npy;INVITE 14.npy;INVITE 15.npy;INVITE 16.npy;INVITE 17.npy;INVITE 18.npy;INVITE 19.npy;INVITE 2.npy;INVITE 20.npy;INVITE 21.npy;INVITE 22.npy;INVITE 23.npy;INVITE 24.npy;INVITE 25.npy;INVITE 26.npy;INVITE 27.npy;INVITE 28.npy;INVITE 29.npy;INVITE 3.npy;INVITE 30.npy;INVITE 31.npy;INVITE 32.npy;INVITE 4.npy;INVITE 5.npy;INVITE 6.npy;INVITE 7.npy;INVITE 8.npy;INVITE 9.npy
CAREFUL,31,CAREFUL 1.npy;CAREFUL 10.npy;CAREFUL 11.npy;CAREFUL 12.npy;CAREFUL 13.npy;CAREFUL 14.npy;CAREFUL 15.npy;CAREFUL 16.npy;CAREFUL 17.npy;CAREFUL 18.npy;CAREFUL 19.npy;CAREFUL 2.npy;CAREFUL 20.npy;CAREFUL 21.npy;CAREFUL 22.npy;CAREFUL 23.npy;CAREFUL 24.npy;CAREFUL 25.npy;CAREFUL 26.npy;CAREFUL 27.npy;CAREFUL 28.npy;CAREFUL 29.npy;CAREFUL 3.npy;CAREFUL 30.npy;CAREFUL 31.npy;CAREFUL 4.npy;CAREFUL 5.npy;CAREFUL 6.npy;CAREFUL 7.npy;CAREFUL 8.npy;CAREFUL 9.npy
ROOM,30,ROOM 1.npy;ROOM 10.npy;ROOM 11.npy;ROOM 12.npy;ROOM 13.npy;ROOM 14.npy;ROOM 15.npy;ROOM 16.npy;ROOM 17.npy;ROOM 18.npy;ROOM 19.npy;ROOM 2.npy;ROOM 20.npy;ROOM 21.npy;ROOM 22.npy;ROOM 23.npy;ROOM 24.npy;ROOM 25.npy;ROOM 26.npy;ROOM 27.npy;ROOM 28.npy;ROOM 29.npy;ROOM 3.npy;ROOM 30.npy;ROOM 4.npy;ROOM 5.npy;ROOM 6.npy;ROOM 7.npy;ROOM 8.npy;ROOM 9.npy
PITY,31,PITY 1.npy;PITY 10.npy;PITY 11.npy;PITY 12.npy;PITY 13.npy;PITY 14.npy;PITY 15.npy;PITY 16.npy;PITY 17.npy;PITY 18.npy;PITY 19.npy;PITY 2.npy;PITY 20.npy;PITY 21.npy;PITY 22.npy;PITY 23.npy;PITY 24.npy;PITY 25.npy;PITY 26.npy;PITY 27.npy;PITY 28.npy;PITY 29.npy;PITY 3.npy;PITY 30.npy;PITY 31.npy;PITY 4.npy;PITY 5.npy;PITY 6.npy;PITY 7.npy;PITY 8.npy;PITY 9.npy
HOTDOG,31,HOTDOG 1.npy;HOTDOG 10.npy;HOTDOG 11.npy;HOTDOG 12.npy;HOTDOG 13.npy;HOTDOG 14.npy;HOTDOG 15.npy;HOTDOG 16.npy;HOTDOG 17.npy;HOTDOG 18.npy;HOTDOG 19.npy;HOTDOG 2.npy;HOTDOG 20.npy;HOTDOG 21.npy;HOTDOG 22.npy;HOTDOG 23.npy;HOTDOG 24.npy;HOTDOG 25.npy;HOTDOG 26.npy;HOTDOG 27.npy;HOTDOG 28.npy;HOTDOG 29.npy;HOTDOG 3.npy;HOTDOG 30.npy;HOTDOG 31.npy;HOTDOG 4.npy;HOTDOG 5.npy;HOTDOG 6.npy;HOTDOG 7.npy;HOTDOG 8.npy;HOTDOG 9.npy
LANGUAGE,30,LANGUAGE 1.npy;LANGUAGE 10.npy;LANGUAGE 11.npy;LANGUAGE 12.npy;LANGUAGE 13.npy;LANGUAGE 14.npy;LANGUAGE 15.npy;LANGUAGE 16.npy;LANGUAGE 17.npy;LANGUAGE 18.npy;LANGUAGE 19.npy;LANGUAGE 2.npy;LANGUAGE 20.npy;LANGUAGE 21.npy;LANGUAGE 22.npy;LANGUAGE 23.npy;LANGUAGE 24.npy;LANGUAGE 25.npy;LANGUAGE 26.npy;LANGUAGE 27.npy;LANGUAGE 28.npy;LANGUAGE 29.npy;LANGUAGE 3.npy;LANGUAGE 30.npy;LANGUAGE 4.npy;LANGUAGE 5.npy;LANGUAGE 6.npy;LANGUAGE 7.npy;LANGUAGE 8.npy;LANGUAGE 9.npy
LATE,31,LATE 1.npy;LATE 10.npy;LATE 11.npy;LATE 12.npy;LATE 13.npy;LATE 14.npy;LATE 15.npy;LATE 16.npy;LATE 17.npy;LATE 18.npy;LATE 19.npy;LATE 2.npy;LATE 20.npy;LATE 21.npy;LATE 22.npy;LATE 23.npy;LATE 24.npy;LATE 25.npy;LATE 26.npy;LATE 27.npy;LATE 28.npy;LATE 29.npy;LATE 3.npy;LATE 30.npy;LATE 31.npy;LATE 4.npy;LATE 5.npy;LATE 6.npy;LATE 7.npy;LATE 8.npy;LATE 9.npy
FRANCE,29,FRANCE 1.npy;FRANCE 10.npy;FRANCE 11.npy;FRANCE 12.npy;FRANCE 13.npy;FRANCE 14.npy;FRANCE 15.npy;FRANCE 16.npy;FRANCE 17.npy;FRANCE 18.npy;FRANCE 19.npy;FRANCE 2.npy;FRANCE 20.npy;FRANCE 21.npy;FRANCE 22.npy;FRANCE 23.npy;FRANCE 24.npy;FRANCE 25.npy;FRANCE 26.npy;FRANCE 27.npy;FRANCE 28.npy;FRANCE 29.npy;FRANCE 3.npy;FRANCE 4.npy;FRANCE 5.npy;FRANCE 6.npy;FRANCE 7.npy;FRANCE 8.npy;FRANCE 9.npy
PAIN,32,PAIN 1.npy;PAIN 10.npy;PAIN 11.npy;PAIN 12.npy;PAIN 13.npy;PAIN 14.npy;PAIN 15.npy;PAIN 16.npy;PAIN 17.npy;PAIN 18.npy;PAIN 19.npy;PAIN 2.npy;PAIN 20.npy;PAIN 21.npy;PAIN 22.npy;PAIN 23.npy;PAIN 24.npy;PAIN 25.npy;PAIN 26.npy;PAIN 27.npy;PAIN 28.npy;PAIN 29.npy;PAIN 3.npy;PAIN 30.npy;PAIN 31.npy;PAIN 32.npy;PAIN 4.npy;PAIN 5.npy;PAIN 6.npy;PAIN 7.npy;PAIN 8.npy;PAIN 9.npy
IMPOSSIBLE,31,IMPOSSIBLE 1.npy;IMPOSSIBLE 10.npy;IMPOSSIBLE 11.npy;IMPOSSIBLE 12.npy;IMPOSSIBLE 13.npy;IMPOSSIBLE 14.npy;IMPOSSIBLE 15.npy;IMPOSSIBLE 16.npy;IMPOSSIBLE 17.npy;IMPOSSIBLE 18.npy;IMPOSSIBLE 19.npy;IMPOSSIBLE 2.npy;IMPOSSIBLE 20.npy;IMPOSSIBLE 21.npy;IMPOSSIBLE 22.npy;IMPOSSIBLE 23.npy;IMPOSSIBLE 24.npy;IMPOSSIBLE 25.npy;IMPOSSIBLE 26.npy;IMPOSSIBLE 27.npy;IMPOSSIBLE 28.npy;IMPOSSIBLE 29.npy;IMPOSSIBLE 3.npy;IMPOSSIBLE 30.npy;IMPOSSIBLE 31.npy;IMPOSSIBLE 4.npy;IMPOSSIBLE 5.npy;IMPOSSIBLE 6.npy;IMPOSSIBLE 7.npy;IMPOSSIBLE 8.npy;IMPOSSIBLE 9.npy
MISUNDERSTAND,31,MISUNDERSTAND 1.npy;MISUNDERSTAND 10.npy;MISUNDERSTAND 11.npy;MISUNDERSTAND 12.npy;MISUNDERSTAND 13.npy;MISUNDERSTAND 14.npy;MISUNDERSTAND 15.npy;MISUNDERSTAND 16.npy;MISUNDERSTAND 17.npy;MISUNDERSTAND 18.npy;MISUNDERSTAND 19.npy;MISUNDERSTAND 2.npy;MISUNDERSTAND 20.npy;MISUNDERSTAND 21.npy;MISUNDERSTAND 22.npy;MISUNDERSTAND 23.npy;MISUNDERSTAND 24.npy;MISUNDERSTAND 25.npy;MISUNDERSTAND 26.npy;MISUNDERSTAND 27.npy;MISUNDERSTAND 28.npy;MISUNDERSTAND 29.npy;MISUNDERSTAND 3.npy;MISUNDERSTAND 30.npy;MISUNDERSTAND 31.npy;MISUNDERSTAND 4.npy;MISUNDERSTAND 5.npy;MISUNDERSTAND 6.npy;MISUNDERSTAND 7.npy;MISUNDERSTAND 8.npy;MISUNDERSTAND 9.npy
STUBBORN,30,STUBBORN 1.npy;STUBBORN 10.npy;STUBBORN 11.npy;STUBBORN 12.npy;STUBBORN 13.npy;STUBBORN 14.npy;STUBBORN 15.npy;STUBBORN 16.npy;STUBBORN 17.npy;STUBBORN 18.npy;STUBBORN 19.npy;STUBBORN 2.npy;STUBBORN 20.npy;STUBBORN 21.npy;STUBBORN 22.npy;STUBBORN 23.npy;STUBBORN 24.npy;STUBBORN 25.npy;STUBBORN 26.npy;STUBBORN 27.npy;STUBBORN 28.npy;STUBBORN 29.npy;STUBBORN 3.npy;STUBBORN 30.npy;STUBBORN 4.npy;STUBBORN 5.npy;STUBBORN 6.npy;STUBBORN 7.npy;STUBBORN 8.npy;STUBBORN 9.npy
FALL,63,FALL 1.npy;FALL 10.npy;FALL 11.npy;FALL 12.npy;FALL 13.npy;FALL 14.npy;FALL 15.npy;FALL 16.npy;FALL 17.npy;FALL 18.npy;FALL 19.npy;FALL 2.npy;FALL 20.npy;FALL 21.npy;FALL 22.npy;FALL 23.npy;FALL 24.npy;FALL 25.npy;FALL 26.npy;FALL 27.npy;FALL 28.npy;FALL 29.npy;FALL 3.npy;FALL 30.npy;FALL 31.npy;FALL 32.npy;FALL 33.npy;FALL 34.npy;FALL 35.npy;FALL 36.npy;FALL 37.npy;FALL 38.npy;FALL 39.npy;FALL 4.npy;FALL 40.npy;FALL 41.npy;FALL 42.npy;FALL 43.npy;FALL 44.npy;FALL 45.npy;FALL 46.npy;FALL 47.npy;FALL 48.npy;FALL 49.npy;FALL 5.npy;FALL 50.npy;FALL 51.npy;FALL 52.npy;FALL 53.npy;FALL 54.npy;FALL 55.npy;FALL 56.npy;FALL 57.npy;FALL 58.npy;FALL 59.npy;FALL 6.npy;FALL 60.npy;FALL 61.npy;FALL 62.npy;FALL 63.npy;FALL 7.npy;FALL 8.npy;FALL 9.npy
WONDER,31,WONDER 1.npy;WONDER 10.npy;WONDER 11.npy;WONDER 12.npy;WONDER 13.npy;WONDER 14.npy;WONDER 15.npy;WONDER 16.npy;WONDER 17.npy;WONDER 18.npy;WONDER 19.npy;WONDER 2.npy;WONDER 20.npy;WONDER 21.npy;WONDER 22.npy;WONDER 23.npy;WONDER 24.npy;WONDER 25.npy;WONDER 26.npy;WONDER 27.npy;WONDER 28.npy;WONDER 29.npy;WONDER 3.npy;WONDER 30.npy;WONDER 31.npy;WONDER 4.npy;WONDER 5.npy;WONDER 6.npy;WONDER 7.npy;WONDER 8.npy;WONDER 9.npy
BEHIND,31,BEHIND 1.npy;BEHIND 10.npy;BEHIND 11.npy;BEHIND 12.npy;BEHIND 13.npy;BEHIND 14.npy;BEHIND 15.npy;BEHIND 16.npy;BEHIND 17.npy;BEHIND 18.npy;BEHIND 19.npy;BEHIND 2.npy;BEHIND 20.npy;BEHIND 21.npy;BEHIND 22.npy;BEHIND 23.npy;BEHIND 24.npy;BEHIND 25.npy;BEHIND 26.npy;BEHIND 27.npy;BEHIND 28.npy;BEHIND 29.npy;BEHIND 3.npy;BEHIND 30.npy;BEHIND 31.npy;BEHIND 4.npy;BEHIND 5.npy;BEHIND 6.npy;BEHIND 7.npy;BEHIND 8.npy;BEHIND 9.npy
CENTER,30,CENTER 1.npy;CENTER 10.npy;CENTER 11.npy;CENTER 12.npy;CENTER 13.npy;CENTER 14.npy;CENTER 15.npy;CENTER 16.npy;CENTER 17.npy;CENTER 18.npy;CENTER 19.npy;CENTER 2.npy;CENTER 20.npy;CENTER 21.npy;CENTER 22.npy;CENTER 23.npy;CENTER 24.npy;CENTER 25.npy;CENTER 26.npy;CENTER 27.npy;CENTER 28.npy;CENTER 29.npy;CENTER 3.npy;CENTER 30.npy;CENTER 4.npy;CENTER 5.npy;CENTER 6.npy;CENTER 7.npy;CENTER 8.npy;CENTER 9.npy
DREAM,31,DREAM 1.npy;DREAM 10.npy;DREAM 11.npy;DREAM 12.npy;DREAM 13.npy;DREAM 14.npy;DREAM 15.npy;DREAM 16.npy;DREAM 17.npy;DREAM 18.npy;DREAM 19.npy;DREAM 2.npy;DREAM 20.npy;DREAM 21.npy;DREAM 22.npy;DREAM 23.npy;DREAM 24.npy;DREAM 25.npy;DREAM 26.npy;DREAM 27.npy;DREAM 28.npy;DREAM 29.npy;DREAM 3.npy;DREAM 30.npy;DREAM 31.npy;DREAM 4.npy;DREAM 5.npy;DREAM 6.npy;DREAM 7.npy;DREAM 8.npy;DREAM 9.npy
CHALLENGE,31,CHALLENGE 1.npy;CHALLENGE 10.npy;CHALLENGE 11.npy;CHALLENGE 12.npy;CHALLENGE 13.npy;CHALLENGE 14.npy;CHALLENGE 15.npy;CHALLENGE 16.npy;CHALLENGE 17.npy;CHALLENGE 18.npy;CHALLENGE 19.npy;CHALLENGE 2.npy;CHALLENGE 20.npy;CHALLENGE 21.npy;CHALLENGE 22.npy;CHALLENGE 23.npy;CHALLENGE 24.npy;CHALLENGE 25.npy;CHALLENGE 26.npy;CHALLENGE 27.npy;CHALLENGE 28.npy;CHALLENGE 29.npy;CHALLENGE 3.npy;CHALLENGE 30.npy;CHALLENGE 31.npy;CHALLENGE 4.npy;CHALLENGE 5.npy;CHALLENGE 6.npy;CHALLENGE 7.npy;CHALLENGE 8.npy;CHALLENGE 9.npy
PATIENT,92,PATIENT 1.npy;PATIENT 10.npy;PATIENT 11.npy;PATIENT 12.npy;PATIENT 13.npy;PATIENT 14.npy;PATIENT 15.npy;PATIENT 16.npy;PATIENT 17.npy;PATIENT 18.npy;PATIENT 19.npy;PATIENT 2.npy;PATIENT 20.npy;PATIENT 21.npy;PATIENT 22.npy;PATIENT 23.npy;PATIENT 24.npy;PATIENT 25.npy;PATIENT 26.npy;PATIENT 27.npy;PATIENT 28.npy;PATIENT 29.npy;PATIENT 3.npy;PATIENT 30.npy;PATIENT 31.npy;PATIENT 32.npy;PATIENT 33.npy;PATIENT 34.npy;PATIENT 35.npy;PATIENT 36.npy;PATIENT 37.npy;PATIENT 38.npy;PATIENT 39.npy;PATIENT 4.npy;PATIENT 40.npy;PATIENT 41.npy;PATIENT 42.npy;PATIENT 43.npy;PATIENT 44.npy;PATIENT 45.npy;PATIENT 46.npy;PATIENT 47.npy;PATIENT 48.npy;PATIENT 49.npy;PATIENT 5.npy;PATIENT 50.npy;PATIENT 51.npy;PATIENT 52.npy;PATIENT 53.npy;PATIENT 54.npy;PATIENT 55.npy;PATIENT 56.npy;PATIENT 57.npy;PATIENT 58.npy;PATIENT 59.npy;PATIENT 6.npy;PATIENT 60.npy;PATIENT 61.npy;PATIENT 62.npy;PATIENT 63.npy;PATIENT 64.npy;PATIENT 65.npy;PATIENT 66.npy;PATIENT 67.npy;PATIENT 68.npy;PATIENT 69.npy;PATIENT 7.npy;PATIENT 70.npy;PATIENT 71.npy;PATIENT 72.npy;PATIENT 73.npy;PATIENT 74.npy;PATIENT 75.npy;PATIENT 76.npy;PATIENT 77.npy;PATIENT 78.npy;PATIENT 79.npy;PATIENT 8.npy;PATIENT 80.npy;PATIENT 81.npy;PATIENT 82.npy;PATIENT 83.npy;PATIENT 84.npy;PATIENT 85.npy;PATIENT 86.npy;PATIENT 87.npy;PATIENT 88.npy;PATIENT 89.npy;PATIENT 9.npy;PATIENT 90.npy;PATIENT 91.npy;PATIENT 92.npy
BECAUSE,32,BECAUSE 1.npy;BECAUSE 10.npy;BECAUSE 11.npy;BECAUSE 12.npy;BECAUSE 13.npy;BECAUSE 14.npy;BECAUSE 15.npy;BECAUSE 16.npy;BECAUSE 17.npy;BECAUSE 18.npy;BECAUSE 19.npy;BECAUSE 2.npy;BECAUSE 20.npy;BECAUSE 21.npy;BECAUSE 22.npy;BECAUSE 23.npy;BECAUSE 24.npy;BECAUSE 25.npy;BECAUSE 26.npy;BECAUSE 27.npy;BECAUSE 28.npy;BECAUSE 29.npy;BECAUSE 3.npy;BECAUSE 30.npy;BECAUSE 31.npy;BECAUSE 32.npy;BECAUSE 4.npy;BECAUSE 5.npy;BECAUSE 6.npy;BECAUSE 7.npy;BECAUSE 8.npy;BECAUSE 9.npy
REASON,31,REASON 1.npy;REASON 10.npy;REASON 11.npy;REASON 12.npy;REASON 13.npy;REASON 14.npy;REASON 15.npy;REASON 16.npy;REASON 17.npy;REASON 18.npy;REASON 19.npy;REASON 2.npy;REASON 20.npy;REASON 21.npy;REASON 22.npy;REASON 23.npy;REASON 24.npy;REASON 25.npy;REASON 26.npy;REASON 27.npy;REASON 28.npy;REASON 29.npy;REASON 3.npy;REASON 30.npy;REASON 31.npy;REASON 4.npy;REASON 5.npy;REASON 6.npy;REASON 7.npy;REASON 8.npy;REASON 9.npy
VACATION,31,VACATION 1.npy;VACATION 10.npy;VACATION 11.npy;VACATION 12.npy;VACATION 13.npy;VACATION 14.npy;VACATION 15.npy;VACATION 16.npy;VACATION 17.npy;VACATION 18.npy;VACATION 19.npy;VACATION 2.npy;VACATION 20.npy;VACATION 21.npy;VACATION 22.npy;VACATION 23.npy;VACATION 24.npy;VACATION 25.npy;VACATION 26.npy;VACATION 27.npy;VACATION 28.npy;VACATION 29.npy;VACATION 3.npy;VACATION 30.npy;VACATION 31.npy;VACATION 4.npy;VACATION 5.npy;VACATION 6.npy;VACATION 7.npy;VACATION 8.npy;VACATION 9.npy
DRUNK,30,DRUNK 1.npy;DRUNK 10.npy;DRUNK 11.npy;DRUNK 12.npy;DRUNK 13.npy;DRUNK 14.npy;DRUNK 15.npy;DRUNK 16.npy;DRUNK 17.npy;DRUNK 18.npy;DRUNK 19.npy;DRUNK 2.npy;DRUNK 20.npy;DRUNK 21.npy;DRUNK 22.npy;DRUNK 23.npy;DRUNK 24.npy;DRUNK 25.npy;DRUNK 26.npy;DRUNK 27.npy;DRUNK 28.npy;DRUNK 29.npy;DRUNK 3.npy;DRUNK 30.npy;DRUNK 4.npy;DRUNK 5.npy;DRUNK 6.npy;DRUNK 7.npy;DRUNK 8.npy;DRUNK 9.npy
PRICE,31,PRICE 1.npy;PRICE 10.npy;PRICE 11.npy;PRICE 12.npy;PRICE 13.npy;PRICE 14.npy;PRICE 15.npy;PRICE 16.npy;PRICE 17.npy;PRICE 18.npy;PRICE 19.npy;PRICE 2.npy;PRICE 20.npy;PRICE 21.npy;PRICE 22.npy;PRICE 23.npy;PRICE 24.npy;PRICE 25.npy;PRICE 26.npy;PRICE 27.npy;PRICE 28.npy;PRICE 29.npy;PRICE 3.npy;PRICE 30.npy;PRICE 31.npy;PRICE 4.npy;PRICE 5.npy;PRICE 6.npy;PRICE 7.npy;PRICE 8.npy;PRICE 9.npy
TYPE,60,TYPE 1.npy;TYPE 10.npy;TYPE 11.npy;TYPE 12.npy;TYPE 13.npy;TYPE 14.npy;TYPE 15.npy;TYPE 16.npy;TYPE 17.npy;TYPE 18.npy;TYPE 19.npy;TYPE 2.npy;TYPE 20.npy;TYPE 21.npy;TYPE 22.npy;TYPE 23.npy;TYPE 24.npy;TYPE 25.npy;TYPE 26.npy;TYPE 27.npy;TYPE 28.npy;TYPE 29.npy;TYPE 3.npy;TYPE 30.npy;TYPE 31.npy;TYPE 32.npy;TYPE 33.npy;TYPE 34.npy;TYPE 35.npy;TYPE 36.npy;TYPE 37.npy;TYPE 38.npy;TYPE 39.npy;TYPE 4.npy;TYPE 40.npy;TYPE 41.npy;TYPE 42.npy;TYPE 43.npy;TYPE 44.npy;TYPE 45.npy;TYPE 46.npy;TYPE 47.npy;TYPE 48.npy;TYPE 49.npy;TYPE 5.npy;TYPE 50.npy;TYPE 51.npy;TYPE 52.npy;TYPE 53.npy;TYPE 54.npy;TYPE 55.npy;TYPE 56.npy;TYPE 57.npy;TYPE 58.npy;TYPE 59.npy;TYPE 6.npy;TYPE 60.npy;TYPE 7.npy;TYPE 8.npy;TYPE 9.npy
POTATO,30,POTATO 1.npy;POTATO 10.npy;POTATO 11.npy;POTATO 12.npy;POTATO 13.npy;POTATO 14.npy;POTATO 15.npy;POTATO 16.npy;POTATO 17.npy;POTATO 18.npy;POTATO 19.npy;POTATO 2.npy;POTATO 20.npy;POTATO 21.npy;POTATO 22.npy;POTATO 23.npy;POTATO 24.npy;POTATO 25.npy;POTATO 26.npy;POTATO 27.npy;POTATO 28.npy;POTATO 29.npy;POTATO 3.npy;POTATO 30.npy;POTATO 4.npy;POTATO 5.npy;POTATO 6.npy;POTATO 7.npy;POTATO 8.npy;POTATO 9.npy
BIRTH,30,BIRTH 1.npy;BIRTH 10.npy;BIRTH 11.npy;BIRTH 12.npy;BIRTH 13.npy;BIRTH 14.npy;BIRTH 15.npy;BIRTH 16.npy;BIRTH 17.npy;BIRTH 18.npy;BIRTH 19.npy;BIRTH 2.npy;BIRTH 20.npy;BIRTH 21.npy;BIRTH 22.npy;BIRTH 23.npy;BIRTH 24.npy;BIRTH 25.npy;BIRTH 26.npy;BIRTH 27.npy;BIRTH 28.npy;BIRTH 29.npy;BIRTH 3.npy;BIRTH 30.npy;BIRTH 4.npy;BIRTH 5.npy;BIRTH 6.npy;BIRTH 7.npy;BIRTH 8.npy;BIRTH 9.npy
EMOTION,31,EMOTION 1.npy;EMOTION 10.npy;EMOTION 11.npy;EMOTION 12.npy;EMOTION 13.npy;EMOTION 14.npy;EMOTION 15.npy;EMOTION 16.npy;EMOTION 17.npy;EMOTION 18.npy;EMOTION 19.npy;EMOTION 2.npy;EMOTION 20.npy;EMOTION 21.npy;EMOTION 22.npy;EMOTION 23.npy;EMOTION 24.npy;EMOTION 25.npy;EMOTION 26.npy;EMOTION 27.npy;EMOTION 28.npy;EMOTION 29.npy;EMOTION 3.npy;EMOTION 30.npy;EMOTION 31.npy;EMOTION 4.npy;EMOTION 5.npy;EMOTION 6.npy;EMOTION 7.npy;EMOTION 8.npy;EMOTION 9.npy
EXERCISE,31,EXERCISE 1.npy;EXERCISE 10.npy;EXERCISE 11.npy;EXERCISE 12.npy;EXERCISE 13.npy;EXERCISE 14.npy;EXERCISE 15.npy;EXERCISE 16.npy;EXERCISE 17.npy;EXERCISE 18.npy;EXERCISE 19.npy;EXERCISE 2.npy;EXERCISE 20.npy;EXERCISE 21.npy;EXERCISE 22.npy;EXERCISE 23.npy;EXERCISE 24.npy;EXERCISE 25.npy;EXERCISE 26.npy;EXERCISE 27.npy;EXERCISE 28.npy;EXERCISE 29.npy;EXERCISE 3.npy;EXERCISE 30.npy;EXERCISE 31.npy;EXERCISE 4.npy;EXERCISE 5.npy;EXERCISE 6.npy;EXERCISE 7.npy;EXERCISE 8.npy;EXERCISE 9.npy
FIGHT,31,FIGHT 1.npy;FIGHT 10.npy;FIGHT 11.npy;FIGHT 12.npy;FIGHT 13.npy;FIGHT 14.npy;FIGHT 15.npy;FIGHT 16.npy;FIGHT 17.npy;FIGHT 18.npy;FIGHT 19.npy;FIGHT 2.npy;FIGHT 20.npy;FIGHT 21.npy;FIGHT 22.npy;FIGHT 23.npy;FIGHT 24.npy;FIGHT 25.npy;FIGHT 26.npy;FIGHT 27.npy;FIGHT 28.npy;FIGHT 29.npy;FIGHT 3.npy;FIGHT 30.npy;FIGHT 31.npy;FIGHT 4.npy;FIGHT 5.npy;FIGHT 6.npy;FIGHT 7.npy;FIGHT 8.npy;FIGHT 9.npy
WARM,31,WARM 1.npy;WARM 10.npy;WARM 11.npy;WARM 12.npy;WARM 13.npy;WARM 14.npy;WARM 15.npy;WARM 16.npy;WARM 17.npy;WARM 18.npy;WARM 19.npy;WARM 2.npy;WARM 20.npy;WARM 21.npy;WARM 22.npy;WARM 23.npy;WARM 24.npy;WARM 25.npy;WARM 26.npy;WARM 27.npy;WARM 28.npy;WARM 29.npy;WARM 3.npy;WARM 30.npy;WARM 31.npy;WARM 4.npy;WARM 5.npy;WARM 6.npy;WARM 7.npy;WARM 8.npy;WARM 9.npy
MISS,30,MISS 1.npy;MISS 10.npy;MISS 11.npy;MISS 12.npy;MISS 13.npy;MISS 14.npy;MISS 15.npy;MISS 16.npy;MISS 17.npy;MISS 18.npy;MISS 19.npy;MISS 2.npy;MISS 20.npy;MISS 21.npy;MISS 22.npy;MISS 23.npy;MISS 24.npy;MISS 25.npy;MISS 26.npy;MISS 27.npy;MISS 28.npy;MISS 29.npy;MISS 3.npy;MISS 30.npy;MISS 4.npy;MISS 5.npy;MISS 6.npy;MISS 7.npy;MISS 8.npy;MISS 9.npy
GONE,32,GONE 1.npy;GONE 10.npy;GONE 11.npy;GONE 12.npy;GONE 13.npy;GONE 14.npy;GONE 15.npy;GONE 16.npy;GONE 17.npy;GONE 18.npy;GONE 19.npy;GONE 2.npy;GONE 20.npy;GONE 21.npy;GONE 22.npy;GONE 23.npy;GONE 24.npy;GONE 25.npy;GONE 26.npy;GONE 27.npy;GONE 28.npy;GONE 29.npy;GONE 3.npy;GONE 30.npy;GONE 31.npy;GONE 32.npy;GONE 4.npy;GONE 5.npy;GONE 6.npy;GONE 7.npy;GONE 8.npy;GONE 9.npy
COLOR,30,COLOR 1.npy;COLOR 10.npy;COLOR 11.npy;COLOR 12.npy;COLOR 13.npy;COLOR 14.npy;COLOR 15.npy;COLOR 16.npy;COLOR 17.npy;COLOR 18.npy;COLOR 19.npy;COLOR 2.npy;COLOR 20.npy;COLOR 21.npy;COLOR 22.npy;COLOR 23.npy;COLOR 24.npy;COLOR 25.npy;COLOR 26.npy;COLOR 27.npy;COLOR 28.npy;COLOR 29.npy;COLOR 3.npy;COLOR 30.npy;COLOR 4.npy;COLOR 5.npy;COLOR 6.npy;COLOR 7.npy;COLOR 8.npy;COLOR 9.npy
BODY,30,BODY 1.npy;BODY 10.npy;BODY 11.npy;BODY 12.npy;BODY 13.npy;BODY 14.npy;BODY 15.npy;BODY 16.npy;BODY 17.npy;BODY 18.npy;BODY 19.npy;BODY 2.npy;BODY 20.npy;BODY 21.npy;BODY 22.npy;BODY 23.npy;BODY 24.npy;BODY 25.npy;BODY 26.npy;BODY 27.npy;BODY 28.npy;BODY 29.npy;BODY 3.npy;BODY 30.npy;BODY 4.npy;BODY 5.npy;BODY 6.npy;BODY 7.npy;BODY 8.npy;BODY 9.npy
MACHINE,31,MACHINE 1.npy;MACHINE 10.npy;MACHINE 11.npy;MACHINE 12.npy;MACHINE 13.npy;MACHINE 14.npy;MACHINE 15.npy;MACHINE 16.npy;MACHINE 17.npy;MACHINE 18.npy;MACHINE 19.npy;MACHINE 2.npy;MACHINE 20.npy;MACHINE 21.npy;MACHINE 22.npy;MACHINE 23.npy;MACHINE 24.npy;MACHINE 25.npy;MACHINE 26.npy;MACHINE 27.npy;MACHINE 28.npy;MACHINE 29.npy;MACHINE 3.npy;MACHINE 30.npy;MACHINE 31.npy;MACHINE 4.npy;MACHINE 5.npy;MACHINE 6.npy;MACHINE 7.npy;MACHINE 8.npy;MACHINE 9.npy
TWO,32,TWO 1.npy;TWO 10.npy;TWO 11.npy;TWO 12.npy;TWO 13.npy;TWO 14.npy;TWO 15.npy;TWO 16.npy;TWO 17.npy;TWO 18.npy;TWO 19.npy;TWO 2.npy;TWO 20.npy;TWO 21.npy;TWO 22.npy;TWO 23.npy;TWO 24.npy;TWO 25.npy;TWO 26.npy;TWO 27.npy;TWO 28.npy;TWO 29.npy;TWO 3.npy;TWO 30.npy;TWO 31.npy;TWO 32.npy;TWO 4.npy;TWO 5.npy;TWO 6.npy;TWO 7.npy;TWO 8.npy;TWO 9.npy
RUDE,31,RUDE 1.npy;RUDE 10.npy;RUDE 11.npy;RUDE 12.npy;RUDE 13.npy;RUDE 14.npy;RUDE 15.npy;RUDE 16.npy;RUDE 17.npy;RUDE 18.npy;RUDE 19.npy;RUDE 2.npy;RUDE 20.npy;RUDE 21.npy;RUDE 22.npy;RUDE 23.npy;RUDE 24.npy;RUDE 25.npy;RUDE 26.npy;RUDE 27.npy;RUDE 28.npy;RUDE 29.npy;RUDE 3.npy;RUDE 30.npy;RUDE 31.npy;RUDE 4.npy;RUDE 5.npy;RUDE 6.npy;RUDE 7.npy;RUDE 8.npy;RUDE 9.npy
KNIFE,60,KNIFE 1.npy;KNIFE 10.npy;KNIFE 11.npy;KNIFE 12.npy;KNIFE 13.npy;KNIFE 14.npy;KNIFE 15.npy;KNIFE 16.npy;KNIFE 17.npy;KNIFE 18.npy;KNIFE 19.npy;KNIFE 2.npy;KNIFE 20.npy;KNIFE 21.npy;KNIFE 22.npy;KNIFE 23.npy;KNIFE 24.npy;KNIFE 25.npy;KNIFE 26.npy;KNIFE 27.npy;KNIFE 28.npy;KNIFE 29.npy;KNIFE 3.npy;KNIFE 30.npy;KNIFE 31.npy;KNIFE 32.npy;KNIFE 33.npy;KNIFE 34.npy;KNIFE 35.npy;KNIFE 36.npy;KNIFE 37.npy;KNIFE 38.npy;KNIFE 39.npy;KNIFE 4.npy;KNIFE 40.npy;KNIFE 41.npy;KNIFE 42.npy;KNIFE 43.npy;KNIFE 44.npy;KNIFE 45.npy;KNIFE 46.npy;KNIFE 47.npy;KNIFE 48.npy;KNIFE 49.npy;KNIFE 5.npy;KNIFE 50.npy;KNIFE 51.npy;KNIFE 52.npy;KNIFE 53.npy;KNIFE 54.npy;KNIFE 55.npy;KNIFE 56.npy;KNIFE 57.npy;KNIFE 58.npy;KNIFE 59.npy;KNIFE 6.npy;KNIFE 60.npy;KNIFE 7.npy;KNIFE 8.npy;KNIFE 9.npy
RAIN,32,RAIN 1.npy;RAIN 10.npy;RAIN 11.npy;RAIN 12.npy;RAIN 13.npy;RAIN 14.npy;RAIN 15.npy;RAIN 16.npy;RAIN 17.npy;RAIN 18.npy;RAIN 19.npy;RAIN 2.npy;RAIN 20.npy;RAIN 21.npy;RAIN 22.npy;RAIN 23.npy;RAIN 24.npy;RAIN 25.npy;RAIN 26.npy;RAIN 27.npy;RAIN 28.npy;RAIN 29.npy;RAIN 3.npy;RAIN 30.npy;RAIN 31.npy;RAIN 32.npy;RAIN 4.npy;RAIN 5.npy;RAIN 6.npy;RAIN 7.npy;RAIN 8.npy;RAIN 9.npy
WIN,31,WIN 1.npy;WIN 10.npy;WIN 11.npy;WIN 12.npy;WIN 13.npy;WIN 14.npy;WIN 15.npy;WIN 16.npy;WIN 17.npy;WIN 18.npy;WIN 19.npy;WIN 2.npy;WIN 20.npy;WIN 21.npy;WIN 22.npy;WIN 23.npy;WIN 24.npy;WIN 25.npy;WIN 26.npy;WIN 27.npy;WIN 28.npy;WIN 29.npy;WIN 3.npy;WIN 30.npy;WIN 31.npy;WIN 4.npy;WIN 5.npy;WIN 6.npy;WIN 7.npy;WIN 8.npy;WIN 9.npy
ONION,31,ONION 1.npy;ONION 10.npy;ONION 11.npy;ONION 12.npy;ONION 13.npy;ONION 14.npy;ONION 15.npy;ONION 16.npy;ONION 17.npy;ONION 18.npy;ONION 19.npy;ONION 2.npy;ONION 20.npy;ONION 21.npy;ONION 22.npy;ONION 23.npy;ONION 24.npy;ONION 25.npy;ONION 26.npy;ONION 27.npy;ONION 28.npy;ONION 29.npy;ONION 3.npy;ONION 30.npy;ONION 31.npy;ONION 4.npy;ONION 5.npy;ONION 6.npy;ONION 7.npy;ONION 8.npy;ONION 9.npy
THIN,30,THIN 1.npy;THIN 10.npy;THIN 11.npy;THIN 12.npy;THIN 13.npy;THIN 14.npy;THIN 15.npy;THIN 16.npy;THIN 17.npy;THIN 18.npy;THIN 19.npy;THIN 2.npy;THIN 20.npy;THIN 21.npy;THIN 22.npy;THIN 23.npy;THIN 24.npy;THIN 25.npy;THIN 26.npy;THIN 27.npy;THIN 28.npy;THIN 29.npy;THIN 3.npy;THIN 30.npy;THIN 4.npy;THIN 5.npy;THIN 6.npy;THIN 7.npy;THIN 8.npy;THIN 9.npy
DROP,30,DROP 1.npy;DROP 10.npy;DROP 11.npy;DROP 12.npy;DROP 13.npy;DROP 14.npy;DROP 15.npy;DROP 16.npy;DROP 17.npy;DROP 18.npy;DROP 19.npy;DROP 2.npy;DROP 20.npy;DROP 21.npy;DROP 22.npy;DROP 23.npy;DROP 24.npy;DROP 25.npy;DROP 26.npy;DROP 27.npy;DROP 28.npy;DROP 29.npy;DROP 3.npy;DROP 30.npy;DROP 4.npy;DROP 5.npy;DROP 6.npy;DROP 7.npy;DROP 8.npy;DROP 9.npy
THREE,31,THREE 1.npy;THREE 10.npy;THREE 11.npy;THREE 12.npy;THREE 13.npy;THREE 14.npy;THREE 15.npy;THREE 16.npy;THREE 17.npy;THREE 18.npy;THREE 19.npy;THREE 2.npy;THREE 20.npy;THREE 21.npy;THREE 22.npy;THREE 23.npy;THREE 24.npy;THREE 25.npy;THREE 26.npy;THREE 27.npy;THREE 28.npy;THREE 29.npy;THREE 3.npy;THREE 30.npy;THREE 31.npy;THREE 4.npy;THREE 5.npy;THREE 6.npy;THREE 7.npy;THREE 8.npy;THREE 9.npy
HONOR,31,HONOR 1.npy;HONOR 10.npy;HONOR 11.npy;HONOR 12.npy;HONOR 13.npy;HONOR 14.npy;HONOR 15.npy;HONOR 16.npy;HONOR 17.npy;HONOR 18.npy;HONOR 19.npy;HONOR 2.npy;HONOR 20.npy;HONOR 21.npy;HONOR 22.npy;HONOR 23.npy;HONOR 24.npy;HONOR 25.npy;HONOR 26.npy;HONOR 27.npy;HONOR 28.npy;HONOR 29.npy;HONOR 3.npy;HONOR 30.npy;HONOR 31.npy;HONOR 4.npy;HONOR 5.npy;HONOR 6.npy;HONOR 7.npy;HONOR 8.npy;HONOR 9.npy
SHOWER,30,SHOWER 1.npy;SHOWER 10.npy;SHOWER 11.npy;SHOWER 12.npy;SHOWER 13.npy;SHOWER 14.npy;SHOWER 15.npy;SHOWER 16.npy;SHOWER 17.npy;SHOWER 18.npy;SHOWER 19.npy;SHOWER 2.npy;SHOWER 20.npy;SHOWER 21.npy;SHOWER 22.npy;SHOWER 23.npy;SHOWER 24.npy;SHOWER 25.npy;SHOWER 26.npy;SHOWER 27.npy;SHOWER 28.npy;SHOWER 29.npy;SHOWER 3.npy;SHOWER 30.npy;SHOWER 4.npy;SHOWER 5.npy;SHOWER 6.npy;SHOWER 7.npy;SHOWER 8.npy;SHOWER 9.npy
BUTTER,31,BUTTER 1.npy;BUTTER 10.npy;BUTTER 11.npy;BUTTER 12.npy;BUTTER 13.npy;BUTTER 14.npy;BUTTER 15.npy;BUTTER 16.npy;BUTTER 17.npy;BUTTER 18.npy;BUTTER 19.npy;BUTTER 2.npy;BUTTER 20.npy;BUTTER 21.npy;BUTTER 22.npy;BUTTER 23.npy;BUTTER 24.npy;BUTTER 25.npy;BUTTER 26.npy;BUTTER 27.npy;BUTTER 28.npy;BUTTER 29.npy;BUTTER 3.npy;BUTTER 30.npy;BUTTER 31.npy;BUTTER 4.npy;BUTTER 5.npy;BUTTER 6.npy;BUTTER 7.npy;BUTTER 8.npy;BUTTER 9.npy
HONEST,30,HONEST 1.npy;HONEST 10.npy;HONEST 11.npy;HONEST 12.npy;HONEST 13.npy;HONEST 14.npy;HONEST 15.npy;HONEST 16.npy;HONEST 17.npy;HONEST 18.npy;HONEST 19.npy;HONEST 2.npy;HONEST 20.npy;HONEST 21.npy;HONEST 22.npy;HONEST 23.npy;HONEST 24.npy;HONEST 25.npy;HONEST 26.npy;HONEST 27.npy;HONEST 28.npy;HONEST 29.npy;HONEST 3.npy;HONEST 30.npy;HONEST 4.npy;HONEST 5.npy;HONEST 6.npy;HONEST 7.npy;HONEST 8.npy;HONEST 9.npy
BLUE,31,BLUE 1.npy;BLUE 10.npy;BLUE 11.npy;BLUE 12.npy;BLUE 13.npy;BLUE 14.npy;BLUE 15.npy;BLUE 16.npy;BLUE 17.npy;BLUE 18.npy;BLUE 19.npy;BLUE 2.npy;BLUE 20.npy;BLUE 21.npy;BLUE 22.npy;BLUE 23.npy;BLUE 24.npy;BLUE 25.npy;BLUE 26.npy;BLUE 27.npy;BLUE 28.npy;BLUE 29.npy;BLUE 3.npy;BLUE 30.npy;BLUE 31.npy;BLUE 4.npy;BLUE 5.npy;BLUE 6.npy;BLUE 7.npy;BLUE 8.npy;BLUE 9.npy
AWKWARD,31,AWKWARD 1.npy;AWKWARD 10.npy;AWKWARD 11.npy;AWKWARD 12.npy;AWKWARD 13.npy;AWKWARD 14.npy;AWKWARD 15.npy;AWKWARD 16.npy;AWKWARD 17.npy;AWKWARD 18.npy;AWKWARD 19.npy;AWKWARD 2.npy;AWKWARD 20.npy;AWKWARD 21.npy;AWKWARD 22.npy;AWKWARD 23.npy;AWKWARD 24.npy;AWKWARD 25.npy;AWKWARD 26.npy;AWKWARD 27.npy;AWKWARD 28.npy;AWKWARD 29.npy;AWKWARD 3.npy;AWKWARD 30.npy;AWKWARD 31.npy;AWKWARD 4.npy;AWKWARD 5.npy;AWKWARD 6.npy;AWKWARD 7.npy;AWKWARD 8.npy;AWKWARD 9.npy
BORROW,32,BORROW 1_BORROW.npy;BORROW 10_BORROW.npy;BORROW 11_BORROW.npy;BORROW 12_BORROW.npy;BORROW 13_BORROW.npy;BORROW 14_BORROW.npy;BORROW 15_BORROW.npy;BORROW 16_BORROW.npy;BORROW 17_BORROW.npy;BORROW 18_BORROW.npy;BORROW 19_BORROW.npy;BORROW 2_BORROW.npy;BORROW 20_BORROW.npy;BORROW 21_BORROW.npy;BORROW 22_BORROW.npy;BORROW 23_BORROW.npy;BORROW 24_BORROW.npy;BORROW 25_BORROW.npy;BORROW 26_BORROW.npy;BORROW 27_BORROW.npy;BORROW 28_BORROW.npy;BORROW 29_BORROW.npy;BORROW 3_BORROW.npy;BORROW 30_BORROW.npy;BORROW 31_BORROW.npy;BORROW 32_BORROW.npy;BORROW 4_BORROW.npy;BORROW 5_BORROW.npy;BORROW 6_BORROW.npy;BORROW 7_BORROW.npy;BORROW 8_BORROW.npy;BORROW 9_BORROW.npy
BRING,31,BRING 1.npy;BRING 10.npy;BRING 11.npy;BRING 12.npy;BRING 13.npy;BRING 14.npy;BRING 15.npy;BRING 16.npy;BRING 17.npy;BRING 18.npy;BRING 19.npy;BRING 2.npy;BRING 20.npy;BRING 21.npy;BRING 22.npy;BRING 23.npy;BRING 24.npy;BRING 25.npy;BRING 26.npy;BRING 27.npy;BRING 28.npy;BRING 29.npy;BRING 3.npy;BRING 30.npy;BRING 31.npy;BRING 4.npy;BRING 5.npy;BRING 6.npy;BRING 7.npy;BRING 8.npy;BRING 9.npy
BUSY,31,BUSY 1.npy;BUSY 10.npy;BUSY 11.npy;BUSY 12.npy;BUSY 13.npy;BUSY 14.npy;BUSY 15.npy;BUSY 16.npy;BUSY 17.npy;BUSY 18.npy;BUSY 19.npy;BUSY 2.npy;BUSY 20.npy;BUSY 21.npy;BUSY 22.npy;BUSY 23.npy;BUSY 24.npy;BUSY 25.npy;BUSY 26.npy;BUSY 27.npy;BUSY 28.npy;BUSY 29.npy;BUSY 3.npy;BUSY 30.npy;BUSY 31.npy;BUSY 4.npy;BUSY 5.npy;BUSY 6.npy;BUSY 7.npy;BUSY 8.npy;BUSY 9.npy
BUT,30,BUT 1.npy;BUT 10.npy;BUT 11.npy;BUT 12.npy;BUT 13.npy;BUT 14.npy;BUT 15.npy;BUT 16.npy;BUT 17.npy;BUT 18.npy;BUT 19.npy;BUT 2.npy;BUT 20.npy;BUT 21.npy;BUT 22.npy;BUT 23.npy;BUT 24.npy;BUT 25.npy;BUT 26.npy;BUT 27.npy;BUT 28.npy;BUT 29.npy;BUT 3.npy;BUT 30.npy;BUT 4.npy;BUT 5.npy;BUT 6.npy;BUT 7.npy;BUT 8.npy;BUT 9.npy
BUY,31,BUY 1.npy;BUY 10.npy;BUY 11.npy;BUY 12.npy;BUY 13.npy;BUY 14.npy;BUY 15.npy;BUY 16.npy;BUY 17.npy;BUY 18.npy;BUY 19.npy;BUY 2.npy;BUY 20.npy;BUY 21.npy;BUY 22.npy;BUY 23.npy;BUY 24.npy;BUY 25.npy;BUY 26.npy;BUY 27.npy;BUY 28.npy;BUY 29.npy;BUY 3.npy;BUY 30.npy;BUY 31.npy;BUY 4.npy;BUY 5.npy;BUY 6.npy;BUY 7.npy;BUY 8.npy;BUY 9.npy
CARRY,30,CARRY 1.npy;CARRY 10.npy;CARRY 11.npy;CARRY 12.npy;CARRY 13.npy;CARRY 14.npy;CARRY 15.npy;CARRY 16.npy;CARRY 17.npy;CARRY 18.npy;CARRY 19.npy;CARRY 2.npy;CARRY 20.npy;CARRY 21.npy;CARRY 22.npy;CARRY 23.npy;CARRY 24.npy;CARRY 25.npy;CARRY 26.npy;CARRY 27.npy;CARRY 28.npy;CARRY 29.npy;CARRY 3.npy;CARRY 30.npy;CARRY 4.npy;CARRY 5.npy;CARRY 6.npy;CARRY 7.npy;CARRY 8.npy;CARRY 9.npy
CLEAN,31,CLEAN 1_CLEAN.npy;CLEAN 10_CLEAN.npy;CLEAN 11_CLEAN.npy;CLEAN 12_CLEAN.npy;CLEAN 13_CLEAN.npy;CLEAN 14_CLEAN.npy;CLEAN 15_CLEAN.npy;CLEAN 16_CLEAN.npy;CLEAN 17_CLEAN.npy;CLEAN 18_CLEAN.npy;CLEAN 19_CLEAN.npy;CLEAN 2_CLEAN.npy;CLEAN 20_CLEAN.npy;CLEAN 21_CLEAN.npy;CLEAN 22_CLEAN.npy;CLEAN 23_CLEAN.npy;CLEAN 24_CLEAN.npy;CLEAN 25_CLEAN.npy;CLEAN 26_CLEAN.npy;CLEAN 27_CLEAN.npy;CLEAN 28_CLEAN.npy;CLEAN 29_CLEAN.npy;CLEAN 3_CLEAN.npy;CLEAN 30_CLEAN.npy;CLEAN 31_CLEAN.npy;CLEAN 4_CLEAN.npy;CLEAN 5_CLEAN.npy;CLEAN 6_CLEAN.npy;CLEAN 7_CLEAN.npy;CLEAN 8_CLEAN.npy;CLEAN 9_CLEAN.npy
COMFORTABLE,31,COMFORTABLE 1.npy;COMFORTABLE 10.npy;COMFORTABLE 11.npy;COMFORTABLE 12.npy;COMFORTABLE 13.npy;COMFORTABLE 14.npy;COMFORTABLE 15.npy;COMFORTABLE 16.npy;COMFORTABLE 17.npy;COMFORTABLE 18.npy;COMFORTABLE 19.npy;COMFORTABLE 2.npy;COMFORTABLE 20.npy;COMFORTABLE 21.npy;COMFORTABLE 22.npy;COMFORTABLE 23.npy;COMFORTABLE 24.npy;COMFORTABLE 25.npy;COMFORTABLE 26.npy;COMFORTABLE 27.npy;COMFORTABLE 28.npy;COMFORTABLE 29.npy;COMFORTABLE 3.npy;COMFORTABLE 30.npy;COMFORTABLE 31.npy;COMFORTABLE 4.npy;COMFORTABLE 5.npy;COMFORTABLE 6.npy;COMFORTABLE 7.npy;COMFORTABLE 8.npy;COMFORTABLE 9.npy
CONFUSED,60,CONFUSED 1.npy;CONFUSED 10.npy;CONFUSED 11.npy;CONFUSED 12.npy;CONFUSED 13.npy;CONFUSED 14.npy;CONFUSED 15.npy;CONFUSED 16.npy;CONFUSED 17.npy;CONFUSED 18.npy;CONFUSED 19.npy;CONFUSED 2.npy;CONFUSED 20.npy;CONFUSED 21.npy;CONFUSED 22.npy;CONFUSED 23.npy;CONFUSED 24.npy;CONFUSED 25.npy;CONFUSED 26.npy;CONFUSED 27.npy;CONFUSED 28.npy;CONFUSED 29.npy;CONFUSED 3.npy;CONFUSED 30.npy;CONFUSED 31.npy;CONFUSED 32.npy;CONFUSED 33.npy;CONFUSED 34.npy;CONFUSED 35.npy;CONFUSED 36.npy;CONFUSED 37.npy;CONFUSED 38.npy;CONFUSED 39.npy;CONFUSED 4.npy;CONFUSED 40.npy;CONFUSED 41.npy;CONFUSED 42.npy;CONFUSED 43.npy;CONFUSED 44.npy;CONFUSED 45.npy;CONFUSED 46.npy;CONFUSED 47.npy;CONFUSED 48.npy;CONFUSED 49.npy;CONFUSED 5.npy;CONFUSED 50.npy;CONFUSED 51.npy;CONFUSED 52.npy;CONFUSED 53.npy;CONFUSED 54.npy;CONFUSED 55.npy;CONFUSED 56.npy;CONFUSED 57.npy;CONFUSED 58.npy;CONFUSED 59.npy;CONFUSED 6.npy;CONFUSED 60.npy;CONFUSED 7.npy;CONFUSED 8.npy;CONFUSED 9.npy
COOK,31,COOK 1.npy;COOK 10.npy;COOK 11.npy;COOK 12.npy;COOK 13.npy;COOK 14.npy;COOK 15.npy;COOK 16.npy;COOK 17.npy;COOK 18.npy;COOK 19.npy;COOK 2.npy;COOK 20.npy;COOK 21.npy;COOK 22.npy;COOK 23.npy;COOK 24.npy;COOK 25.npy;COOK 26.npy;COOK 27.npy;COOK 28.npy;COOK 29.npy;COOK 3.npy;COOK 30.npy;COOK 31.npy;COOK 4.npy;COOK 5.npy;COOK 6.npy;COOK 7.npy;COOK 8.npy;COOK 9.npy
DIFFERENT,31,DIFFERENT 1.npy;DIFFERENT 10.npy;DIFFERENT 11.npy;DIFFERENT 12.npy;DIFFERENT 13.npy;DIFFERENT 14.npy;DIFFERENT 15.npy;DIFFERENT 16.npy;DIFFERENT 17.npy;DIFFERENT 18.npy;DIFFERENT 19.npy;DIFFERENT 2.npy;DIFFERENT 20.npy;DIFFERENT 21.npy;DIFFERENT 22.npy;DIFFERENT 23.npy;DIFFERENT 24.npy;DIFFERENT 25.npy;DIFFERENT 26.npy;DIFFERENT 27.npy;DIFFERENT 28.npy;DIFFERENT 29.npy;DIFFERENT 3.npy;DIFFERENT 30.npy;DIFFERENT 31.npy;DIFFERENT 4.npy;DIFFERENT 5.npy;DIFFERENT 6.npy;DIFFERENT 7.npy;DIFFERENT 8.npy;DIFFERENT 9.npy
DOWN,29,DOWN 1.npy;DOWN 10.npy;DOWN 11.npy;DOWN 12.npy;DOWN 13.npy;DOWN 14.npy;DOWN 15.npy;DOWN 16.npy;DOWN 17.npy;DOWN 18.npy;DOWN 19.npy;DOWN 2.npy;DOWN 20.npy;DOWN 21.npy;DOWN 22.npy;DOWN 23.npy;DOWN 24.npy;DOWN 25.npy;DOWN 26.npy;DOWN 27.npy;DOWN 28.npy;DOWN 29.npy;DOWN 3.npy;DOWN 4.npy;DOWN 5.npy;DOWN 6.npy;DOWN 7.npy;DOWN 8.npy;DOWN 9.npy
DRIVE,30,DRIVE 1_DRIVE.npy;DRIVE 10_DRIVE.npy;DRIVE 11_DRIVE.npy;DRIVE 12_DRIVE.npy;DRIVE 13_DRIVE.npy;DRIVE 14_DRIVE.npy;DRIVE 15_DRIVE.npy;DRIVE 16_DRIVE.npy;DRIVE 17_DRIVE.npy;DRIVE 18_DRIVE.npy;DRIVE 19_DRIVE.npy;DRIVE 2_DRIVE.npy;DRIVE 20_DRIVE.npy;DRIVE 21_DRIVE.npy;DRIVE 22_DRIVE.npy;DRIVE 23_DRIVE.npy;DRIVE 24_DRIVE.npy;DRIVE 25_DRIVE.npy;DRIVE 26_DRIVE.npy;DRIVE 27_DRIVE.npy;DRIVE 28_DRIVE.npy;DRIVE 29_DRIVE.npy;DRIVE 3_DRIVE.npy;DRIVE 30_DRIVE.npy;DRIVE 4_DRIVE.npy;DRIVE 5_DRIVE.npy;DRIVE 6_DRIVE.npy;DRIVE 7_DRIVE.npy;DRIVE 8_DRIVE.npy;DRIVE 9_DRIVE.npy
EXCITED,30,EXCITED 1_EXCITED.npy;EXCITED 10_EXCITED.npy;EXCITED 11_EXCITED.npy;EXCITED 12_EXCITED.npy;EXCITED 13_EXCITED.npy;EXCITED 14_EXCITED.npy;EXCITED 15_EXCITED.npy;EXCITED 16_EXCITED.npy;EXCITED 17_EXCITED.npy;EXCITED 18_EXCITED.npy;EXCITED 19_EXCITED.npy;EXCITED 2_EXCITED.npy;EXCITED 20_EXCITED.npy;EXCITED 21_EXCITED.npy;EXCITED 22_EXCITED.npy;EXCITED 23_EXCITED.npy;EXCITED 24_EXCITED.npy;EXCITED 25_EXCITED.npy;EXCITED 26_EXCITED.npy;EXCITED 27_EXCITED.npy;EXCITED 28_EXCITED.npy;EXCITED 29_EXCITED.npy;EXCITED 3_EXCITED.npy;EXCITED 30_EXCITED.npy;EXCITED 4_EXCITED.npy;EXCITED 5_EXCITED.npy;EXCITED 6_EXCITED.npy;EXCITED 7_EXCITED.npy;EXCITED 8_EXCITED.npy;EXCITED 9_EXCITED.npy
EXERCISE,31,EXERCISE 1_EXERCISE.npy;EXERCISE 10_EXERCISE.npy;EXERCISE 11_EXERCISE.npy;EXERCISE 12_EXERCISE.npy;EXERCISE 13_EXERCISE.npy;EXERCISE 14_EXERCISE.npy;EXERCISE 15_EXERCISE.npy;EXERCISE 16_EXERCISE.npy;EXERCISE 17_EXERCISE.npy;EXERCISE 18_EXERCISE.npy;EXERCISE 19_EXERCISE.npy;EXERCISE 2_EXERCISE.npy;EXERCISE 20_EXERCISE.npy;EXERCISE 21_EXERCISE.npy;EXERCISE 22_EXERCISE.npy;EXERCISE 23_EXERCISE.npy;EXERCISE 24_EXERCISE.npy;EXERCISE 25_EXERCISE.npy;EXERCISE 26_EXERCISE.npy;EXERCISE 27_EXERCISE.npy;EXERCISE 28_EXERCISE.npy;EXERCISE 29_EXERCISE.npy;EXERCISE 3_EXERCISE.npy;EXERCISE 30_EXERCISE.npy;EXERCISE 31_EXERCISE.npy;EXERCISE 4_EXERCISE.npy;EXERCISE 5_EXERCISE.npy;EXERCISE 6_EXERCISE.npy;EXERCISE 7_EXERCISE.npy;EXERCISE 8_EXERCISE.npy;EXERCISE 9_EXERCISE.npy
FINE,62,FINE 1.npy;FINE 10.npy;FINE 11.npy;FINE 12.npy;FINE 13.npy;FINE 14.npy;FINE 15.npy;FINE 16.npy;FINE 17.npy;FINE 18.npy;FINE 19.npy;FINE 2.npy;FINE 20.npy;FINE 21.npy;FINE 22.npy;FINE 23.npy;FINE 24.npy;FINE 25.npy;FINE 26.npy;FINE 27.npy;FINE 28.npy;FINE 29.npy;FINE 3.npy;FINE 30.npy;FINE 31.npy;FINE 32.npy;FINE 33.npy;FINE 34.npy;FINE 35.npy;FINE 36.npy;FINE 37.npy;FINE 38.npy;FINE 39.npy;FINE 4.npy;FINE 40.npy;FINE 41.npy;FINE 42.npy;FINE 43.npy;FINE 44.npy;FINE 45.npy;FINE 46.npy;FINE 47.npy;FINE 48.npy;FINE 49.npy;FINE 5.npy;FINE 50.npy;FINE 51.npy;FINE 52.npy;FINE 53.npy;FINE 54.npy;FINE 55.npy;FINE 56.npy;FINE 57.npy;FINE 58.npy;FINE 59.npy;FINE 6.npy;FINE 60.npy;FINE 61.npy;FINE 62.npy;FINE 7.npy;FINE 8.npy;FINE 9.npy
FINGERSPELL,30,FINGERSPELL 1.npy;FINGERSPELL 10.npy;FINGERSPELL 11.npy;FINGERSPELL 12.npy;FINGERSPELL 13.npy;FINGERSPELL 14.npy;FINGERSPELL 15.npy;FINGERSPELL 16.npy;FINGERSPELL 17.npy;FINGERSPELL 18.npy;FINGERSPELL 19.npy;FINGERSPELL 2.npy;FINGERSPELL 20.npy;FINGERSPELL 21.npy;FINGERSPELL 22.npy;FINGERSPELL 23.npy;FINGERSPELL 24.npy;FINGERSPELL 25.npy;FINGERSPELL 26.npy;FINGERSPELL 27.npy;FINGERSPELL 28.npy;FINGERSPELL 29.npy;FINGERSPELL 3.npy;FINGERSPELL 30.npy;FINGERSPELL 4.npy;FINGERSPELL 5.npy;FINGERSPELL 6.npy;FINGERSPELL 7.npy;FINGERSPELL 8.npy;FINGERSPELL 9.npy
FINISH,29,FINISH 1_FINISH.npy;FINISH 11_FINISH.npy;FINISH 12_FINISH.npy;FINISH 13_FINISH.npy;FINISH 14_FINISH.npy;FINISH 15_FINISH.npy;FINISH 17_FINISH.npy;FINISH 18_FINISH.npy;FINISH 19_FINISH.npy;FINISH 2_FINISH.npy;FINISH 20_FINISH.npy;FINISH 21_FINISH.npy;FINISH 22_FINISH.npy;FINISH 23_FINISH.npy;FINISH 24_FINISH.npy;FINISH 25_FINISH.npy;FINISH 26_FINISH.npy;FINISH 27_FINISH.npy;FINISH 28_FINISH.npy;FINISH 29_FINISH.npy;FINISH 3_FINISH.npy;FINISH 30_FINISH.npy;FINISH 31_FINISH.npy;FINISH 32_FINISH.npy;FINISH 4_FINISH.npy;FINISH 6_FINISH.npy;FINISH 7_FINISH.npy;FINISH 8_FINISH.npy;FINISH 9_FINISH.npy
FIX,30,FIX 1.npy;FIX 10.npy;FIX 11.npy;FIX 12.npy;FIX 13.npy;FIX 14.npy;FIX 15.npy;FIX 16.npy;FIX 17.npy;FIX 18.npy;FIX 19.npy;FIX 2.npy;FIX 20.npy;FIX 21.npy;FIX 22.npy;FIX 23.npy;FIX 24.npy;FIX 25.npy;FIX 26.npy;FIX 27.npy;FIX 28.npy;FIX 29.npy;FIX 3.npy;FIX 30.npy;FIX 4.npy;FIX 5.npy;FIX 6.npy;FIX 7.npy;FIX 8.npy;FIX 9.npy
I LOVE YOU,27,I LOVE YOU 1_I LOVE YOU.npy;I LOVE YOU 10_I LOVE YOU.npy;I LOVE YOU 11_I LOVE YOU.npy;I LOVE YOU 13_I LOVE YOU.npy;I LOVE YOU 14_I LOVE YOU.npy;I LOVE YOU 16_I LOVE YOU.npy;I LOVE YOU 17_I LOVE YOU.npy;I LOVE YOU 18_I LOVE YOU.npy;I LOVE YOU 19_I LOVE YOU.npy;I LOVE YOU 2_I LOVE YOU.npy;I LOVE YOU 20_I LOVE YOU.npy;I LOVE YOU 21_I LOVE YOU.npy;I LOVE YOU 23_I LOVE YOU.npy;I LOVE YOU 24_I LOVE YOU.npy;I LOVE YOU 25_I LOVE YOU.npy;I LOVE YOU 26_I LOVE YOU.npy;I LOVE YOU 27_I LOVE YOU.npy;I LOVE YOU 28_I LOVE YOU.npy;I LOVE YOU 29_I LOVE YOU.npy;I LOVE YOU 3_I LOVE YOU.npy;I LOVE YOU 31_I LOVE YOU.npy;I LOVE YOU 4_I LOVE YOU.npy;I LOVE YOU 5_I LOVE YOU.npy;I LOVE YOU 6_I LOVE YOU.npy;I LOVE YOU 7_I LOVE YOU.npy;I LOVE YOU 8_I LOVE YOU.npy;I LOVE YOU 9_I LOVE YOU.npy
IF,30,IF 1.npy;IF 10.npy;IF 11.npy;IF 12.npy;IF 13.npy;IF 14.npy;IF 15.npy;IF 16.npy;IF 17.npy;IF 18.npy;IF 19.npy;IF 2.npy;IF 20.npy;IF 21.npy;IF 22.npy;IF 23.npy;IF 24.npy;IF 25.npy;IF 26.npy;IF 27.npy;IF 28.npy;IF 29.npy;IF 3.npy;IF 30.npy;IF 4.npy;IF 5.npy;IF 6.npy;IF 7.npy;IF 8.npy;IF 9.npy
IN,31,IN 1.npy;IN 10.npy;IN 11.npy;IN 12.npy;IN 13.npy;IN 14.npy;IN 15.npy;IN 16.npy;IN 17.npy;IN 18.npy;IN 19.npy;IN 2.npy;IN 20.npy;IN 21.npy;IN 22.npy;IN 23.npy;IN 24.npy;IN 25.npy;IN 26.npy;IN 27.npy;IN 28.npy;IN 29.npy;IN 3.npy;IN 30.npy;IN 31.npy;IN 4.npy;IN 5.npy;IN 6.npy;IN 7.npy;IN 8.npy;IN 9.npy
JEALOUS,31,JEALOUS 1.npy;JEALOUS 10.npy;JEALOUS 11.npy;JEALOUS 12.npy;JEALOUS 13.npy;JEALOUS 14.npy;JEALOUS 15.npy;JEALOUS 16.npy;JEALOUS 17.npy;JEALOUS 18.npy;JEALOUS 19.npy;JEALOUS 2.npy;JEALOUS 20.npy;JEALOUS 21.npy;JEALOUS 22.npy;JEALOUS 23.npy;JEALOUS 24.npy;JEALOUS 25.npy;JEALOUS 26.npy;JEALOUS 27.npy;JEALOUS 28.npy;JEALOUS 29.npy;JEALOUS 3.npy;JEALOUS 30.npy;JEALOUS 31.npy;JEALOUS 4.npy;JEALOUS 5.npy;JEALOUS 6.npy;JEALOUS 7.npy;JEALOUS 8.npy;JEALOUS 9.npy
LEFT,31,LEFT 1.npy;LEFT 10.npy;LEFT 11.npy;LEFT 12.npy;LEFT 13.npy;LEFT 14.npy;LEFT 15.npy;LEFT 16.npy;LEFT 17.npy;LEFT 18.npy;LEFT 19.npy;LEFT 2.npy;LEFT 20.npy;LEFT 21.npy;LEFT 22.npy;LEFT 23.npy;LEFT 24.npy;LEFT 25.npy;LEFT 26.npy;LEFT 27.npy;LEFT 28.npy;LEFT 29.npy;LEFT 3.npy;LEFT 30.npy;LEFT 31.npy;LEFT 4.npy;LEFT 5.npy;LEFT 6.npy;LEFT 7.npy;LEFT 8.npy;LEFT 9.npy
LEND,30,LEND 1.npy;LEND 10.npy;LEND 11.npy;LEND 12.npy;LEND 13.npy;LEND 14.npy;LEND 15.npy;LEND 16.npy;LEND 17.npy;LEND 18.npy;LEND 19.npy;LEND 2.npy;LEND 20.npy;LEND 21.npy;LEND 22.npy;LEND 23.npy;LEND 24.npy;LEND 25.npy;LEND 26.npy;LEND 27.npy;LEND 28.npy;LEND 29.npy;LEND 3.npy;LEND 30.npy;LEND 4.npy;LEND 5.npy;LEND 6.npy;LEND 7.npy;LEND 8.npy;LEND 9.npy
LONELY,30,LONELY 1.npy;LONELY 10.npy;LONELY 11.npy;LONELY 12.npy;LONELY 13.npy;LONELY 14.npy;LONELY 15.npy;LONELY 16.npy;LONELY 17.npy;LONELY 18.npy;LONELY 19.npy;LONELY 2.npy;LONELY 20.npy;LONELY 21.npy;LONELY 22.npy;LONELY 23.npy;LONELY 24.npy;LONELY 25.npy;LONELY 26.npy;LONELY 27.npy;LONELY 28.npy;LONELY 29.npy;LONELY 3.npy;LONELY 30.npy;LONELY 4.npy;LONELY 5.npy;LONELY 6.npy;LONELY 7.npy;LONELY 8.npy;LONELY 9.npy
MEAN,61,MEAN 1.npy;MEAN 10.npy;MEAN 11.npy;MEAN 12.npy;MEAN 13.npy;MEAN 14.npy;MEAN 15.npy;MEAN 16.npy;MEAN 17.npy;MEAN 18.npy;MEAN 19.npy;MEAN 2.npy;MEAN 20.npy;MEAN 21.npy;MEAN 22.npy;MEAN 23.npy;MEAN 24.npy;MEAN 25.npy;MEAN 26.npy;MEAN 27.npy;MEAN 28.npy;MEAN 29.npy;MEAN 3.npy;MEAN 30.npy;MEAN 31.npy;MEAN 32.npy;MEAN 33.npy;MEAN 34.npy;MEAN 35.npy;MEAN 36.npy;MEAN 37.npy;MEAN 38.npy;MEAN 39.npy;MEAN 4.npy;MEAN 40.npy;MEAN 41.npy;MEAN 42.npy;MEAN 43.npy;MEAN 44.npy;MEAN 45.npy;MEAN 46.npy;MEAN 47.npy;MEAN 48.npy;MEAN 49.npy;MEAN 5.npy;MEAN 50.npy;MEAN 51.npy;MEAN 52.npy;MEAN 53.npy;MEAN 54.npy;MEAN 55.npy;MEAN 56.npy;MEAN 57.npy;MEAN 58.npy;MEAN 59.npy;MEAN 6.npy;MEAN 60.npy;MEAN 61.npy;MEAN 7.npy;MEAN 8.npy;MEAN 9.npy
MOST,31,MOST 1.npy;MOST 10.npy;MOST 11.npy;MOST 12.npy;MOST 13.npy;MOST 14.npy;MOST 15.npy;MOST 16.npy;MOST 17.npy;MOST 18.npy;MOST 19.npy;MOST 2.npy;MOST 20.npy;MOST 21.npy;MOST 22.npy;MOST 23.npy;MOST 24.npy;MOST 25.npy;MOST 26.npy;MOST 27.npy;MOST 28.npy;MOST 29.npy;MOST 3.npy;MOST 30.npy;MOST 31.npy;MOST 4.npy;MOST 5.npy;MOST 6.npy;MOST 7.npy;MOST 8.npy;MOST 9.npy
OH I SEE,30,OH I SEE 1.npy;OH I SEE 10.npy;OH I SEE 11.npy;OH I SEE 12.npy;OH I SEE 13.npy;OH I SEE 14.npy;OH I SEE 15.npy;OH I SEE 16.npy;OH I SEE 17.npy;OH I SEE 18.npy;OH I SEE 19.npy;OH I SEE 2.npy;OH I SEE 20.npy;OH I SEE 21.npy;OH I SEE 22.npy;OH I SEE 23.npy;OH I SEE 24.npy;OH I SEE 25.npy;OH I SEE 26.npy;OH I SEE 27.npy;OH I SEE 28.npy;OH I SEE 29.npy;OH I SEE 3.npy;OH I SEE 30.npy;OH I SEE 4.npy;OH I SEE 5.npy;OH I SEE 6.npy;OH I SEE 7.npy;OH I SEE 8.npy;OH I SEE 9.npy
OUT,28,OUT 1.npy;OUT 10.npy;OUT 11.npy;OUT 12.npy;OUT 13.npy;OUT 14.npy;OUT 15.npy;OUT 16.npy;OUT 17.npy;OUT 18.npy;OUT 19.npy;OUT 2.npy;OUT 20.npy;OUT 21.npy;OUT 22.npy;OUT 23.npy;OUT 24.npy;OUT 25.npy;OUT 26.npy;OUT 27.npy;OUT 28.npy;OUT 3.npy;OUT 4.npy;OUT 5.npy;OUT 6.npy;OUT 7.npy;OUT 8.npy;OUT 9.npy
PLEASE,31,PLEASE 1_PLEASE.npy;PLEASE 10_PLEASE.npy;PLEASE 11_PLEASE.npy;PLEASE 12_PLEASE.npy;PLEASE 13_PLEASE.npy;PLEASE 14_PLEASE.npy;PLEASE 15_PLEASE.npy;PLEASE 16_PLEASE.npy;PLEASE 17_PLEASE.npy;PLEASE 18_PLEASE.npy;PLEASE 19_PLEASE.npy;PLEASE 2_PLEASE.npy;PLEASE 20_PLEASE.npy;PLEASE 21_PLEASE.npy;PLEASE 22_PLEASE.npy;PLEASE 23_PLEASE.npy;PLEASE 24_PLEASE.npy;PLEASE 25_PLEASE.npy;PLEASE 26_PLEASE.npy;PLEASE 27_PLEASE.npy;PLEASE 28_PLEASE.npy;PLEASE 29_PLEASE.npy;PLEASE 3_PLEASE.npy;PLEASE 30_PLEASE.npy;PLEASE 31_PLEASE.npy;PLEASE 4_PLEASE.npy;PLEASE 5_PLEASE.npy;PLEASE 6_PLEASE.npy;PLEASE 7_PLEASE.npy;PLEASE 8_PLEASE.npy;PLEASE 9_PLEASE.npy
PRACTICE,31,PRACTICE 1.npy;PRACTICE 10.npy;PRACTICE 11.npy;PRACTICE 12.npy;PRACTICE 13.npy;PRACTICE 14.npy;PRACTICE 15.npy;PRACTICE 16.npy;PRACTICE 17.npy;PRACTICE 18.npy;PRACTICE 19.npy;PRACTICE 2.npy;PRACTICE 20.npy;PRACTICE 21.npy;PRACTICE 22.npy;PRACTICE 23.npy;PRACTICE 24.npy;PRACTICE 25.npy;PRACTICE 26.npy;PRACTICE 27.npy;PRACTICE 28.npy;PRACTICE 29.npy;PRACTICE 3.npy;PRACTICE 30.npy;PRACTICE 31.npy;PRACTICE 4.npy;PRACTICE 5.npy;PRACTICE 6.npy;PRACTICE 7.npy;PRACTICE 8.npy;PRACTICE 9.npy
READY,30,READY 1.npy;READY 10.npy;READY 11.npy;READY 12.npy;READY 13.npy;READY 14.npy;READY 15.npy;READY 16.npy;READY 17.npy;READY 18.npy;READY 19.npy;READY 2.npy;READY 20.npy;READY 21.npy;READY 22.npy;READY 23.npy;READY 24.npy;READY 25.npy;READY 26.npy;READY 27.npy;READY 28.npy;READY 29.npy;READY 3.npy;READY 30.npy;READY 4.npy;READY 5.npy;READY 6.npy;READY 7.npy;READY 8.npy;READY 9.npy
RIGHT,94,RIGHT 1.npy;RIGHT 10.npy;RIGHT 11.npy;RIGHT 12.npy;RIGHT 13.npy;RIGHT 14.npy;RIGHT 15.npy;RIGHT 16.npy;RIGHT 17.npy;RIGHT 18.npy;RIGHT 19.npy;RIGHT 2.npy;RIGHT 20.npy;RIGHT 21.npy;RIGHT 22.npy;RIGHT 23.npy;RIGHT 24.npy;RIGHT 25.npy;RIGHT 26.npy;RIGHT 27.npy;RIGHT 28.npy;RIGHT 29.npy;RIGHT 3.npy;RIGHT 30.npy;RIGHT 31.npy;RIGHT 32.npy;RIGHT 33.npy;RIGHT 34.npy;RIGHT 35.npy;RIGHT 36.npy;RIGHT 37.npy;RIGHT 38.npy;RIGHT 39.npy;RIGHT 4.npy;RIGHT 40.npy;RIGHT 41.npy;RIGHT 42.npy;RIGHT 43.npy;RIGHT 44.npy;RIGHT 45.npy;RIGHT 46.npy;RIGHT 47.npy;RIGHT 48.npy;RIGHT 49.npy;RIGHT 5.npy;RIGHT 50.npy;RIGHT 51.npy;RIGHT 52.npy;RIGHT 53.npy;RIGHT 54.npy;RIGHT 55.npy;RIGHT 56.npy;RIGHT 57.npy;RIGHT 58.npy;RIGHT 59.npy;RIGHT 6.npy;RIGHT 60.npy;RIGHT 61.npy;RIGHT 62.npy;RIGHT 63.npy;RIGHT 64.npy;RIGHT 65.npy;RIGHT 66.npy;RIGHT 67.npy;RIGHT 68.npy;RIGHT 69.npy;RIGHT 7.npy;RIGHT 70.npy;RIGHT 71.npy;RIGHT 72.npy;RIGHT 73.npy;RIGHT 74.npy;RIGHT 75.npy;RIGHT 76.npy;RIGHT 77.npy;RIGHT 78.npy;RIGHT 79.npy;RIGHT 8.npy;RIGHT 80.npy;RIGHT 81.npy;RIGHT 82.npy;RIGHT 83.npy;RIGHT 84.npy;RIGHT 85.npy;RIGHT 86.npy;RIGHT 87.npy;RIGHT 88.npy;RIGHT 89.npy;RIGHT 9.npy;RIGHT 90.npy;RIGHT 91.npy;RIGHT 92.npy;RIGHT 93.npy;RIGHT 94.npy
SELF,31,SELF 1.npy;SELF 10.npy;SELF 11.npy;SELF 12.npy;SELF 13.npy;SELF 14.npy;SELF 15.npy;SELF 16.npy;SELF 17.npy;SELF 18.npy;SELF 19.npy;SELF 2.npy;SELF 20.npy;SELF 21.npy;SELF 22.npy;SELF 23.npy;SELF 24.npy;SELF 25.npy;SELF 26.npy;SELF 27.npy;SELF 28.npy;SELF 29.npy;SELF 3.npy;SELF 30.npy;SELF 31.npy;SELF 4.npy;SELF 5.npy;SELF 6.npy;SELF 7.npy;SELF 8.npy;SELF 9.npy
SHOP,63,SHOP 1_SHOP.npy;SHOP 10_SHOP.npy;SHOP 11_SHOP.npy;SHOP 12_SHOP.npy;SHOP 13_SHOP.npy;SHOP 14_SHOP.npy;SHOP 15_SHOP.npy;SHOP 16_SHOP.npy;SHOP 17_SHOP.npy;SHOP 18_SHOP.npy;SHOP 19_SHOP.npy;SHOP 2_SHOP.npy;SHOP 20_SHOP.npy;SHOP 21_SHOP.npy;SHOP 22_SHOP.npy;SHOP 23_SHOP.npy;SHOP 24_SHOP.npy;SHOP 25_SHOP.npy;SHOP 26_SHOP.npy;SHOP 27_SHOP.npy;SHOP 28_SHOP.npy;SHOP 29_SHOP.npy;SHOP 3_SHOP.npy;SHOP 30_SHOP.npy;SHOP 31_SHOP.npy;SHOP 32_SHOP.npy;SHOP 33_SHOP.npy;SHOP 34_SHOP.npy;SHOP 35_SHOP.npy;SHOP 36_SHOP.npy;SHOP 37_SHOP.npy;SHOP 38_SHOP.npy;SHOP 39_SHOP.npy;SHOP 4_SHOP.npy;SHOP 40_SHOP.npy;SHOP 41_SHOP.npy;SHOP 42_SHOP.npy;SHOP 43_SHOP.npy;SHOP 44_SHOP.npy;SHOP 45_SHOP.npy;SHOP 46_SHOP.npy;SHOP 47_SHOP.npy;SHOP 48_SHOP.npy;SHOP 49_SHOP.npy;SHOP 5_SHOP.npy;SHOP 50_SHOP.npy;SHOP 51_SHOP.npy;SHOP 52_SHOP.npy;SHOP 53_SHOP.npy;SHOP 54_SHOP.npy;SHOP 55_SHOP.npy;SHOP 56_SHOP.npy;SHOP 57_SHOP.npy;SHOP 58_SHOP.npy;SHOP 59_SHOP.npy;SHOP 6_SHOP.npy;SHOP 60_SHOP.npy;SHOP 61_SHOP.npy;SHOP 62_SHOP.npy;SHOP 63_SHOP.npy;SHOP 7_SHOP.npy;SHOP 8_SHOP.npy;SHOP 9_SHOP.npy
SHY,31,SHY 1.npy;SHY 10.npy;SHY 11.npy;SHY 12.npy;SHY 13.npy;SHY 14.npy;SHY 15.npy;SHY 16.npy;SHY 17.npy;SHY 18.npy;SHY 19.npy;SHY 2.npy;SHY 20.npy;SHY 21.npy;SHY 22.npy;SHY 23.npy;SHY 24.npy;SHY 25.npy;SHY 26.npy;SHY 27.npy;SHY 28.npy;SHY 29.npy;SHY 3.npy;SHY 30.npy;SHY 31.npy;SHY 4.npy;SHY 5.npy;SHY 6.npy;SHY 7.npy;SHY 8.npy;SHY 9.npy
SLEEP,30,SLEEP 1_SLEEP.npy;SLEEP 10_SLEEP.npy;SLEEP 11_SLEEP.npy;SLEEP 12_SLEEP.npy;SLEEP 13_SLEEP.npy;SLEEP 14_SLEEP.npy;SLEEP 15_SLEEP.npy;SLEEP 16_SLEEP.npy;SLEEP 17_SLEEP.npy;SLEEP 18_SLEEP.npy;SLEEP 19_SLEEP.npy;SLEEP 2_SLEEP.npy;SLEEP 20_SLEEP.npy;SLEEP 21_SLEEP.npy;SLEEP 22_SLEEP.npy;SLEEP 23_SLEEP.npy;SLEEP 24_SLEEP.npy;SLEEP 25_SLEEP.npy;SLEEP 26_SLEEP.npy;SLEEP 27_SLEEP.npy;SLEEP 28_SLEEP.npy;SLEEP 29_SLEEP.npy;SLEEP 3_SLEEP.npy;SLEEP 30_SLEEP.npy;SLEEP 4_SLEEP.npy;SLEEP 5_SLEEP.npy;SLEEP 6_SLEEP.npy;SLEEP 7_SLEEP.npy;SLEEP 8_SLEEP.npy;SLEEP 9_SLEEP.npy
START,30,START 1_START.npy;START 10_START.npy;START 11_START.npy;START 12_START.npy;START 13_START.npy;START 14_START.npy;START 15_START.npy;START 16_START.npy;START 17_START.npy;START 18_START.npy;START 19_START.npy;START 2_START.npy;START 20_START.npy;START 21_START.npy;START 22_START.npy;START 23_START.npy;START 24_START.npy;START 25_START.npy;START 26_START.npy;START 27_START.npy;START 28_START.npy;START 29_START.npy;START 3_START.npy;START 30_START.npy;START 4_START.npy;START 5_START.npy;START 6_START.npy;START 7_START.npy;START 8_START.npy;START 9_START.npy
TAKE CARE,32,TAKE CARE 1.npy;TAKE CARE 10.npy;TAKE CARE 11.npy;TAKE CARE 12.npy;TAKE CARE 13.npy;TAKE CARE 14.npy;TAKE CARE 15.npy;TAKE CARE 16.npy;TAKE CARE 17.npy;TAKE CARE 18.npy;TAKE CARE 19.npy;TAKE CARE 2.npy;TAKE CARE 20.npy;TAKE CARE 21.npy;TAKE CARE 22.npy;TAKE CARE 23.npy;TAKE CARE 24.npy;TAKE CARE 25.npy;TAKE CARE 26.npy;TAKE CARE 27.npy;TAKE CARE 28.npy;TAKE CARE 29.npy;TAKE CARE 3.npy;TAKE CARE 30.npy;TAKE CARE 31.npy;TAKE CARE 32.npy;TAKE CARE 4.npy;TAKE CARE 5.npy;TAKE CARE 6.npy;TAKE CARE 7.npy;TAKE CARE 8.npy;TAKE CARE 9.npy
THANK YOU,31,THANK YOU 1_THANK YOU.npy;THANK YOU 10_THANK YOU.npy;THANK YOU 11_THANK YOU.npy;THANK YOU 12_THANK YOU.npy;THANK YOU 13_THANK YOU.npy;THANK YOU 14_THANK YOU.npy;THANK YOU 15_THANK YOU.npy;THANK YOU 16_THANK YOU.npy;THANK YOU 17_THANK YOU.npy;THANK YOU 18_THANK YOU.npy;THANK YOU 19_THANK YOU.npy;THANK YOU 2_THANK YOU.npy;THANK YOU 20_THANK YOU.npy;THANK YOU 21_THANK YOU.npy;THANK YOU 22_THANK YOU.npy;THANK YOU 23_THANK YOU.npy;THANK YOU 24_THANK YOU.npy;THANK YOU 25_THANK YOU.npy;THANK YOU 26_THANK YOU.npy;THANK YOU 27_THANK YOU.npy;THANK YOU 28_THANK YOU.npy;THANK YOU 29_THANK YOU.npy;THANK YOU 3_THANK YOU.npy;THANK YOU 30_THANK YOU.npy;THANK YOU 31_THANK YOU.npy;THANK YOU 4_THANK YOU.npy;THANK YOU 5_THANK YOU.npy;THANK YOU 6_THANK YOU.npy;THANK YOU 7_THANK YOU.npy;THANK YOU 8_THANK YOU.npy;THANK YOU 9_THANK YOU.npy
TIRED,30,TIRED 1_TIRED.npy;TIRED 10_TIRED.npy;TIRED 11_TIRED.npy;TIRED 12_TIRED.npy;TIRED 13_TIRED.npy;TIRED 14_TIRED.npy;TIRED 15_TIRED.npy;TIRED 16_TIRED.npy;TIRED 17_TIRED.npy;TIRED 18_TIRED.npy;TIRED 19_TIRED.npy;TIRED 2_TIRED.npy;TIRED 20_TIRED.npy;TIRED 21_TIRED.npy;TIRED 22_TIRED.npy;TIRED 23_TIRED.npy;TIRED 24_TIRED.npy;TIRED 25_TIRED.npy;TIRED 26_TIRED.npy;TIRED 27_TIRED.npy;TIRED 28_TIRED.npy;TIRED 29_TIRED.npy;TIRED 3_TIRED.npy;TIRED 30_TIRED.npy;TIRED 4_TIRED.npy;TIRED 5_TIRED.npy;TIRED 6_TIRED.npy;TIRED 7_TIRED.npy;TIRED 8_TIRED.npy;TIRED 9_TIRED.npy
TRAVEL,32,TRAVEL 1_TRAVEL.npy;TRAVEL 10_TRAVEL.npy;TRAVEL 11_TRAVEL.npy;TRAVEL 12_TRAVEL.npy;TRAVEL 13_TRAVEL.npy;TRAVEL 14_TRAVEL.npy;TRAVEL 15_TRAVEL.npy;TRAVEL 16_TRAVEL.npy;TRAVEL 17_TRAVEL.npy;TRAVEL 18_TRAVEL.npy;TRAVEL 19_TRAVEL.npy;TRAVEL 2_TRAVEL.npy;TRAVEL 20_TRAVEL.npy;TRAVEL 21_TRAVEL.npy;TRAVEL 22_TRAVEL.npy;TRAVEL 23_TRAVEL.npy;TRAVEL 24_TRAVEL.npy;TRAVEL 25_TRAVEL.npy;TRAVEL 26_TRAVEL.npy;TRAVEL 27_TRAVEL.npy;TRAVEL 28_TRAVEL.npy;TRAVEL 29_TRAVEL.npy;TRAVEL 3_TRAVEL.npy;TRAVEL 30_TRAVEL.npy;TRAVEL 31_TRAVEL.npy;TRAVEL 32_TRAVEL.npy;TRAVEL 4_TRAVEL.npy;TRAVEL 5_TRAVEL.npy;TRAVEL 6_TRAVEL.npy;TRAVEL 7_TRAVEL.npy;TRAVEL 8_TRAVEL.npy;TRAVEL 9_TRAVEL.npy
UP,30,UP 1.npy;UP 10.npy;UP 11.npy;UP 12.npy;UP 13.npy;UP 14.npy;UP 15.npy;UP 16.npy;UP 17.npy;UP 18.npy;UP 19.npy;UP 2.npy;UP 20.npy;UP 21.npy;UP 22.npy;UP 23.npy;UP 24.npy;UP 25.npy;UP 26.npy;UP 27.npy;UP 28.npy;UP 29.npy;UP 3.npy;UP 30.npy;UP 4.npy;UP 5.npy;UP 6.npy;UP 7.npy;UP 8.npy;UP 9.npy
WAIT,30,WAIT 1_WAIT.npy;WAIT 10_WAIT.npy;WAIT 11_WAIT.npy;WAIT 12_WAIT.npy;WAIT 13_WAIT.npy;WAIT 14_WAIT.npy;WAIT 15_WAIT.npy;WAIT 16_WAIT.npy;WAIT 17_WAIT.npy;WAIT 18_WAIT.npy;WAIT 19_WAIT.npy;WAIT 2_WAIT.npy;WAIT 20_WAIT.npy;WAIT 21_WAIT.npy;WAIT 22_WAIT.npy;WAIT 23_WAIT.npy;WAIT 24_WAIT.npy;WAIT 25_WAIT.npy;WAIT 26_WAIT.npy;WAIT 27_WAIT.npy;WAIT 28_WAIT.npy;WAIT 29_WAIT.npy;WAIT 3_WAIT.npy;WAIT 30_WAIT.npy;WAIT 4_WAIT.npy;WAIT 5_WAIT.npy;WAIT 6_WAIT.npy;WAIT 7_WAIT.npy;WAIT 8_WAIT.npy;WAIT 9_WAIT.npy
WASH,62,WASH 1.npy;WASH 10.npy;WASH 11.npy;WASH 12.npy;WASH 13.npy;WASH 14.npy;WASH 15.npy;WASH 16.npy;WASH 17.npy;WASH 18.npy;WASH 19.npy;WASH 2.npy;WASH 20.npy;WASH 21.npy;WASH 22.npy;WASH 23.npy;WASH 24.npy;WASH 25.npy;WASH 26.npy;WASH 27.npy;WASH 28.npy;WASH 29.npy;WASH 3.npy;WASH 30.npy;WASH 31.npy;WASH 32.npy;WASH 33.npy;WASH 34.npy;WASH 35.npy;WASH 36.npy;WASH 37.npy;WASH 38.npy;WASH 39.npy;WASH 4.npy;WASH 40.npy;WASH 41.npy;WASH 42.npy;WASH 43.npy;WASH 44.npy;WASH 45.npy;WASH 46.npy;WASH 47.npy;WASH 48.npy;WASH 49.npy;WASH 5.npy;WASH 50.npy;WASH 51.npy;WASH 52.npy;WASH 53.npy;WASH 54.npy;WASH 55.npy;WASH 56.npy;WASH 57.npy;WASH 58.npy;WASH 59.npy;WASH 6.npy;WASH 60.npy;WASH 61.npy;WASH 62.npy;WASH 7.npy;WASH 8.npy;WASH 9.npy
WELCOME,62,WELCOME 1.npy;WELCOME 10.npy;WELCOME 11.npy;WELCOME 12.npy;WELCOME 13.npy;WELCOME 14.npy;WELCOME 15.npy;WELCOME 16.npy;WELCOME 17.npy;WELCOME 18.npy;WELCOME 19.npy;WELCOME 2.npy;WELCOME 20.npy;WELCOME 21.npy;WELCOME 22.npy;WELCOME 23.npy;WELCOME 24.npy;WELCOME 25.npy;WELCOME 26.npy;WELCOME 27.npy;WELCOME 28.npy;WELCOME 29.npy;WELCOME 3.npy;WELCOME 30.npy;WELCOME 31.npy;WELCOME 32.npy;WELCOME 33.npy;WELCOME 34.npy;WELCOME 35.npy;WELCOME 36.npy;WELCOME 37.npy;WELCOME 38.npy;WELCOME 39.npy;WELCOME 4.npy;WELCOME 40.npy;WELCOME 41.npy;WELCOME 42.npy;WELCOME 43.npy;WELCOME 44.npy;WELCOME 45.npy;WELCOME 46.npy;WELCOME 47.npy;WELCOME 48.npy;WELCOME 49.npy;WELCOME 5.npy;WELCOME 50.npy;WELCOME 51.npy;WELCOME 52.npy;WELCOME 53.npy;WELCOME 54.npy;WELCOME 55.npy;WELCOME 56.npy;WELCOME 57.npy;WELCOME 58.npy;WELCOME 59.npy;WELCOME 6.npy;WELCOME 60.npy;WELCOME 61.npy;WELCOME 62.npy;WELCOME 7.npy;WELCOME 8.npy;WELCOME 9.npy
