{
  "total_videos": 5568,
  "mean_length": 79.36368534482759,
  "median_length": 71.0,
  "min_length": 15,
  "max_length": 664,
  "std_length": 37.53188428329992,
  "percentiles": {
    "10": 45.0,
    "25": 55.0,
    "50": 71.0,
    "75": 92.0,
    "90": 127.0,
    "95": 157.0,
    "99": 200.32999999999993
  },
  "Gini": 0.2350990415504114,
  "category_counts": {
    "Very Short (1-30)": 69,
    "Short (31-60)": 1804,
    "Medium (61-120)": 3046,
    "Long (121-200)": 593,
    "Very Long (201+)": 56
  }
}